DS100;Fahrwegname;Kosten;Restkosten;Prioritaet;Halteplatzlaenge;Streckenklasse(G|Bis|Ab);KV Profil(G|Bis|Ab);Laenge(m);Fahrzeitrelevante VEs;Routingrelevante VEs;Einfahrt Grenzlast;Ausfahrt Grenzlast;Wagenzugmasse(t) Einfahrt;Wagenzugmasse(t) Ausfahrt
"LMB B";"LMB(Gl6)-80-LMSO";139;1420;100;577;D4|D4|D4;9|9|9;3413;;;1800;1295;250;250;
"LMSO";"LMB(6406)-3-LSB(6406)";139;1355;100;706;D4|D4|D4;9|9|9;3499;;;1295;1800;250;250;
"L5512";"LMSO-LSB";51;1343;100;0;D4||;9||;1400;;;1800;1800;250;250;
"L5517";"LMSO-LSB";44;1342;100;0;D4||;9||;1200;;;1800;1800;250;250;
"LSB G";"LMSO(6406)-3-LSB(6406)";76;1340;100;725;D4|D4|D4;9|9|9;2070;;;1800;1800;250;250;
"LSB";"LMSO-3-LGT 12";52;1352;100;472;D4|D4|D4;9|9|9;1422;;;1800;1800;250;250;
"LSBS";"LSB-LGT";37;1272;100;0;D4||;9||;1000;;;1800;1800;250;250;
"LSBE";"LSB-1-LGT";111;1203;100;640;D4|D4|D4;9|9|9;3000;;;1800;1285;250;250;
"LEGD";"LSB-LGT";111;1131;100;0;D4||;9||;3000;;;1285;1285;250;250;
"LEF";"LSB-1-LGT";166;1027;100;504;D4|D4|D4;9|9|9;4500;;;1285;1285;250;250;
"LFDA";"LSB-LGT";92;889;100;740;D4|D4|D4;9|9|9;2500;;;1285;1800;250;250;
"LFD";"LSB-LGT";66;844;100;0;D4||;9||;1800;;;1800;1800;250;250;
"LLUD";"LSB-LGT";124;724;100;740;D4|D4|D4;9|9|9;3350;;;1800;1800;250;250;
"LSF";"LSB-2-LGT";90;656;100;405;D4|D4|D4;9|9|9;2450;;;1800;1800;250;250;
"LSF G";"LSB-31-LGT";85;626;100;394;D4|D4|D4;9|9|9;2300;;;1800;1705;250;250;
"LN";"LSB-LGT";74;590;100;0;D4||;9||;2000;;;1705;1705;250;250;
"LGT";"LSB-3-LGIA";145;664;100;740;D4|D4|D4;9|9|9;3923;;;1705;1580;250;250;
"LGIA";"LGT-LAL";48;655;100;0;D4||;9||;1300;;;1580;1070;250;250;
"LGI";"LGT-LAL";40;604;100;0;D4||;9||;1100;;;1070;1070;250;250;
"L6514";"LGT-LAL";55;558;100;0;D4||;9||;1500;;;1070;1070;250;250;
"LSIS";"LGT-LAL";107;511;100;0;D4||;9||;2912;;;1070;1070;250;250;
"LAL";"LGT-5/2a-LHB H5";290;373;100;170;D4|D4|D4;9|9|9;7832;;;1070;1545;250;250;
"LFE";"LAL-1-LHB";148;110;100;215;D4|D4|D4;9|9|9;4002;;;1545;1800;250;250;
"LNHM";"LAL-3-LHB";77;0;100;685;D4|D4|D4;9|9|9;4000;;;1800;1800;250;250;

Path Cost;2367
Path Hops;24
Path Length (m);65473
Total Priority;2400
Average Priority;100
Configuration;Alpha=10|Beta=1800|Gamma=500|Rho=10|Timeout=20000
Expanded Nodes;298
Visited Stations;L3220, LBRC, L5528, LSBE, LMB, L0340, L3226, L0130, L0131, L7012, L4126, LM, LMGH, L3316, LFE, LLUD, L5517, L3224, L0341, LGLB, LM  S, LMN, LMGE, LDD, LMRH, LMHR, LGI, LFDA, L7018, LCBO, L5525, L3912, LMSO, LEF, LSB, LSB G, L3227, LWL, L5527, L4116, LFD, L0129, L4215, L7014, LGT, LBAR, L3315, LSF, LSBF, LMB B, L3222, LAL, LNR, LMR, L3225, LSBS, L7013, LBZ, LMS, L5526, L3921, LEGD, L0132, LSIS, LGIA, LSEE, L3922, L3223, LMR F, L7016, LN, L6514, LMEU, LWT, LOL, L3314, L4225, L5512, L3229, L3911, L3317, LSF G, LGND, L7011
Dead ends;
DB version;SKAT_RDS_DEV_DB_2013_R2_16
Elapsed Time (s);0.0203408
