DS100;Fahrwegname;Kosten;Restkosten;Prioritaet;Halteplatzlaenge;Streckenklasse(G|Bis|Ab);KV Profil(G|Bis|Ab);Laenge(m);Fahrzeitrelevante VEs;Routingrelevante VEs;Einfahrt Grenzlast;Ausfahrt Grenzlast;Wagenzugmasse(t) Einfahrt;Wagenzugmasse(t) Ausfahrt
"HBWG";"ABV-HBWU";0;446;100;0;D4||;10||;526;;;9999;9999;600;600;
"HBWU";"ABV(1300)-1-HBH";154;376;100;750;D4|D4|D4;9|9|9;2317;;;9999;2020;600;600;
"HBH";"HB-207-HBHP";111;256;100;750;D4|D4|D4;9|9|9;3004;;;2020;2020;600;600;
"HBHL";"HBH-402-HBHP";88;178;100;0;D4||;9||;2400;;;2020;2020;600;600;
"HBHLA";"HBHL-HBHP";55;128;100;740;D4|D4|D4;9|9|9;1500;;;2020;2020;600;600;
"HBHP";"HBH-172/252/292-HBHSK";294;47;100;750;D4|D4|D4;9|9|9;4713;;;2020;2040;600;600;
"HBHK";"HBHP-HBHSK";0;18;100;0;D4||;10||;2;;;2040;9999;600;600;
"HBHSK";"HBHP-HBHSK6";310;0;76;641;D4|D4|D4;10|10|10;5819;;;9999;9999;600;600;

Path Cost;1012
Path Hops;8
Path Length (m);20281
Total Priority;776
Average Priority;97
Configuration;Alpha=10|Beta=1800|Gamma=500|Rho=10|Timeout=20000
Expanded Nodes;27
Visited Stations;HBH, HBWU, HBHP, HBWG, HBHW, HBIG, HBHLA, HBHK, HSPG, HBHL, HBHWT
Dead ends;
DB version;SKAT_RDS_DEV_DB_2013_R2_16
Elapsed Time (s);0.00170222
