DS100;Fahrwegname;Kosten;Restkosten;Prioritaet;Halteplatzlaenge;Streckenklasse(G|Bis|Ab);KV Profil(G|Bis|Ab);Laenge(m);Fahrzeitrelevante VEs;Routingrelevante VEs;Einfahrt Grenzlast;Ausfahrt Grenzlast;Wagenzugmasse(t) Einfahrt;Wagenzugmasse(t) Ausfahrt
"HSGG";"HSGG-HBDDN";0;10;91;0;D4||;10||;915;;;9999;9999;2000;2000;
"HBDD";"HSGG-387-HGGLO";173;0;100;752;D4|D4|D4;10|10|10;2050;;;9999;4000;2000;2000;

Path Cost;173
Path Hops;2
Path Length (m);2965
Total Priority;191
Average Priority;95
Configuration;Alpha=10|Beta=1800|Gamma=500|Rho=10|Timeout=20000
Expanded Nodes;2
Visited Stations;HSGG
Dead ends;
DB version;SKAT_RDS_DEV_DB_2013_R2_16
Elapsed Time (s);0.000298519
