DS100;Fahrwegname;Kosten;Restkosten;Prioritaet;Halteplatzlaenge;Streckenklasse(G|Bis|Ab);KV Profil(G|Bis|Ab);Laenge(m);Fahrzeitrelevante VEs;Routingrelevante VEs;Einfahrt Grenzlast;Ausfahrt Grenzlast;Wagenzugmasse(t) Einfahrt;Wagenzugmasse(t) Ausfahrt
"KKANO";"KKANS-14-KKANE";0;261;100;591;D4|D4|D4;9|9|9;628;;;1800;1800;900;900;
"KKANE";"KKAN-4-KKM";30;246;100;0;D4||;9||;450;;;1800;1800;900;900;
"KKM";"KKANE-523-KKSH";80;220;100;601;D4|D4|D4;9|9|9;1285;;;1800;1505;900;900;
"KKMN";"KKBH-KKM G";16;143;100;0;D4||;10||;350;;;1505;9999;900;900;
"KKM G";"KKAN-305-KLBY";87;94;100;560;D4|D4|D4;10|10|10;1054;;;9999;9999;900;900;
"KKMG";"KKAN-KLBY";73;57;100;0;D4||;10||;805;;;9999;9999;900;900;
"KLBY";"KKM G-2vlKLBY";561;0;81;720;D4|D4|D4;10|10|10;3307;;;9999;9999;900;900;

Path Cost;847
Path Hops;7
Path Length (m);7879
Total Priority;681
Average Priority;97
Configuration;Alpha=10|Beta=1800|Gamma=500|Rho=10|Timeout=20000
Expanded Nodes;65
Visited Stations;KBAY, KLKS, YKKNR, K003K, KLK, KLMI, E615K, KKMN, K2242, E 613, KLS, K2239, K002D, KLM, KBKS, K001K, E 610, E 611, E612L, K2237, E616B, K 286, K022L, KKM, KLMH, KKANO, K004D, K011K, KLKH, KKMG, K2235, K 285, E 614, E617L, K2240, KKANE, KKSH, KKM G
Dead ends;
DB version;SKAT_RDS_DEV_DB_2013_R2_16
Elapsed Time (s);0.00162116
