DS100;Fahrwegname;Kosten;Restkosten;Prioritaet;Halteplatzlaenge;Streckenklasse(G|Bis|Ab);KV Profil(G|Bis|Ab);Laenge(m);Fahrzeitrelevante VEs;Routingrelevante VEs;Einfahrt Grenzlast;Ausfahrt Grenzlast;Wagenzugmasse(t) Einfahrt;Wagenzugmasse(t) Ausfahrt
"KKRU";"KKRX-3-KMUH";52;735;100;750;D4|D4|D4;9|9|9;2613;;;3000;3000;2200;2200;
"KMUH";"KKRU-KRH";55;612;100;750;D4|D4|D4;9|9|9;1159;;;3000;3000;2200;2200;
"KRH";"KMUH-12-EDHP H2 13";135;527;100;751;D4|D4|D4;9|9|9;3379;;;3000;2350;2200;2200;
"KRHO";"KRH-EDHP";44;441;100;0;D4||;9||;1110;;;2350;2350;2200;2200;
"K001D";"KRH-EDHP";0;409;100;0;D4||;9||;15;;;2350;2350;2200;2200;
"K011D";"KRH-EDHP";2;395;100;0;D4||;9||;55;;;2350;2350;2200;2200;
"K002R";"KRH-EDHP";1;382;100;0;D4||;9||;30;;;2350;2350;2200;2200;
"K022R";"KRH-EDHP";39;369;100;0;D4||;9||;980;;;2350;2350;2200;2200;
"K006R";"KRH-EDHP";1;347;100;0;D4||;9||;40;;;2350;2350;2200;2200;
"EDHP";"KRH-EDHZ";20;331;100;0;D4||;9||;504;;;2350;2350;2200;2200;
"EDHZ";"EDHP-EDG";52;309;100;0;D4||;9||;1307;;;2350;3000;2200;2200;
"EDG";"EDHZ(2312)-08-EDUI";138;244;100;405;D4|D4|D4;9|9|9;3039;;;3000;3000;2200;2200;
"EDUI";"EDG(2320)-ESI(2320)";37;209;100;0;D4||;9||;600;;;3000;3000;2200;2200;
"ESI";"EDUI-ERTL";70;135;100;700;D4|D4|D4;9|9|9;1205;;;3000;3000;2200;2200;
"ERTL";"ESI-EOBRS";81;111;100;0;D4||;9||;1800;;;3000;3000;2200;2200;
"EOBRS";"RTL-OBRW(2320)";75;98;100;0;D4||;9||;904;;;3000;3000;2200;2200;
"EOBRW";"OBRS-OBRM(52)";72;70;100;0;D4||;9||;793;;;3000;3000;2200;2200;
"EOBRM";"OBRW52-OBRO68";32;0;100;593;D4|D4|D4;9|9|9;1214;;;3000;3000;2200;2200;

Path Cost;906
Path Hops;18
Path Length (m);20747
Total Priority;1800
Average Priority;100
Configuration;Alpha=10|Beta=1800|Gamma=500|Rho=10|Timeout=20000
Expanded Nodes;86
Visited Stations;EDHZ, EOBRS, EDG, EDHDO, K002R, E 6O, EDHP, EKOL, ERTL, KMUH, EKAI, K001D, EOBRW, K011D, KKRU, E 113, E804T, K006R, E 403, E111O, EMAF, KRHO, E 34F, KKRX, ELOT, E803, ESI, EDUI, E103I, K022R, E112O, E 5O, E104I, E 114, E 954, KRH
Dead ends;
DB version;SKAT_RDS_DEV_DB_2013_R2_16
Elapsed Time (s);0.00708468
