DS100;Fahrwegname;Kosten;Restkosten;Prioritaet;Halteplatzlaenge;Streckenklasse(G|Bis|Ab);KV Profil(G|Bis|Ab);Laenge(m);Fahrzeitrelevante VEs;Routingrelevante VEs;Einfahrt Grenzlast;Ausfahrt Grenzlast;Wagenzugmasse(t) Einfahrt;Wagenzugmasse(t) Ausfahrt
"EDWDS";"KDR-195-EDWD";49;463;100;862;D4|D4|D4;9|9|9;1200;;;9999;9999;1600;1600;
"EDBI";"EDEF-3- EDWD";47;423;100;0;D4||;9||;900;;;9999;2400;1600;1600;
"EDWD";"EDBI(2324)-3-ELOT";128;307;100;452;D4|D4|D4;9|9|9;2704;;;2400;2400;1600;1600;
"ELOT";"EDWDW-SBK 5";113;184;100;0;D4||;9||;2504;;;2400;2400;1600;1600;
"E 5O";"ELOT-E 6O";31;157;100;0;D4||;9||;700;;;2400;2400;1600;1600;
"E 6O";"E 5O-ERTL";44;139;100;0;D4||;9||;976;;;2400;2400;1600;1600;
"ERTL";"SBK 5-EOBRS";81;125;100;0;D4||;9||;1800;;;2400;2400;1600;1600;
"EOBRS";"RTL-OBRW(2320)";75;110;100;0;D4||;9||;904;;;2400;2400;1600;1600;
"EOBRW";"OBRS-OBRM(46)";71;79;100;0;D4||;9||;783;;;2400;2400;1600;1600;
"EOBRM";"OBRW46-OBRO67";82;0;20;740;D4|D4|D4;9|9|9;1213;;;2400;2400;1600;1600;

Path Cost;721
Path Hops;10
Path Length (m);13684
Total Priority;920
Average Priority;92
Configuration;Alpha=10|Beta=1800|Gamma=500|Rho=10|Timeout=20000
Expanded Nodes;52
Visited Stations;EDHZ, EOBRS, EDHDO, E 6O, EDWD, EDWDP, ERTL, EDWDS, EOBRW, EDBI, E111O, EMAF, E 34F, EDEF, ELOT, ESI, E0303, E112O, E 5O, E0402
Dead ends;
DB version;SKAT_RDS_DEV_DB_2013_R2_16
Elapsed Time (s);0.00324189
