DS100;Fahrwegname;Kosten;Restkosten;Prioritaet;Halteplatzlaenge;Streckenklasse(G|Bis|Ab);KV Profil(G|Bis|Ab);Laenge(m);Fahrzeitrelevante VEs;Routingrelevante VEs;Einfahrt Grenzlast;Ausfahrt Grenzlast;Wagenzugmasse(t) Einfahrt;Wagenzugmasse(t) Ausfahrt
"HSBG";"HSBG(VPS)-HSRI";6;1575;91;0;D4||;10||;1225;;;9999;9999;600;600;
"HSB";"HSBG(VPS)-2-HSRI";125;1391;100;662;D4|D4|D4;10|10|10;2252;;;9999;1365;600;600;
"HSRI";"HSB-6-HSSN";618;1022;100;0;D4||;10||;13600;;;1365;1165;600;600;
"HNHA";"HSRI-303-HSSN";318;507;100;560;D4|D4|D4;10|10|10;7000;;;1165;1400;600;600;
"HSSN";"HNHA-4-HHB";261;196;100;370;D4|D4|D4;10|10|10;5752;;;1400;1400;600;600;
"HMHZ";"HSSN-23-HHB";298;0;80;573;D4|D4|D4;10|10|10;5400;;;1400;970;600;600;

Path Cost;1626
Path Hops;6
Path Length (m);35229
Total Priority;571
Average Priority;95
Configuration;Alpha=10|Beta=1800|Gamma=500|Rho=10|Timeout=20000
Expanded Nodes;7
Visited Stations;HSB, HSSN, HNHA, HSBG, HSRI
Dead ends;
DB version;SKAT_RDS_DEV_DB_2013_R2_16
Elapsed Time (s);0.000785793
