DS100;Fahrwegname;Kosten;Restkosten;Prioritaet;Halteplatzlaenge;Streckenklasse(G|Bis|Ab);KV Profil(G|Bis|Ab);Laenge(m);Fahrzeitrelevante VEs;Routingrelevante VEs;Einfahrt Grenzlast;Ausfahrt Grenzlast;Wagenzugmasse(t) Einfahrt;Wagenzugmasse(t) Ausfahrt
"BHUL";"451-BMOA";244;914;91;458;D4|D4|D4;9|9|9;897;;;9999;1320;1200;1200;
"BMOA";"BHUL-444/501-BWD";155;859;100;515;D4|D4|D4;9|9|9;2485;;;1320;3425;1200;1200;
"BJUF";"BMOA-501-BWD";43;797;100;0;D4||;9||;950;;;3425;3425;1200;1200;
"B8408";"BMOA-BWD";0;751;100;0;D4||;9||;10;;;3425;3425;1200;1200;
"B8406";"BMOA-BWD";24;733;100;0;D4||;9||;540;;;3425;3425;1200;1200;
"B8405";"BMOA-BWD";0;691;100;0;D4||;9||;5;;;3425;3425;1200;1200;
"B8407";"BMOA-BWD";31;647;100;0;D4||;9||;695;;;3425;3425;1200;1200;
"BWD";"BMOA-1501/521-BSPDO";122;582;100;0;D4||;9||;2700;;;3425;2340;1200;1200;
"BSPDO";"BWD-R-554-BSPD";68;518;100;0;D4||;9||;1499;;;2340;2565;1200;1200;
"BSPDM";"BSPDO-5441-BSPD";36;462;100;0;D4||;9||;800;;;2565;2565;1200;1200;
"BSPD";"BSPDM-714-BNDM H140";56;422;100;491;D4|D4|D4;9|9|9;1240;;;2565;2565;1200;1200;
"BSPDW";"BSPD-714-U-BNDM";34;380;100;0;D4||;9||;760;;;2565;2565;1200;1200;
"B8711";"BSPDW-U-BNDM";63;276;100;0;D4||;9||;1400;;;2565;2565;1200;1200;
"BNDM";"BSPDW-U-S-BSTA";53;199;100;0;D4||;9||;1184;;;2565;3615;1200;1200;
"BSTAB";"BNDM-BWUR";59;118;100;0;D4||;9||;1300;;;3615;3615;1200;1200;
"BQSTG";"BNDM-BWUR";4;77;100;0;D4||;9||;100;;;3615;3615;1200;1200;
"BSTA";"BNDM-501/505-BWUR";163;45;100;0;D4||;9||;3600;;;3615;3615;1200;1200;
"BDL";"BSTA-BWUR";43;53;100;0;D4||;9||;950;;;3615;3615;1200;1200;
"BWURO";"BSTA-BWURE";67;108;100;0;D4||;9||;1490;;;3615;9999;1200;1200;
"BWUG";"BWURO-BWURE";5;67;100;0;D4||;9||;60;;;9999;9999;1200;1200;
"BWURE";"BSTA-9";272;0;79;615;D4|D4|D4;10|10|10;1001;;;9999;9999;1200;1200;

Path Cost;1542
Path Hops;21
Path Length (m);23666
Total Priority;2070
Average Priority;98
Configuration;Alpha=10|Beta=1800|Gamma=500|Rho=10|Timeout=20000
Expanded Nodes;141
Visited Stations;BCHG, B8415, B8731, BHUL, B8407, BSPD, B7253, B7145, BSTA, BQSTA, BSPDM, BSPG, B8406, BGD S, B8417, B8734, B7143, BQSTG, BHLRN, B8711, B8418, BRUH, B8405, B7252, B7251, BFIN, B7146, BNDM, BSFD, BDL, BQAS, BAS, B8416, B8733, BWD, BWUG, BGD R, BJUF, B8408, B7144, BSPDW, BSPDO, BWURO, BFKS, B7148, BMOA, B7254, BSTAB
Dead ends;
DB version;SKAT_RDS_DEV_DB_2013_R2_16
Elapsed Time (s);0.00931012
