DS100;Fahrwegname;Kosten;Restkosten;Prioritaet;Halteplatzlaenge;Streckenklasse(G|Bis|Ab);KV Profil(G|Bis|Ab);Laenge(m);Fahrzeitrelevante VEs;Routingrelevante VEs;Einfahrt Grenzlast;Ausfahrt Grenzlast;Wagenzugmasse(t) Einfahrt;Wagenzugmasse(t) Ausfahrt
"EOBRO";"EOBRM-68-EOBN";38;313;100;810;D4|D4|D4;9|9|9;900;;;1400;1400;1000;1000;
"EOB N";"EOBRO-EOBU GR";141;325;30;0;D4||;9||;1494;;;1400;1400;1000;1000;
"EOBU";"EOB N-801-EDHB";126;157;100;681;D4|D4|D4;9|9|9;2400;;;1400;1400;1000;1000;
"EDHB";"EOBU-3-EWLS";158;0;100;750;D4|D4|D4;9|9|9;5092;;;1400;1400;1000;1000;

Path Cost;463
Path Hops;4
Path Length (m);9886
Total Priority;330
Average Priority;82
Configuration;Alpha=10|Beta=1800|Gamma=500|Rho=10|Timeout=20000
Expanded Nodes;22
Visited Stations;EOBU, EOB N, EOBRB, EOBRO
Dead ends;
DB version;SKAT_RDS_DEV_DB_2013_R2_16
Elapsed Time (s);0.00145041
