DS100;Fahrwegname;Kosten;Restkosten;Prioritaet;Halteplatzlaenge;Streckenklasse(G|Bis|Ab);KV Profil(G|Bis|Ab);Laenge(m);Fahrzeitrelevante VEs;Routingrelevante VEs;Einfahrt Grenzlast;Ausfahrt Grenzlast;Wagenzugmasse(t) Einfahrt;Wagenzugmasse(t) Ausfahrt
"LOE";"HVOR(6107)-2-LMGA(6185)";775;4665;100;740;D4|D4|D4;9|9|9;20968;;;3000;3000;2000;2000;
"LGAU";"LOE(T)-LMGA(T)";897;3489;100;0;D4||;9||;22428;;;3000;3000;2000;2000;
"LMGA";"LOE(6185)(T)-S225-LS(6107)(R)";464;2680;100;0;D4||;9||;11613;;;3000;3000;2000;2000;
"LMGN";"LMGA-R-LS";152;2538;100;0;D4||;9||;3800;;;3000;3000;2000;2000;
"LS  G";"LMGA-702/602-LS";164;2334;100;415;D4|D4|D4;9|9|9;4120;;;3000;3000;2000;2000;
"LS";"LSG-2/202-LBIN";135;2200;100;489;D4|D4|D4;9|9|9;3390;;;3000;3000;2000;2000;
"LBIN";"LS(6107)(R)-3-LSTL(6428)";123;2054;100;0;D4||;9||;3095;;;3000;3000;2000;2000;
"LSTL";"LBIN-LSHH";102;1803;100;0;D4||;9||;2565;;;3000;3000;2000;2000;
"LSHH";"LSTL(T)-LRW(T)";546;1528;100;740;D4|D4|D4;9|9|9;13660;;;3000;3000;2000;2000;
"LQRW";"LSHH-T-LRW";1;1265;100;0;D4||;9||;40;;;3000;3000;2000;2000;
"LRW";"LSHH(T)(6185)-2-LBM(T)";640;867;100;740;D4|D4|D4;9|9|9;16000;;;3000;3000;2000;2000;
"LBM";"LRW-T-LNS";152;699;100;740;D4|D4|D4;9|9|9;3800;;;3000;3000;2000;2000;
"LNS";"LBM(R)-804-LBOW(R)";220;491;100;740;D4|D4|D4;9|9|9;5500;;;3000;3000;2000;2000;
"L7740";"LBM(R)-LBOW(R)";58;373;100;0;D4||;9||;1470;;;3000;3000;2000;2000;
"L7541";"LBM(R)-LBOW(R)";61;249;100;0;D4||;9||;1530;;;3000;3000;2000;2000;
"LBOW";"LNS(R)-704-LRIK(R)";208;145;100;303;D4|D4|D4;9|9|9;5200;;;3000;3000;2000;2000;
"LRIK";"LBOW(R)-BWUSN(T)";35;0;100;740;D4|D4|D4;9|9|9;12790;;;3000;3000;2000;2000;

Path Cost;4733
Path Hops;17
Path Length (m);131969
Total Priority;1700
Average Priority;100
Configuration;Alpha=10|Beta=1800|Gamma=500|Rho=10|Timeout=20000
Expanded Nodes;30
Visited Stations;LMGA, LBM, L7740, LMGN, LOE, LRW, LQOE, YLHOV, LS, LS  G, LBOW, LBIN, LQRW, L7541, LSTL, LNS, LGAU, LSHH
Dead ends;
DB version;SKAT_RDS_DEV_DB_2013_R2_16
Elapsed Time (s);0.00292085
