<?xml version="1.0" encoding="UTF-8"?><SOAP-ENV:Envelope xmlns:SOAP-ENV="http://schemas.xmlsoap.org/soap/envelope/" xmlns:SOAP-ENC="http://schemas.xmlsoap.org/soap/encoding/" xmlns:xsi="http://www.w3.org/2001/XMLSchema-instance" xmlns:xsd="http://www.w3.org/2001/XMLSchema" xmlns:QCommonServiceVersionierung="http://dbnetze.com/Querschnitt/CommonService/Versionierung/V01" xmlns:ISFahrplanTrassenMgmtRV="http://dbnetze.com/IS/Fahrplan/TrassenMgmt/RV/V01" xmlns:QCommonServiceBemerkung="http://dbnetze.com/Querschnitt/CommonService/Bemerkung/V01" xmlns:QCommonService="http://dbnetze.com/Querschnitt/CommonService/V01" xmlns:ISFahrplanTrassenMgmtZuggattungen="http://dbnetze.com/IS/Fahrplan/TrassenMgmt/Zuggattungen/V02" xmlns:ISFahrplanTrassenMgmtGefahrgut="http://dbnetze.com/IS/Fahrplan/TrassenMgmt/Gefahrgut/V02" xmlns:ISFahrplanTrassenMgmtZugsicherungstechnik="http://dbnetze.com/IS/Fahrplan/TrassenMgmt/Zugsicherungstechnik/V02" xmlns:QCommonServiceVerkehrstageregelung="http://dbnetze.com/Querschnitt/CommonService/Verkehrstageregelung/V02" xmlns:QCommonServiceBasic="http://dbnetze.com/Querschnitt/CommonService/Basic/V02" xmlns:QCommonServiceTexttypen="http://dbnetze.com/Querschnitt/CommonService/Texttypen/V01" xmlns:KNProduktMgmtTrassenPreisInformation="http://dbnetze.com/KNDInterakt/ProduktMgmt/TrassenPreisInformation/V01" xmlns:ISFahrplanTrassenMgmtTrassenverwaltungLaufpunktDaten="http://dbnetze.com/IS/Fahrplan/TrassenMgmt/Trassenverwaltung/LaufpunktDaten/V01" xmlns:ISISDatenISDVerwaltungAllgemeineObjekteBasic="http://dbnetze.com/IS/ISDaten/ISDVerwaltung/AllgemeineObjekte/Basic/V02" xmlns:ISFahrplanTrassenMgmtZugcharakteristik="http://dbnetze.com/IS/Fahrplan/TrassenMgmt/Zugcharakteristik/V02" xmlns:QCommonServiceAdresseBasic="http://dbnetze.com/Querschnitt/CommonService/Adresse/Basic/V02" xmlns:ISISDatenISDVerwaltungOberbauBasic="http://dbnetze.com/IS/ISDaten/ISDVerwaltung/Oberbau/Basic/V01" xmlns:QCommonServiceZahlentypen="http://dbnetze.com/Querschnitt/CommonService/Zahlentypen/V01" xmlns:QPersonalMgmtBasic="http://dbnetze.com/Querschnitt/PersonalMgmt/Basic/V01" xmlns:QCommonServiceTechnicalHeader="http://dbnetze.com/Querschnitt/CommonService/TechnicalHeader/V03" xmlns:QCommonServiceServiceException="http://dbnetze.com/Querschnitt/CommonService/ServiceException/V03" xmlns:ISFahrplanTrassenMgmtRoute="http://dbnetze.com/IS/Fahrplan/TrassenMgmt/Route/V01" xmlns:QCommonServiceWertelisten="http://dbnetze.com/Querschnitt/CommonService/Wertelisten/V03" xmlns:ISFahrplanTrassenMgmtSzenario="http://dbnetze.com/IS/Fahrplan/TrassenMgmt/Szenario/V01" xmlns:ISFahrplanTrassenMgmtFahrlage="http://dbnetze.com/IS/Fahrplan/TrassenMgmt/Fahrlage/V02" xmlns:ISFahrplanBasic="http://dbnetze.com/IS/Fahrplan/Basic/V02" xmlns:ISISDatenISDVerwaltungOrdnungsrahmenBasic="http://dbnetze.com/IS/ISDaten/ISDVerwaltung/Ordnungsrahmen/Basic/V01" xmlns:QCommonServiceBasisObjekte="http://dbnetze.com/Querschnitt/CommonService/BasisObjekte/V01" xmlns:ISFahrplanTrassenMgmtZugLaufpunktAngaben="http://dbnetze.com/IS/Fahrplan/TrassenMgmt/ZugLaufpunktAngaben/V02" xmlns:ISFahrplanTrassenMgmtTrassenverwaltungZugLaufpunktDaten="http://dbnetze.com/IS/Fahrplan/TrassenMgmt/Trassenverwaltung/ZugLaufpunktDaten/V02" xmlns:ISFahrplanTrassenMgmtTrassenverwaltungTaktUndLinien="http://dbnetze.com/IS/Fahrplan/TrassenMgmt/Trassenverwaltung/TaktUndLinien/V01" xmlns:KNProduktMgmtBasic="http://dbnetze.com/KNDInterakt/ProduktMgmt/Basic/V01" xmlns:ISISDatenISDVerwaltungGeometrieBasic="http://dbnetze.com/IS/ISDaten/ISDVerwaltung/Geometrie/Basic/V01" xmlns:ISISDatenISDVerwaltungGeometrie="http://dbnetze.com/IS/ISDaten/ISDVerwaltung/Geometrie/V01" xmlns:QPersonalMgmt="http://dbnetze.com/Querschnitt/PersonalMgmt/V01" xmlns:QCommonServiceFachschluessel="http://dbnetze.com/Querschnitt/CommonService/Fachschluessel/V02" xmlns:ISFahrplanTrassenMgmtTrassenlaufpunktAngaben="http://dbnetze.com/IS/Fahrplan/TrassenMgmt/TrassenlaufpunktAngaben/V02" xmlns:QPersonalMgmtOrganisation="http://dbnetze.com/Querschnitt/PersonalMgmt/Organisation/V03" xmlns:QCommonServiceAdresse="http://dbnetze.com/Querschnitt/CommonService/Adresse/V02" xmlns:ISFahrplanKapLeitStandRoutensuche="http://dbnetze.com/IS/Fahrplan/KapLeitStand/Routensuche/V01">	<SOAP-ENV:Header>		<ISFahrplanKapLeitStandRoutensuche:TechnicalHeaderTop>			<QCommonServiceTechnicalHeader:TechnicalHeader>				<QCommonServiceTechnicalHeader:Uuid>84d1b291-b199-4251-a426-3a6091c262d0</QCommonServiceTechnicalHeader:Uuid>				<QCommonServiceTechnicalHeader:Timestamp>2018-08-27T17:45:37Z</QCommonServiceTechnicalHeader:Timestamp>			</QCommonServiceTechnicalHeader:TechnicalHeader>		</ISFahrplanKapLeitStandRoutensuche:TechnicalHeaderTop>	</SOAP-ENV:Header>	<SOAP-ENV:Body>		<ISFahrplanKapLeitStandRoutensuche:SucheRouteResponse>			<ISFahrplanTrassenMgmtRoute:Route>				<Gesamtstreckenlaenge>0.000</Gesamtstreckenlaenge>				<Gesamtfahrzeit>PT0S</Gesamtfahrzeit>				<Verkehrszeitraum xsi:nil="true"/>				<RoutenLaufpunkt>					<Betriebsstelle>						<ISISDatenISDVerwaltungOrdnungsrahmenBasic:BetriebsstellenFachSchluessel>							<ISISDatenISDVerwaltungOrdnungsrahmenBasic:RIL100>LOE</ISISDatenISDVerwaltungOrdnungsrahmenBasic:RIL100>						</ISISDatenISDVerwaltungOrdnungsrahmenBasic:BetriebsstellenFachSchluessel>					</Betriebsstelle>					<Routenverhalten>						<RoutenDurchfahrt>							<DurchfahrtZeit>								<ISFahrplanBasic:AnzahlNachtspruenge>0</ISFahrplanBasic:AnzahlNachtspruenge>								<ISFahrplanBasic:Uhrzeit>00:00:00</ISFahrplanBasic:Uhrzeit>							</DurchfahrtZeit>							<DurchfahrtFahrweg>HVOR(6107)-2-LMGA(6185)</DurchfahrtFahrweg>						</RoutenDurchfahrt>					</Routenverhalten>				</RoutenLaufpunkt>				<RoutenLaufpunkt>					<Betriebsstelle>						<ISISDatenISDVerwaltungOrdnungsrahmenBasic:BetriebsstellenFachSchluessel>							<ISISDatenISDVerwaltungOrdnungsrahmenBasic:RIL100>LGAU</ISISDatenISDVerwaltungOrdnungsrahmenBasic:RIL100>						</ISISDatenISDVerwaltungOrdnungsrahmenBasic:BetriebsstellenFachSchluessel>					</Betriebsstelle>					<Routenverhalten>						<RoutenDurchfahrt>							<DurchfahrtZeit>								<ISFahrplanBasic:AnzahlNachtspruenge>0</ISFahrplanBasic:AnzahlNachtspruenge>								<ISFahrplanBasic:Uhrzeit>00:00:00</ISFahrplanBasic:Uhrzeit>							</DurchfahrtZeit>							<DurchfahrtFahrweg>LOE(T)-LMGA(T)</DurchfahrtFahrweg>						</RoutenDurchfahrt>					</Routenverhalten>				</RoutenLaufpunkt>				<RoutenLaufpunkt>					<Betriebsstelle>						<ISISDatenISDVerwaltungOrdnungsrahmenBasic:BetriebsstellenFachSchluessel>							<ISISDatenISDVerwaltungOrdnungsrahmenBasic:RIL100>LMGA</ISISDatenISDVerwaltungOrdnungsrahmenBasic:RIL100>						</ISISDatenISDVerwaltungOrdnungsrahmenBasic:BetriebsstellenFachSchluessel>					</Betriebsstelle>					<Routenverhalten>						<RoutenDurchfahrt>							<DurchfahrtZeit>								<ISFahrplanBasic:AnzahlNachtspruenge>0</ISFahrplanBasic:AnzahlNachtspruenge>								<ISFahrplanBasic:Uhrzeit>00:00:00</ISFahrplanBasic:Uhrzeit>							</DurchfahrtZeit>							<DurchfahrtFahrweg>LOE(6185)(T)-S225-LS(6107)(R)</DurchfahrtFahrweg>						</RoutenDurchfahrt>					</Routenverhalten>				</RoutenLaufpunkt>				<RoutenLaufpunkt>					<Betriebsstelle>						<ISISDatenISDVerwaltungOrdnungsrahmenBasic:BetriebsstellenFachSchluessel>							<ISISDatenISDVerwaltungOrdnungsrahmenBasic:RIL100>LMGN</ISISDatenISDVerwaltungOrdnungsrahmenBasic:RIL100>						</ISISDatenISDVerwaltungOrdnungsrahmenBasic:BetriebsstellenFachSchluessel>					</Betriebsstelle>					<Routenverhalten>						<RoutenDurchfahrt>							<DurchfahrtZeit>								<ISFahrplanBasic:AnzahlNachtspruenge>0</ISFahrplanBasic:AnzahlNachtspruenge>								<ISFahrplanBasic:Uhrzeit>00:00:00</ISFahrplanBasic:Uhrzeit>							</DurchfahrtZeit>							<DurchfahrtFahrweg>LMGA-R-LS</DurchfahrtFahrweg>						</RoutenDurchfahrt>					</Routenverhalten>				</RoutenLaufpunkt>				<RoutenLaufpunkt>					<Betriebsstelle>						<ISISDatenISDVerwaltungOrdnungsrahmenBasic:BetriebsstellenFachSchluessel>							<ISISDatenISDVerwaltungOrdnungsrahmenBasic:RIL100>LS  G</ISISDatenISDVerwaltungOrdnungsrahmenBasic:RIL100>						</ISISDatenISDVerwaltungOrdnungsrahmenBasic:BetriebsstellenFachSchluessel>					</Betriebsstelle>					<Routenverhalten>						<RoutenDurchfahrt>							<DurchfahrtZeit>								<ISFahrplanBasic:AnzahlNachtspruenge>0</ISFahrplanBasic:AnzahlNachtspruenge>								<ISFahrplanBasic:Uhrzeit>00:00:00</ISFahrplanBasic:Uhrzeit>							</DurchfahrtZeit>							<DurchfahrtFahrweg>LMGA-702/602-LS</DurchfahrtFahrweg>						</RoutenDurchfahrt>					</Routenverhalten>				</RoutenLaufpunkt>				<RoutenLaufpunkt>					<Betriebsstelle>						<ISISDatenISDVerwaltungOrdnungsrahmenBasic:BetriebsstellenFachSchluessel>							<ISISDatenISDVerwaltungOrdnungsrahmenBasic:RIL100>LS</ISISDatenISDVerwaltungOrdnungsrahmenBasic:RIL100>						</ISISDatenISDVerwaltungOrdnungsrahmenBasic:BetriebsstellenFachSchluessel>					</Betriebsstelle>					<Routenverhalten>						<RoutenDurchfahrt>							<DurchfahrtZeit>								<ISFahrplanBasic:AnzahlNachtspruenge>0</ISFahrplanBasic:AnzahlNachtspruenge>								<ISFahrplanBasic:Uhrzeit>00:00:00</ISFahrplanBasic:Uhrzeit>							</DurchfahrtZeit>							<DurchfahrtFahrweg>LSG-2/202-LBIN</DurchfahrtFahrweg>						</RoutenDurchfahrt>					</Routenverhalten>				</RoutenLaufpunkt>				<RoutenLaufpunkt>					<Betriebsstelle>						<ISISDatenISDVerwaltungOrdnungsrahmenBasic:BetriebsstellenFachSchluessel>							<ISISDatenISDVerwaltungOrdnungsrahmenBasic:RIL100>LBIN</ISISDatenISDVerwaltungOrdnungsrahmenBasic:RIL100>						</ISISDatenISDVerwaltungOrdnungsrahmenBasic:BetriebsstellenFachSchluessel>					</Betriebsstelle>					<Routenverhalten>						<RoutenDurchfahrt>							<DurchfahrtZeit>								<ISFahrplanBasic:AnzahlNachtspruenge>0</ISFahrplanBasic:AnzahlNachtspruenge>								<ISFahrplanBasic:Uhrzeit>00:00:00</ISFahrplanBasic:Uhrzeit>							</DurchfahrtZeit>							<DurchfahrtFahrweg>LS(6107)(R)-3-LSTL(6428)</DurchfahrtFahrweg>						</RoutenDurchfahrt>					</Routenverhalten>				</RoutenLaufpunkt>				<RoutenLaufpunkt>					<Betriebsstelle>						<ISISDatenISDVerwaltungOrdnungsrahmenBasic:BetriebsstellenFachSchluessel>							<ISISDatenISDVerwaltungOrdnungsrahmenBasic:RIL100>LSTL</ISISDatenISDVerwaltungOrdnungsrahmenBasic:RIL100>						</ISISDatenISDVerwaltungOrdnungsrahmenBasic:BetriebsstellenFachSchluessel>					</Betriebsstelle>					<Routenverhalten>						<RoutenDurchfahrt>							<DurchfahrtZeit>								<ISFahrplanBasic:AnzahlNachtspruenge>0</ISFahrplanBasic:AnzahlNachtspruenge>								<ISFahrplanBasic:Uhrzeit>00:00:00</ISFahrplanBasic:Uhrzeit>							</DurchfahrtZeit>							<DurchfahrtFahrweg>LBIN-LSHH</DurchfahrtFahrweg>						</RoutenDurchfahrt>					</Routenverhalten>				</RoutenLaufpunkt>				<RoutenLaufpunkt>					<Betriebsstelle>						<ISISDatenISDVerwaltungOrdnungsrahmenBasic:BetriebsstellenFachSchluessel>							<ISISDatenISDVerwaltungOrdnungsrahmenBasic:RIL100>LSHH</ISISDatenISDVerwaltungOrdnungsrahmenBasic:RIL100>						</ISISDatenISDVerwaltungOrdnungsrahmenBasic:BetriebsstellenFachSchluessel>					</Betriebsstelle>					<Routenverhalten>						<RoutenDurchfahrt>							<DurchfahrtZeit>								<ISFahrplanBasic:AnzahlNachtspruenge>0</ISFahrplanBasic:AnzahlNachtspruenge>								<ISFahrplanBasic:Uhrzeit>00:00:00</ISFahrplanBasic:Uhrzeit>							</DurchfahrtZeit>							<DurchfahrtFahrweg>LSTL(T)-LRW(T)</DurchfahrtFahrweg>						</RoutenDurchfahrt>					</Routenverhalten>				</RoutenLaufpunkt>				<RoutenLaufpunkt>					<Betriebsstelle>						<ISISDatenISDVerwaltungOrdnungsrahmenBasic:BetriebsstellenFachSchluessel>							<ISISDatenISDVerwaltungOrdnungsrahmenBasic:RIL100>LQRW</ISISDatenISDVerwaltungOrdnungsrahmenBasic:RIL100>						</ISISDatenISDVerwaltungOrdnungsrahmenBasic:BetriebsstellenFachSchluessel>					</Betriebsstelle>					<Routenverhalten>						<RoutenDurchfahrt>							<DurchfahrtZeit>								<ISFahrplanBasic:AnzahlNachtspruenge>0</ISFahrplanBasic:AnzahlNachtspruenge>								<ISFahrplanBasic:Uhrzeit>00:00:00</ISFahrplanBasic:Uhrzeit>							</DurchfahrtZeit>							<DurchfahrtFahrweg>LSHH-T-LRW</DurchfahrtFahrweg>						</RoutenDurchfahrt>					</Routenverhalten>				</RoutenLaufpunkt>				<RoutenLaufpunkt>					<Betriebsstelle>						<ISISDatenISDVerwaltungOrdnungsrahmenBasic:BetriebsstellenFachSchluessel>							<ISISDatenISDVerwaltungOrdnungsrahmenBasic:RIL100>LRW</ISISDatenISDVerwaltungOrdnungsrahmenBasic:RIL100>						</ISISDatenISDVerwaltungOrdnungsrahmenBasic:BetriebsstellenFachSchluessel>					</Betriebsstelle>					<Routenverhalten>						<RoutenDurchfahrt>							<DurchfahrtZeit>								<ISFahrplanBasic:AnzahlNachtspruenge>0</ISFahrplanBasic:AnzahlNachtspruenge>								<ISFahrplanBasic:Uhrzeit>00:00:00</ISFahrplanBasic:Uhrzeit>							</DurchfahrtZeit>							<DurchfahrtFahrweg>LSHH(T)(6185)-2-LBM(T)</DurchfahrtFahrweg>						</RoutenDurchfahrt>					</Routenverhalten>				</RoutenLaufpunkt>				<RoutenLaufpunkt>					<Betriebsstelle>						<ISISDatenISDVerwaltungOrdnungsrahmenBasic:BetriebsstellenFachSchluessel>							<ISISDatenISDVerwaltungOrdnungsrahmenBasic:RIL100>LBM</ISISDatenISDVerwaltungOrdnungsrahmenBasic:RIL100>						</ISISDatenISDVerwaltungOrdnungsrahmenBasic:BetriebsstellenFachSchluessel>					</Betriebsstelle>					<Routenverhalten>						<RoutenDurchfahrt>							<DurchfahrtZeit>								<ISFahrplanBasic:AnzahlNachtspruenge>0</ISFahrplanBasic:AnzahlNachtspruenge>								<ISFahrplanBasic:Uhrzeit>00:00:00</ISFahrplanBasic:Uhrzeit>							</DurchfahrtZeit>							<DurchfahrtFahrweg>LRW-T-LNS</DurchfahrtFahrweg>						</RoutenDurchfahrt>					</Routenverhalten>				</RoutenLaufpunkt>				<RoutenLaufpunkt>					<Betriebsstelle>						<ISISDatenISDVerwaltungOrdnungsrahmenBasic:BetriebsstellenFachSchluessel>							<ISISDatenISDVerwaltungOrdnungsrahmenBasic:RIL100>LNS</ISISDatenISDVerwaltungOrdnungsrahmenBasic:RIL100>						</ISISDatenISDVerwaltungOrdnungsrahmenBasic:BetriebsstellenFachSchluessel>					</Betriebsstelle>					<Routenverhalten>						<RoutenDurchfahrt>							<DurchfahrtZeit>								<ISFahrplanBasic:AnzahlNachtspruenge>0</ISFahrplanBasic:AnzahlNachtspruenge>								<ISFahrplanBasic:Uhrzeit>00:00:00</ISFahrplanBasic:Uhrzeit>							</DurchfahrtZeit>							<DurchfahrtFahrweg>LBM(R)-804-LBOW(R)</DurchfahrtFahrweg>						</RoutenDurchfahrt>					</Routenverhalten>				</RoutenLaufpunkt>				<RoutenLaufpunkt>					<Betriebsstelle>						<ISISDatenISDVerwaltungOrdnungsrahmenBasic:BetriebsstellenFachSchluessel>							<ISISDatenISDVerwaltungOrdnungsrahmenBasic:RIL100>L7740</ISISDatenISDVerwaltungOrdnungsrahmenBasic:RIL100>						</ISISDatenISDVerwaltungOrdnungsrahmenBasic:BetriebsstellenFachSchluessel>					</Betriebsstelle>					<Routenverhalten>						<RoutenDurchfahrt>							<DurchfahrtZeit>								<ISFahrplanBasic:AnzahlNachtspruenge>0</ISFahrplanBasic:AnzahlNachtspruenge>								<ISFahrplanBasic:Uhrzeit>00:00:00</ISFahrplanBasic:Uhrzeit>							</DurchfahrtZeit>							<DurchfahrtFahrweg>LBM(R)-LBOW(R)</DurchfahrtFahrweg>						</RoutenDurchfahrt>					</Routenverhalten>				</RoutenLaufpunkt>				<RoutenLaufpunkt>					<Betriebsstelle>						<ISISDatenISDVerwaltungOrdnungsrahmenBasic:BetriebsstellenFachSchluessel>							<ISISDatenISDVerwaltungOrdnungsrahmenBasic:RIL100>L7541</ISISDatenISDVerwaltungOrdnungsrahmenBasic:RIL100>						</ISISDatenISDVerwaltungOrdnungsrahmenBasic:BetriebsstellenFachSchluessel>					</Betriebsstelle>					<Routenverhalten>						<RoutenDurchfahrt>							<DurchfahrtZeit>								<ISFahrplanBasic:AnzahlNachtspruenge>0</ISFahrplanBasic:AnzahlNachtspruenge>								<ISFahrplanBasic:Uhrzeit>00:00:00</ISFahrplanBasic:Uhrzeit>							</DurchfahrtZeit>							<DurchfahrtFahrweg>LBM(R)-LBOW(R)</DurchfahrtFahrweg>						</RoutenDurchfahrt>					</Routenverhalten>				</RoutenLaufpunkt>				<RoutenLaufpunkt>					<Betriebsstelle>						<ISISDatenISDVerwaltungOrdnungsrahmenBasic:BetriebsstellenFachSchluessel>							<ISISDatenISDVerwaltungOrdnungsrahmenBasic:RIL100>LBOW</ISISDatenISDVerwaltungOrdnungsrahmenBasic:RIL100>						</ISISDatenISDVerwaltungOrdnungsrahmenBasic:BetriebsstellenFachSchluessel>					</Betriebsstelle>					<Routenverhalten>						<RoutenDurchfahrt>							<DurchfahrtZeit>								<ISFahrplanBasic:AnzahlNachtspruenge>0</ISFahrplanBasic:AnzahlNachtspruenge>								<ISFahrplanBasic:Uhrzeit>00:00:00</ISFahrplanBasic:Uhrzeit>							</DurchfahrtZeit>							<DurchfahrtFahrweg>LNS(R)-704-LRIK(R)</DurchfahrtFahrweg>						</RoutenDurchfahrt>					</Routenverhalten>				</RoutenLaufpunkt>				<RoutenLaufpunkt>					<Betriebsstelle>						<ISISDatenISDVerwaltungOrdnungsrahmenBasic:BetriebsstellenFachSchluessel>							<ISISDatenISDVerwaltungOrdnungsrahmenBasic:RIL100>LRIK</ISISDatenISDVerwaltungOrdnungsrahmenBasic:RIL100>						</ISISDatenISDVerwaltungOrdnungsrahmenBasic:BetriebsstellenFachSchluessel>					</Betriebsstelle>					<Routenverhalten>						<RoutenDurchfahrt>							<DurchfahrtZeit>								<ISFahrplanBasic:AnzahlNachtspruenge>0</ISFahrplanBasic:AnzahlNachtspruenge>								<ISFahrplanBasic:Uhrzeit>00:00:00</ISFahrplanBasic:Uhrzeit>							</DurchfahrtZeit>							<DurchfahrtFahrweg>LBOW(R)-BWUSN(T)</DurchfahrtFahrweg>						</RoutenDurchfahrt>					</Routenverhalten>				</RoutenLaufpunkt>			</ISFahrplanTrassenMgmtRoute:Route>		</ISFahrplanKapLeitStandRoutensuche:SucheRouteResponse>	</SOAP-ENV:Body></SOAP-ENV:Envelope>