DS100;Fahrwegname;Kosten;Restkosten;Prioritaet;Halteplatzlaenge;Streckenklasse(G|Bis|Ab);KV Profil(G|Bis|Ab);Laenge(m);Fahrzeitrelevante VEs;Routingrelevante VEs;Einfahrt Grenzlast;Ausfahrt Grenzlast;Wagenzugmasse(t) Einfahrt;Wagenzugmasse(t) Ausfahrt

Path Cost;0
Path Hops;0
Path Length (m);0
Total Priority;0
Average Priority;0
Configuration;Alpha=10|Beta=1800|Gamma=500|Rho=10|Timeout=20000
Expanded Nodes;150
Visited Stations;EWAN, EWANY, ERES, EHEO, EG, EWANF, EWFR, E5003, EBRI, EEKA, EWANT, EWANW, E551I, EHGN, E520G, E5002, E 422, E 445, EGB, ECRA, EBNO, E550I, YEEBP, EGS, EHEOV, E5004, E5201, EBGZ, EGHE, EWANB, E 421, EGZO, EBAU, E530W, E 441
Dead ends;EHEO:EHER(GL), EG:EGRO(GL), EGS:ENON(GL), EGZO:EGBK(GL)
DB version;SKAT_RDS_DEV_DB_2013_R2_16
Elapsed Time (s);0.0108786
