DS100;Fahrwegname;Kosten;Restkosten;Prioritaet;Halteplatzlaenge;Streckenklasse(G|Bis|Ab);KV Profil(G|Bis|Ab);Laenge(m);Fahrzeitrelevante VEs;Routingrelevante VEs;Einfahrt Grenzlast;Ausfahrt Grenzlast;Wagenzugmasse(t) Einfahrt;Wagenzugmasse(t) Ausfahrt
"HMHZ";"HHB-21-HSSN";133;1575;100;786;D4|D4|D4;10|10|10;5400;;;1375;1400;1400;1400;
"HSSN";"HHB-4-HNHA";261;1442;100;435;D4|D4|D4;10|10|10;5752;;;1400;1400;1400;1400;
"HNHA";"HSSN-302-HSRI";318;1119;100;552;D4|D4|D4;10|10|10;7000;;;1400;1400;1400;1400;
"HSRI";"HSSN-6-HSB";618;588;100;634;D4|D4|D4;10|10|10;13600;;;1400;1400;1400;1400;
"HSB";"HSRI-1-HSBG(VPS)";102;216;100;750;D4|D4|D4;10|10|10;2251;;;1400;9999;1400;1400;
"HSBG";"HSRI-HSBG(VPS)";9;0;81;0;D4||;10||;1225;;;9999;9999;1400;1400;

Path Cost;1441
Path Hops;6
Path Length (m);35228
Total Priority;581
Average Priority;96
Configuration;Alpha=10|Beta=1800|Gamma=500|Rho=10|Timeout=20000
Expanded Nodes;9
Visited Stations;HSB, HSSN, HNHA, HMHZ, HSRI
Dead ends;HNHA:HLNG(GL)
DB version;SKAT_RDS_DEV_DB_2013_R2_16
Elapsed Time (s);0.000658659
