DS100;Fahrwegname;Kosten;Restkosten;Prioritaet;Halteplatzlaenge;Streckenklasse(G|Bis|Ab);KV Profil(G|Bis|Ab);Laenge(m);Fahrzeitrelevante VEs;Routingrelevante VEs;Einfahrt Grenzlast;Ausfahrt Grenzlast;Wagenzugmasse(t) Einfahrt;Wagenzugmasse(t) Ausfahrt
"HSAN";"HOLD-4-HWF";65;244;100;1005;D2|D2|D4;9|9|9;4511;;;2775;3000;1200;1200;
"HSAB";"HSAN-HHDM";63;144;100;0;D4||;9||;1020;;;3000;3000;1200;1200;
"HKAN";"HSAN-HHDM";30;130;100;0;D4||;9||;480;;;3000;3000;1200;1200;
"HWF";"HKAN-HACC";167;80;100;500;D4|D4|D4;9|9|9;3021;;;3000;3000;1200;1200;
"HACC";"HSAN-1-HWOE";354;58;100;760;D4|D4|D4;9|9|9;7800;;;3000;3000;1200;1200;
"HWOE";"HACC-HJWP";87;0;100;750;D4|D4|D4;10|10|10;2436;;;3000;9999;1200;1200;

Path Cost;766
Path Hops;6
Path Length (m);19268
Total Priority;600
Average Priority;100
Configuration;Alpha=10|Beta=1800|Gamma=500|Rho=10|Timeout=20000
Expanded Nodes;38
Visited Stations;HWW, HWF, HMAS, HSAN, HHDM, HKAN, HACC, HWHS, HSAB
Dead ends;HHDM:HJ(SK)
DB version;SKAT_RDS_DEV_DB_2013_R2_16
Elapsed Time (s);0.00111613
