DS100;Fahrwegname;Kosten;Restkosten;Prioritaet;Halteplatzlaenge;Streckenklasse(G|Bis|Ab);KV Profil(G|Bis|Ab);Laenge(m);Fahrzeitrelevante VEs;Routingrelevante VEs;Einfahrt Grenzlast;Ausfahrt Grenzlast;Wagenzugmasse(t) Einfahrt;Wagenzugmasse(t) Ausfahrt
"KKBI";"KKBI-KKERG";25;758;91;500;D4|D4|D4;10|10|10;226;;;9999;9999;400;400;
"KKEG";"KKBI-KKERG";96;716;100;750;D4|D4|D4;9|9|9;579;;;9999;9999;400;400;
"KKERG";"KKBI-KKERP";108;716;100;0;D4||;9||;1740;;;9999;2820;400;400;
"KKERP";"KKERG-5-KKW F";115;569;100;750;D4|D4|D4;9|9|9;1848;;;2820;2820;400;400;
"KKW F";"KKERP-3-KKW S";72;435;100;750;D4|D4|D4;9|9|9;1152;;;2820;3000;400;400;
"KKW S";"KKW F-3-KKS";80;448;100;667;D4|D4|D4;9|9|9;1203;;;3000;1735;400;400;
"KKS";"KKW S-2-KKBT";92;389;100;0;D4||;9||;1477;;;1735;3000;400;400;
"KKBT";"KKW S(2642)-2-KSBR";129;341;100;649;D4|D4|D4;9|9|9;2079;;;3000;3000;400;400;
"KSBR";"KKBT-KKA";87;178;100;750;D4|D4|D4;9|9|9;1398;;;3000;3000;400;400;
"KKA";"KSBR-7-KKANS";190;110;100;0;D4||;9||;3051;;;3000;3000;400;400;
"KKANS";"KKBT-KKANN";78;92;100;700;D4|D4|D4;9|9|9;941;;;3000;3000;400;400;
"KKANR";"KKANS-198-KKANW";101;49;18;0;D4||;9||;624;;;3000;3000;400;400;
"KKANW";"KKANS-198KKANW";10;0;31;350;D4|D4|D4;10|10|10;6;;;3000;9999;400;400;

Path Cost;1183
Path Hops;13
Path Length (m);16324
Total Priority;1140
Average Priority;87
Configuration;Alpha=10|Beta=1800|Gamma=500|Rho=10|Timeout=20000
Expanded Nodes;133
Visited Stations;K006K, KSBR, KKN B, KK, KKANR, KKEG, KHOS, K261K, KVI, KKANM, KKW F, KKDZ, KKGU, K 210, K0231, KKANS, KKBT, K 263, KKW S, K264S, KKERP, K 614, KKBI, KKA, KKNA, E 861, K0220, KKM, KKM B, K 2KA, K  1K, K263S, KKS, E863M, KKN E, KKSA, KKERG, KKANE, KG  G, KGN, KKE B, KKM A
Dead ends;
DB version;SKAT_RDS_DEV_DB_2013_R2_16
Elapsed Time (s);0.00640722
