DS100;Fahrwegname;Kosten;Restkosten;Prioritaet;Halteplatzlaenge;Streckenklasse(G|Bis|Ab);KV Profil(G|Bis|Ab);Laenge(m);Fahrzeitrelevante VEs;Routingrelevante VEs;Einfahrt Grenzlast;Ausfahrt Grenzlast;Wagenzugmasse(t) Einfahrt;Wagenzugmasse(t) Ausfahrt
"EHGVF";"EHGVE(2825-0)-616-516-EHGV";41;373;100;640;D4|D4|D4;7|7|7;1061;;;3000;9999;2000;2000;
"EHGV";"EHGVF-516-EHGK";127;361;100;750;D4|D4|D4;7|7|7;2039;;;9999;3000;2000;2000;
"ERWH";"EHGV-EHGK";68;292;100;0;D4||;9||;1500;;;3000;3000;2000;2000;
"EHGS";"EHGV-EHOY";120;277;100;0;D4||;7||;1810;;;3000;3000;2000;2000;
"EHOY";"EHGK-EWEF";62;226;100;0;D4||;7||;1127;;;3000;3000;2000;2000;
"EWEF";"EHOY-3-ESRT(2843)";136;136;100;688;D4|D4|D4;7|7|7;3000;;;3000;2280;2000;2000;
"ESRTF";"EWEF- ESRT";108;0;100;665;D4|D4|D4;7|7|7;1931;;;2280;1840;2000;2000;

Path Cost;662
Path Hops;7
Path Length (m);12468
Total Priority;700
Average Priority;100
Configuration;Alpha=10|Beta=1800|Gamma=500|Rho=10|Timeout=20000
Expanded Nodes;45
Visited Stations;EHGV, EHGGO, E544N, EHGVF, E5894, EHGVE, EHOY, EHGVW, ERWH, EHGVO, EHGGB, EHGGW, EWEF, EHGS, E5895
Dead ends;E544N:EHG(GL), EHGVO:EHG(GL)
DB version;SKAT_RDS_DEV_DB_2013_R2_16
Elapsed Time (s);0.00487236
