DS100;Fahrwegname;Kosten;Restkosten;Prioritaet;Halteplatzlaenge;Streckenklasse(G|Bis|Ab);KV Profil(G|Bis|Ab);Laenge(m);Fahrzeitrelevante VEs;Routingrelevante VEs;Einfahrt Grenzlast;Ausfahrt Grenzlast;Wagenzugmasse(t) Einfahrt;Wagenzugmasse(t) Ausfahrt
"AHAR";"AMD(1255-1)-053-ASE(1255)";91;245;78;900;D4|D4|D4;9|9|9;3925;;;2815;3000;1599;1599;
"ASE";"AHAR-AWLB";37;170;100;750;D4|D4|D4;9|9|9;1000;;;3000;3000;1599;1599;
"AWLB";"ASE(1255)-31-AHBS(1255-1)";164;99;100;827;D4|D4|D4;9|9|9;3779;;;3000;3000;1599;1599;
"AHDG";"AWLB(1255)-AHBS(1255-1)";0;38;100;0;D4||;10||;1;;;3000;9999;1599;1599;
"AHBS";"AWLB-49/19AHBS";403;0;76;656;D4|D4|D4;10|10|10;2116;;;9999;9999;1599;1599;

Path Cost;695
Path Hops;5
Path Length (m);10821
Total Priority;454
Average Priority;90
Configuration;Alpha=10|Beta=1800|Gamma=500|Rho=10|Timeout=20000
Expanded Nodes;301
Visited Stations;AHOS, AHROO, A192A, AHAR, AHARH, AHROP, AMDH, A404H, AHOSS, AVL, A511B, A191B, A510A, AVLS, AQHI, AHROF, A502A, A132H, A494R, AWLBA, A172M, A713W, A420H, A183M, AERI, A411V, A417H, A130H, AMD, A182H, A403H, A131H, A506A, AWLBS, ASE, A406H, A674W, AWLB, AWFS, A281M, A419H, A405H, ASEG, A195B, A194A, A181H, A134H, A694B, AQM G, A720V, A527O, A402H, A410H, AHDG, A505B, A421A, A407H, A517B, AQM, A418H, AM  N, A133H, A722V, A711W, A504A, ANEB, AQMD, AM  O, A193H, A503B, AOHA, A415H, A416H, A171R, A718V
Dead ends;A420H:AH(SK)
DB version;SKAT_RDS_DEV_DB_2013_R2_16
Elapsed Time (s);0.014686
