DS100;Fahrwegname;Kosten;Restkosten;Prioritaet;Halteplatzlaenge;Streckenklasse(G|Bis|Ab);KV Profil(G|Bis|Ab);Laenge(m);Fahrzeitrelevante VEs;Routingrelevante VEs;Einfahrt Grenzlast;Ausfahrt Grenzlast;Wagenzugmasse(t) Einfahrt;Wagenzugmasse(t) Ausfahrt
"EWLS";"EMOE-1-EDHB";203;595;100;750;D4|D4|D4;9|9|9;6000;;;3160;3210;700;700;
"EDHB";"EWLS-3-EOBU";242;259;100;715;D4|D4|D4;9|9|9;5092;;;3210;2270;700;700;
"EOBU";"EDHB-801-EOB N";114;251;100;720;D4|D4|D4;9|9|9;2400;;;2270;2375;700;700;
"EOB N";"EOBU-EOBRO(2321)";74;332;100;0;D4||;9||;1494;;;2375;2280;700;700;
"EOBRO";"EOB N-EMAF";22;306;100;0;D4||;9||;500;;;2280;1650;700;700;
"EMAF";"EOBRO-EDRHT";117;196;100;0;D4||;9||;2110;;;1650;2940;700;700;
"EDRH";"EMAF-18 EDRH";264;0;78;420;D4|D4|D4;10|9|10;3078;;;2940;9999;700;700;

Path Cost;1036
Path Hops;7
Path Length (m);20674
Total Priority;678
Average Priority;96
Configuration;Alpha=10|Beta=1800|Gamma=500|Rho=10|Timeout=20000
Expanded Nodes;48
Visited Stations;EOBRS, EDHB, EOBRM, EOBU, EOB N, EOBRW, E 182, EOBRZ, EOBRO, E111O, EMAF, EDME, EWLS, E112O, EDMO
Dead ends;
DB version;SKAT_RDS_DEV_DB_2013_R2_16
Elapsed Time (s);0.00361585
