DS100;Fahrwegname;Kosten;Restkosten;Prioritaet;Halteplatzlaenge;Streckenklasse(G|Bis|Ab);KV Profil(G|Bis|Ab);Laenge(m);Fahrzeitrelevante VEs;Routingrelevante VEs;Einfahrt Grenzlast;Ausfahrt Grenzlast;Wagenzugmasse(t) Einfahrt;Wagenzugmasse(t) Ausfahrt
"EMOE";"ESPN-1-EWLS";191;970;100;750;D4|D4|D4;9|9|9;4000;;;3880;3880;1050;1050;
"EWLS";"EMOE-1-EDHB";352;660;100;750;D4|D4|D4;9|9|9;6000;;;3880;3880;1050;1050;
"EDHB";"EWLS-3-EOBU";242;227;100;715;D4|D4|D4;9|9|9;5092;;;3880;3880;1050;1050;
"EOBU";"EDHB-801-EOB N";114;109;100;720;D4|D4|D4;9|9|9;2400;;;3880;3880;1050;1050;
"EOB N";"EOBU-EOBRO(2321)";74;121;100;0;D4||;9||;1494;;;3880;3880;1050;1050;
"EOBRO";"EOBN-68-EOBRM";40;95;100;0;D4||;9||;900;;;3880;3880;1050;1050;
"EOBRM";"EOBRO68-EOBRW47";45;0;20;868;D4|D4|D4;9|9|9;1214;;;3880;3880;1050;1050;

Path Cost;1058
Path Hops;7
Path Length (m);21100
Total Priority;620
Average Priority;88
Configuration;Alpha=10|Beta=1800|Gamma=500|Rho=10|Timeout=20000
Expanded Nodes;10
Visited Stations;EDHB, EOBU, EOB N, EOBRO, EMOE, EWLS
Dead ends;
DB version;SKAT_RDS_DEV_DB_2013_R2_16
Elapsed Time (s);0.00108974
