DS100;Fahrwegname;Kosten;Restkosten;Prioritaet;Halteplatzlaenge;Streckenklasse(G|Bis|Ab);KV Profil(G|Bis|Ab);Laenge(m);Fahrzeitrelevante VEs;Routingrelevante VEs;Einfahrt Grenzlast;Ausfahrt Grenzlast;Wagenzugmasse(t) Einfahrt;Wagenzugmasse(t) Ausfahrt
"EDMG";"EDO-08-EWAN";50;1378;80;595;D4|D4|D4;9|9|9;3600;;;3095;2685;700;700;
"E 438";"EDO-EWAN";36;1334;100;0;D4||;9||;800;;;2685;2685;700;700;
"E 439";"EDO-EWAN";68;1299;100;0;D4||;9||;1500;;;2685;2685;700;700;
"ECA";"EDO-2-EWAN";122;1194;100;0;D4||;9||;2704;;;2685;3175;700;700;
"E 436";"EDO-EWAN";59;1119;100;0;D4||;9||;1300;;;3175;3175;700;700;
"E 437";"EDO-EWAN";22;1093;100;0;D4||;9||;500;;;3175;3175;700;700;
"EHERT";"EDO(2650)-840-EWAN(2650)";73;1045;100;0;D4||;9||;1607;;;3175;1200;700;700;
"EHER";"EDO(2650)-06-ERES(2221)";158;918;100;464;D4|D4|D4;9|9|9;3012;;;1200;2620;700;700;
"EHGN";"EHER-ECRA";70;930;100;0;D4||;9||;1410;;;2620;3210;700;700;
"ECRA";"EHGN-EWFR";78;812;100;0;D4||;9||;1718;;;3210;3210;700;700;
"EWFR";"ECRA-EGZO";95;670;100;0;D4||;9||;2000;;;3210;2660;700;700;
"EGZO";"EWFR-002-EGBK";78;586;100;0;D4||;9||;1500;;;2660;2660;700;700;
"EGBK";"EGZO-102-ENON";150;536;100;608;D4|D4|D4;9|9|9;3000;;;2660;1810;700;700;
"ENON";"EGBK-EBTS";114;392;100;0;D4||;9||;2517;;;1810;2385;700;700;
"E9267";"ENON-EBTS";27;238;100;0;D4||;9||;600;;;2385;2385;700;700;
"E9266";"ENON-EBTS";68;179;100;0;D4||;9||;1500;;;2385;2385;700;700;
"E9269";"ENON-EBTS";45;134;100;0;D4||;9||;1000;;;2385;2385;700;700;
"EEKP";"ENON-EBTS";45;92;100;0;D4||;9||;1000;;;2385;2385;700;700;
"E9268";"ENON-EBTS";45;49;100;0;D4||;9||;1000;;;2385;2385;700;700;
"EBTS";"EEKP-1-EOS T";78;0;100;740;D4|D4|D4;9|9|9;2700;;;2385;1880;700;700;

Path Cost;1481
Path Hops;20
Path Length (m);34968
Total Priority;1980
Average Priority;99
Configuration;Alpha=10|Beta=1800|Gamma=500|Rho=10|Timeout=20000
Expanded Nodes;76
Visited Stations;EWAN, E 436, EHEO, E 510, EG, EWANF, EGBK, EWFR, E 102, E5003, E9268, E 437, E511G, EHUOS, E 439, E551I, EHGN, E520G, EEKP, EHER, E 422, EEKB, ECA, EDMG, EDOO, ECRA, E 710, E550I, E9269, E5004, E 103, E 438, E9266, E104G, EDOF, E915I, ENON, EBGZ, EHERT, E9267, E 421, EGZO, E530W
Dead ends;
DB version;SKAT_RDS_DEV_DB_2013_R2_16
Elapsed Time (s);0.0046435
