DS100;Fahrwegname;Kosten;Restkosten;Prioritaet;Halteplatzlaenge;Streckenklasse(G|Bis|Ab);KV Profil(G|Bis|Ab);Laenge(m);Fahrzeitrelevante VEs;Routingrelevante VEs;Einfahrt Grenzlast;Ausfahrt Grenzlast;Wagenzugmasse(t) Einfahrt;Wagenzugmasse(t) Ausfahrt
"FHRG";"FHBH-2-UGT";297;627;100;724;D4|D4|D4;7|7|7;7310;;;3000;2540;1600;1600;
"UQGTV";"FHBH-UGT";0;618;100;0;D4||;7||;10;;;2540;2540;1600;1600;
"UGT";"VKOMA FHBH-805-UEI(UGT) UEI-805-FB(UGT) .72046";2511;652;77;555;D4|D4|D4;7|7|7;10596;;;2540;1885;1600;1600;
"UQGT";"UGT-FHNB";0;620;100;0;D4||;9||;10;;;1885;1885;1600;1600;
"YLFGD";"UGT-FHNB";0;609;100;0;D4||;9||;1;;;1390;1390;1600;1600;
"F610B";"UGT-FHNB";41;597;100;0;D4||;9||;1107;;;1390;1390;1600;1600;
"FOBS";"UGT-FHNB";8;578;100;0;D4||;9||;240;;;1390;1390;1600;1600;
"F611A";"UGT-FHNB";48;556;100;0;D4||;9||;1310;;;1390;1390;1600;1600;
"F612A";"UGT-FHNB";38;530;100;0;D4||;9||;1050;;;1390;1390;1600;1600;
"FBOS";"UGT-FHNB";5;501;100;0;D4||;9||;135;;;1390;1390;1600;1600;
"F613A";"UGT-FHNB";33;484;100;0;D4||;9||;915;;;1390;1390;1600;1600;
"FHNB";"UGT-631-FFDF";164;397;100;278;D4|D4|D4;9|9|9;4430;;;1390;1390;1600;1600;
"F615B";"FHNB-FFDF";31;327;100;0;D4||;9||;855;;;1390;1390;1600;1600;
"F614A";"FHNB-FFDF";40;298;100;0;D4||;9||;1105;;;1390;1390;1600;1600;
"F617B";"FHNB-FFDF";43;256;100;0;D4||;9||;1183;;;1390;1390;1600;1600;
"F616B";"FHNB-FFDF";11;219;100;0;D4||;9||;320;;;1390;1390;1600;1600;
"FRON";"FHNB-FFDF";55;183;100;0;D4||;9||;1500;;;1390;1390;1600;1600;
"FFDF";"FHNB-FB";92;120;100;0;D4||;9||;2502;;;1390;1390;1600;1600;
"FB";"FFDF-10-FBU-6340";129;51;100;427;D4|D4|D4;9|9|9;3500;;;1390;3000;1600;1600;
"FBU";"FB-401-FKOA";58;0;100;1138;D4|D4|D4;9|9|9;2000;;;3000;3000;1600;1600;

Path Cost;3604
Path Hops;20
Path Length (m);40079
Total Priority;1977
Average Priority;98
Configuration;Alpha=10|Beta=1800|Gamma=500|Rho=10|Timeout=20000
Expanded Nodes;125
Visited Stations;FB, F614A, U 747, FFDF, FOBS, U 592, U892B, U 796, U 846, USU, U 692, F611A, U893B, FHBH, U 797, UEIW, F617B, FRON, U596B, UHL, F616B, U 842, FB  B, UEIP, FBOS, U891B, UQGTV, F181B, UQGT, U 897, U 890, F612A, U 793, U 693, UHER, UWU, U 841, YLFGD, U894B, UQHE, FB  O, U 748, U 895, FHNB, F615B, UQWA, UGT, UWAR, F613A, UEI, UEI G, FHRG, U 843, U 896, U 792, UEIS, F610B, U 798
Dead ends;
DB version;SKAT_RDS_DEV_DB_2013_R2_16
Elapsed Time (s);0.00625187
