DS100;Fahrwegname;Kosten;Restkosten;Prioritaet;Halteplatzlaenge;Streckenklasse(G|Bis|Ab);KV Profil(G|Bis|Ab);Laenge(m);Fahrzeitrelevante VEs;Routingrelevante VEs;Einfahrt Grenzlast;Ausfahrt Grenzlast;Wagenzugmasse(t) Einfahrt;Wagenzugmasse(t) Ausfahrt
"EOBRW";"OBRM(47)-OBRS";40;1149;30;720;D4|D4|D4;9|9|9;760;;;3000;3000;1400;1400;
"EOBRS";"OBRW-RTL";79;1127;100;750;D4|D4|D4;9|9|9;949;;;3000;3000;1400;1400;
"ERTL";"EOBRS-ESI";81;1075;100;0;D4||;9||;1800;;;3000;3000;1400;1400;
"ESI";"ERTL-EDUI";60;1054;100;0;D4||;9||;1205;;;3000;3000;1400;1400;
"EDUI";"ESI(2320)-EDG(2320)";31;989;100;0;D4||;9||;600;;;3000;3000;1400;1400;
"EDG";"EDUI-03-EDHZ(2312)";140;960;100;368;D4|D4|D4;7|7|7;2942;;;3000;3000;1400;1400;
"EDHZ";"EDG-EDHP";48;898;100;750;D4|D4|D4;9|9|9;1307;;;3000;3000;1400;1400;
"EDHP";"EDHZ-KRH";18;877;100;0;D4||;9||;504;;;3000;3000;1400;1400;
"K006R";"EDHP-KRH";1;864;100;0;D4||;9||;40;;;3000;3000;1400;1400;
"K022R";"EDHP-KRH";32;848;100;0;D4||;9||;880;;;3000;3000;1400;1400;
"K002R";"EDHP-KRH";4;838;100;0;D4||;9||;130;;;3000;3000;1400;1400;
"K011D";"EDHP-KRH";2;829;100;0;D4||;9||;55;;;3000;3000;1400;1400;
"K001D";"EDHP-KRH";0;819;100;0;D4||;9||;15;;;3000;3000;1400;1400;
"KRHO";"EDHP-KRH";41;798;100;0;D4||;9||;1110;;;3000;3000;1400;1400;
"KRH";"EDHP-11-KMUH 13";124;753;100;0;D4||;9||;3372;;;3000;3000;1400;1400;
"KMUH";"KRH-KHB";41;724;100;750;D4|D4|D4;9|9|9;1118;;;3000;3000;1400;1400;
"KHB";"KMUH-KKRL";24;651;100;0;D4||;9||;656;;;3000;3000;1400;1400;
"KKRU";"KMUH-1-KKRX";73;617;100;750;D4|D4|D4;9|9|9;1994;;;3000;3000;1400;1400;
"KKRX";"KMUH-KKRL";38;653;100;0;D4||;9||;1050;;;3000;3000;1400;1400;
"KKRL";"KKRX-7-KWEB re";130;635;100;529;D4|D4|D4;9|9|9;2084;;;3000;3000;1400;1400;
"KBMW";"KKRU-KWEB";24;589;100;0;D4||;9||;385;;;3000;3000;1400;1400;
"KLOC";"KKRU-KWEB";75;532;100;700;D4|D4|D4;9|9|9;2050;;;3000;3000;1400;1400;
"E 4KM";"KLOC-KWEB";92;499;100;0;D4||;9||;2500;;;3000;3000;1400;1400;
"E 3MK";"KLOC-KWEB";18;403;100;0;D4||;9||;500;;;3000;3000;1400;1400;
"KMBO";"KLOC-KWEB";111;344;100;0;D4||;9||;3000;;;3000;3000;1400;1400;
"E 202";"KLOC-KWEB";88;274;100;0;D4||;9||;2400;;;3000;3000;1400;1400;
"E 201";"KLOC-KWEB";22;226;100;0;D4||;9||;600;;;3000;3000;1400;1400;
"KWEB";"KLOC-114-KN G";84;91;100;0;D4||;9||;2272;;;3000;3000;1400;1400;
"KNG";"KWEB-110-KN D";232;0;100;698;D4|D4|D4;9|9|9;2500;;;3000;2710;1400;1400;

Path Cost;1753
Path Hops;29
Path Length (m);38778
Total Priority;2830
Average Priority;97
Configuration;Alpha=10|Beta=1800|Gamma=500|Rho=10|Timeout=20000
Expanded Nodes;313
Visited Stations;K779D, EDHZ, E 189, KDU, KDU K, EOBRS, EDG, KDDH, KDHA, E902M, EDBZ, KERF, EDRH, KRET, EDHDO, E 202, K002R, KDFF, E326A, E 725, E813D, E 3MK, E 6O, EDHP, E 350, K 775, KKRO, EDWD, EDWDP, ERTL, KMUH, KD, E 721, KDF A, K001D, K 817, ELIT, EDBU, EDWDS, K 628, K 776, K 630, EOBRW, KHB, EDGR, K401O, KDD O, KTR, K 625, K 622, K011D, E 182, E0304, EOBRZ, EDBI, K 624, K774A, E 2K, KKRU, KDBI, E 201, KNAK, EDRM, K006R, KDFS, KD  N, E901B, E 722, E 3SB, KDV, E 12, K 819, K 822, KDF, E 708, K 621, E 603, K 631, E 11H, K 777, K004R, KKRL, KRHO, KDBH, E 34F, KN  W, E 4SK, KDFFH, KNOKA, E 713, K402O, KEM, K003R, EDEF, KKRX, EDME, E 4KM, KDVS, ELOT, KDD N, K 816, ESI, KDDP, E 712, ETIE, E 716, KN  O, E0303, EDUI, KLOC, E 705, KDW, KDOA, K 627, E 14H, E 602, K022R, K 632, K 348, E 584, E 5O, E0402, K 732, E 351, KBMW, KWST, K 733, KMBO, K 818, KNRC, E 711, E801B, KANM, EDMO, K 623, EDBG, E 13H, KWEB, E 706, K 629, K 626, KRUM, KRH, EDSL, E 1SB, KHCH, KDZ
Dead ends;KWEB:KNG(HP)
DB version;SKAT_RDS_DEV_DB_2013_R2_16
Elapsed Time (s);0.0147704
