DS100;Fahrwegname;Kosten;Restkosten;Prioritaet;Halteplatzlaenge;Streckenklasse(G|Bis|Ab);KV Profil(G|Bis|Ab);Laenge(m);Fahrzeitrelevante VEs;Routingrelevante VEs;Einfahrt Grenzlast;Ausfahrt Grenzlast;Wagenzugmasse(t) Einfahrt;Wagenzugmasse(t) Ausfahrt
"HBDD";"HGGL-386-HSGG";33;12;100;748;D4|D4|D4;10|9|10;2033;;;4000;9999;2000;2000;
"HSGG";"HBDDN-HSGG";0;0;81;0;D4||;10||;915;;;9999;9999;2000;2000;

Path Cost;33
Path Hops;2
Path Length (m);2948
Total Priority;181
Average Priority;90
Configuration;Alpha=10|Beta=1800|Gamma=500|Rho=10|Timeout=20000
Expanded Nodes;3
Visited Stations;HVPG, HBDD
Dead ends;
DB version;SKAT_RDS_DEV_DB_2013_R2_16
Elapsed Time (s);0.000333638
