DS100;Fahrwegname;Kosten;Restkosten;Prioritaet;Halteplatzlaenge;Streckenklasse(G|Bis|Ab);KV Profil(G|Bis|Ab);Laenge(m);Fahrzeitrelevante VEs;Routingrelevante VEs;Einfahrt Grenzlast;Ausfahrt Grenzlast;Wagenzugmasse(t) Einfahrt;Wagenzugmasse(t) Ausfahrt
"AHROO";"ABCH-130-AVL";42;621;100;593;D4|D4|D4;9|9|9;1586;;;975;945;540;540;
"A517B";"AHROO-AOHA";24;616;100;750;D4|D4|D4;9|9|9;530;;;945;945;540;540;
"AOHA";"AHROO-AVL";32;570;100;0;D4||;9||;725;;;945;1400;540;540;
"AVL";"AOHA(1280)-AHAR(1280) Gz";42;547;100;0;D4||;9||;940;;;1400;1400;540;540;
"A510A";"AVL-AWLBA(1280-2) Gz";36;511;100;0;D4||;9||;805;;;1400;1400;540;540;
"A511B";"AVL-AWLBA(1280-2)";20;481;100;0;D4||;9||;455;;;1400;1400;540;540;
"AWLBA";"AVL(1280)-AHAR(2200)";61;417;100;750;D4|D4|D4;9|9|9;1350;;;1400;1310;540;540;
"A406H";"AWLBA-AHAR";27;384;100;0;D4||;9||;600;;;1310;1310;540;540;
"A407H";"AWLBA-AHAR";18;364;100;0;D4||;9||;400;;;1310;1310;540;540;
"A404H";"AWLBA-AHAR";31;343;100;0;D4||;9||;700;;;1310;1310;540;540;
"A405H";"AWLBA-AHAR Gz";22;319;100;0;D4||;9||;501;;;1310;1310;540;540;
"A402H";"AWLBA-AHAR";18;299;100;0;D4||;9||;399;;;1310;1310;540;540;
"A403H";"AWLBA-AHAR";31;274;100;0;D4||;9||;700;;;1310;1310;540;540;
"AHAR";"AVL(2200)-054-ASTE(1720)";185;218;100;756;D4|D4|D4;9|9|9;4074;;;1310;1400;540;540;
"A183M";"AHAR-ASTE";20;185;100;0;D4||;9||;455;;;1400;1400;540;540;
"A182H";"AHAR-ASTE";28;149;100;0;D4||;9||;624;;;1400;1400;540;540;
"AQMD";"AHAR-ASTE";0;94;100;0;D4||;9||;2;;;1400;1400;540;540;
"A181H";"AHAR-ASTE";27;70;100;0;D4||;9||;615;;;1400;1400;540;540;
"AMDH";"AHAR-ASTE";16;58;100;0;D4||;9||;364;;;1400;1400;540;540;
"AMD";"AHAR(1720)-AM  O(1280-1)";33;55;100;750;D4|D4|D4;9|9|9;737;;;1400;1400;540;540;
"AM  O";"AMD(1280-1)-1038/2010-AM  S(1280-3)";87;0;10;1156;D4|D4|D4;9|9|9;2643;;;1400;1300;540;540;

Path Cost;800
Path Hops;21
Path Length (m);19205
Total Priority;2010
Average Priority;95
Configuration;Alpha=10|Beta=1800|Gamma=500|Rho=10|Timeout=20000
Expanded Nodes;283
Visited Stations;AVLG, AHROO, A192A, AHAR, AHARH, AHROP, AMDH, A404H, AVL, A511B, A191B, A510A, AHROF, A502A, A494R, AWLBA, A172M, A183M, AERI, A411V, AMD, A182H, A693A, A403H, A506A, AWLBS, A294H, ASE, AERIA, A406H, AHBIA, AWLB, A281M, A405H, A195B, A194A, A181H, A694B, AQM G, A402H, A410H, A505B, A407H, A517B, AQM, A504A, AQMD, A493R, A193H, A503B, AWLG, AOHA
Dead ends;
DB version;SKAT_RDS_DEV_DB_2013_R2_16
Elapsed Time (s);0.023458
