DS100;Fahrwegname;Kosten;Restkosten;Prioritaet;Halteplatzlaenge;Streckenklasse(G|Bis|Ab);KV Profil(G|Bis|Ab);Laenge(m);Fahrzeitrelevante VEs;Routingrelevante VEs;Einfahrt Grenzlast;Ausfahrt Grenzlast;Wagenzugmasse(t) Einfahrt;Wagenzugmasse(t) Ausfahrt
"HAAK";"HWAR-HAAT";3;315;100;730;D4|D4|D4;7|7|7;1600;;;3000;3000;1590;1590;
"HAAT";"HWAR-Kurve-HLAN";137;308;100;0;D4||;7||;1922;;;3000;1865;1590;1590;
"HLAN";"HA-5-HHIG";150;189;100;720;D4|D4|D4;7|7|7;3000;;;1865;1865;1590;1590;
"H92LH";"HLAN-HHIG";28;98;100;0;D4||;7||;700;;;1865;1865;1590;1590;
"H91HA";"HLAN-HHIG";32;67;100;0;D4||;7||;800;;;1865;1865;1590;1590;
"HHIG";"HLAN-3-ESDB";138;0;80;749;D4|D4|D4;7|7|9;4008;;;1865;3000;1590;1590;

Path Cost;488
Path Hops;6
Path Length (m);12030
Total Priority;580
Average Priority;96
Configuration;Alpha=10|Beta=1800|Gamma=500|Rho=10|Timeout=20000
Expanded Nodes;8
Visited Stations;YDFAB, H01AB, HAAT, H91HA, H92LH, HAAK, HLAN
Dead ends;
DB version;SKAT_RDS_DEV_DB_2013_R2_16
Elapsed Time (s);0.000747565
