DS100;Fahrwegname;Kosten;Restkosten;Prioritaet;Halteplatzlaenge;Streckenklasse(G|Bis|Ab);KV Profil(G|Bis|Ab);Laenge(m);Fahrzeitrelevante VEs;Routingrelevante VEs;Einfahrt Grenzlast;Ausfahrt Grenzlast;Wagenzugmasse(t) Einfahrt;Wagenzugmasse(t) Ausfahrt
"AHBS";"AHBS15/49-AWLB(1255-2)";181;298;86;745;D4|D4|D4;10|10|10;2116;;;9999;9999;1599;1599;
"AHDG";"AHBS(1255-2)-AWLB(1255-2)";0;260;100;0;D4||;10||;1;;;9999;3000;1599;1599;
"AWLB";"AHBS(1255)-81-ASE(1255)";164;201;100;316;D4|D4|D4;9|9|9;3783;;;3000;3000;1599;1599;
"ASE";"AWLB-AHAR";37;128;100;0;D4||;9||;1000;;;3000;3000;1599;1599;
"AHAR";"ASE(1255)-058-AHARB(7620-0)";103;55;100;279;D4|D4|D4;10|9|10;2800;;;3000;9999;1599;1599;
"AHARB";"AHAR-127-AMD";229;0;80;791;D4|D4|D4;10|10|10;1300;;;9999;9999;1599;1599;

Path Cost;714
Path Hops;6
Path Length (m);11000
Total Priority;566
Average Priority;94
Configuration;Alpha=10|Beta=1800|Gamma=500|Rho=10|Timeout=20000
Expanded Nodes;102
Visited Stations;AVLG, AHROO, AHAR, AHARH, AHROP, AMDH, AHOSS, AVL, AQHI, AHBS, AHROF, A420H, A183M, AERI, A417H, A182H, ASE, AWLB, A281M, A419H, A181H, A134H, A527O, AHDG, A421A, A517B, AQM, A418H, A133H, ANEB, AQMD, AWLG, AOHA, A415H, A416H
Dead ends;A420H:AH(SK)
DB version;SKAT_RDS_DEV_DB_2013_R2_16
Elapsed Time (s);0.00606058
