DS100;Fahrwegname;Kosten;Restkosten;Prioritaet;Halteplatzlaenge;Streckenklasse(G|Bis|Ab);KV Profil(G|Bis|Ab);Laenge(m);Fahrzeitrelevante VEs;Routingrelevante VEs;Einfahrt Grenzlast;Ausfahrt Grenzlast;Wagenzugmasse(t) Einfahrt;Wagenzugmasse(t) Ausfahrt
"EOBRO";"EOBRM-68-EOBN";38;379;100;810;D4|D4|D4;9|9|9;900;;;2000;2000;1800;1800;
"EOB N";"EOBRO-EOSD GR";248;326;30;0;D4||;9||;1608;;;2000;2000;1800;1800;
"EOSD";"VKOMA EOB-403-EWES(EOSD) EWES-403-EGRA(EOSD) .15002";2009;417;40;720;D4|D4|D4;9|9|9;5806;;;2000;2000;1800;1800;
"EGRA";"EOSD-EOS E";109;244;100;0;D4||;9||;1200;;;2000;2000;1800;1800;
"EOS E";"EGRA-10-EOS G";129;160;100;0;D4||;9||;1429;;;2000;9999;1800;1800;
"EOS G";"EOS E-10-405-EOS G";99;0;81;685;D4|D4|D4;10|9|10;1100;;;9999;9999;1800;1800;

Path Cost;2632
Path Hops;6
Path Length (m);12043
Total Priority;451
Average Priority;75
Configuration;Alpha=10|Beta=1800|Gamma=500|Rho=10|Timeout=20000
Expanded Nodes;72
Visited Stations;EDHB, EDRU, EOSD, EDOM, EOBU, E9268, EOB, EOB N, E 663, E 606, E 182, EEDL, EEDZ, EOS M, EEKP, EKKR, E 664, E 698, EOBRB, EOBRO, EOB O, EGED, E 657, E665Y, EOHT, E 607, E9269, EDME, E9266, E662X, EEBE, E 696, EPRL, E9267, EBTS, EDMO, EGRA, EOS E
Dead ends;EOB:EKOL(GL)
DB version;SKAT_RDS_DEV_DB_2013_R2_16
Elapsed Time (s);0.00462731
