DS100;Fahrwegname;Kosten;Restkosten;Prioritaet;Halteplatzlaenge;Streckenklasse(G|Bis|Ab);KV Profil(G|Bis|Ab);Laenge(m);Fahrzeitrelevante VEs;Routingrelevante VEs;Einfahrt Grenzlast;Ausfahrt Grenzlast;Wagenzugmasse(t) Einfahrt;Wagenzugmasse(t) Ausfahrt
"BWE";"LGZ-732-BWP";121;1059;100;581;D4|D4|D4;9|9|9;4931;;;2955;2745;1965;1965;
"BWP G";"BWE-642/622-BPD";121;1063;100;765;D4|D4|D4;9|9|9;3035;;;2745;2745;1965;1965;
"BWP";"BWE-622-BPD";31;1088;100;203;D4|D4|D4;9|9|9;775;;;2745;2745;1965;1965;
"BWPO";"BWP-BPD";34;1122;100;0;D4||;9||;855;;;2745;3000;1965;1965;
"BPDC";"BWP-BPD";13;1147;100;0;D4||;9||;345;;;3000;3000;1965;1965;
"B 916";"BPDC-BPD";18;1171;100;0;D4||;9||;450;;;3000;3000;1965;1965;
"B 913";"BWP-BPD";12;1241;100;0;D4||;9||;300;;;3000;3000;1965;1965;
"BPD";"BWP-134-BGBS";136;1343;100;406;D4|D4|D4;9|9|9;3400;;;3000;3000;1965;1965;
"BGBS";"BPD-724-BGBSO";106;1476;100;406;D4|D4|D4;9|9|9;2650;;;3000;3000;1965;1965;
"BGBSO";"BPD-BWS";21;1513;100;0;D4||;9||;525;;;3000;3000;1965;1965;
"BQGB";"BGBSO-BWS";48;1535;100;0;D4||;9||;1209;;;3000;3000;1965;1965;
"BWS";"BGBSO-336-BGD S H50";212;1533;100;470;D4|D4|D4;9|9|9;5300;;;3000;2505;1965;1965;
"B 108";"BWS-BGD S";88;1568;100;0;D4||;9||;2200;;;2505;2505;1965;1965;
"B 107";"BWS-BGD S";80;1588;100;0;D4||;9||;2000;;;2505;2505;1965;1965;
"BGD S";"BWS-S-BGD R";64;1626;100;0;D4||;9||;1620;;;2505;3000;1965;1965;
"BGD R";"BGD S-11-BHLRN";141;1705;100;651;D4|D4|D4;9|9|9;2542;;;3000;3000;1965;1965;
"BHLRN";"BGD R-103-BCHG";75;1694;100;0;D4||;9||;1733;;;3000;3000;1965;1965;
"BCHG";"BHLRN-113-BWD";81;1713;100;0;D4||;9||;1953;;;3000;3000;1965;1965;
"BWD";"BCHG-503/521-BSPDO";92;1577;100;0;D4||;9||;2300;;;3000;3000;1965;1965;
"BSPDO";"BWD-R-554-BSPD";59;1521;100;0;D4||;9||;1499;;;3000;3000;1965;1965;
"BSPDM";"BSPDO-5441-BSPD";32;1473;100;0;D4||;9||;800;;;3000;3000;1965;1965;
"BSPD";"BSPDM-714-BNDM H140";49;1437;100;491;D4|D4|D4;9|9|9;1240;;;3000;3000;1965;1965;
"BSPDW";"BSPD-714-U-BNDM";30;1399;100;0;D4||;9||;760;;;3000;3000;1965;1965;
"B8711";"BSPDW-U-BNDM";56;1305;100;0;D4||;9||;1400;;;3000;3000;1965;1965;
"BNDM";"BSPDW-U-BWUS";98;1239;100;0;D4||;9||;2450;;;3000;3000;1965;1965;
"BQSTA";"BNDM-U-BWUS";6;1110;100;0;D4||;9||;150;;;3000;3000;1965;1965;
"BWUS";"BSPD-U-LRIK";527;719;100;0;D4||;9||;13180;;;3000;3000;1965;1965;
"BWUSN";"BSPD-U-LRIK";232;679;100;0;D4||;9||;5810;;;3000;3000;1965;1965;
"YBLWB";"BWUSN-LRIK";0;452;100;0;D4||;9||;20;;;3000;3000;1965;1965;
"LRIK";"BWUSN(U)-LBOW(U)";476;0;100;740;D4|D4|D4;9|9|9;12790;;;3000;3000;1965;1965;

Path Cost;3059
Path Hops;30
Path Length (m);78222
Total Priority;3000
Average Priority;100
Configuration;Alpha=10|Beta=1800|Gamma=500|Rho=10|Timeout=20000
Expanded Nodes;765
Visited Stations;B9702, B7722, BGBS, BGBSO, BCHG, W3194, BAWP, L1951, L1918, B8415, BWUR, BAFI, B7430, BWUN, B8731, W3285, B7313, BSE, L1948, BSIS, BSPD, B7253, L1904, BHDW, B9305, B7326, L1934, B7813, BBRI, B7145, W3190, BSTA, BPDP, LQWU, L1939, L1913, BLIA, BQSTA, B7443, BRC, BDW, BSPDM, L1908, L 943, BNES, B8520, BSPG, L2904, L1947, B7419, LWUZ, BFAH, W3188, BWE, B9804, BGD S, L1942, B4023, W3197, B 916, L1922, B7822, B8417, B8734, BCAP, L1905, BSS U, BWHO, B7143, BHSL, BQSTG, L1945, B 913, L1929, B7824, BHLRN, B8711, B7317, B 107, LB, LB  G, B 803, W3282, L 941, B8418, B7422, L2901, BRUH, LKIM, BSE O, L1952, B2213, B7445, BETN, L1919, B2083, BSWL, B7252, L1936, W3193, BWPS, B7251, BSTH, L1915, L1902, L1943, L1917, BFIN, B7146, L1950, BGH, BGH N, B9415, BPD, L1937, BGOL, BQGB, BWHA, B 108, B9704, B7713, B7324, W3286, BBEL, L2902, BNDM, BSFD, BWPO, BPOT, B7415, BDL, BSE N, BBK, L1923, BQAS, W3186, BZOO, BAS, B4013, B9803, BSAM, BMIP, BCHB, LGZ, YBLWG, BGHO, WPAU, W3284, B 101, B8416, L1944, L1940, B8733, B7420, B8528, BSAT, BWD, BWUG, B1220, BSE B, W3195, W3185, B7314, L2903, L1921, BWNG, W3187, BSS O, B1083, BGD R, BWUS, BWUSN, BGSBS, L1920, BGH M, L1941, L1946, BWP, BWP G, LGOE, B9306, L1930, L1924, B7815, B7418, B7319, BNAU, B7144, BAWF, B7417, BSPDW, BHDO, BMQU, B 802, B7416, BSE W, BSPDO, B8519, BWURO, BPDC, B2224, W3189, L1938, BWS, L1931, L1906, BGBW, L1932, YBLWB, BFKS, B7148, L1949, BFLZ, L1907, B7254, BSTAB
Dead ends;BLIA:BSE B(GL)
DB version;SKAT_RDS_DEV_DB_2013_R2_16
Elapsed Time (s);0.0412799
