DS100;Fahrwegname;Kosten;Restkosten;Prioritaet;Halteplatzlaenge;Streckenklasse(G|Bis|Ab);KV Profil(G|Bis|Ab);Laenge(m);Fahrzeitrelevante VEs;Routingrelevante VEs;Einfahrt Grenzlast;Ausfahrt Grenzlast;Wagenzugmasse(t) Einfahrt;Wagenzugmasse(t) Ausfahrt
"AHE";"AHM-2-AEL";97;897;100;695;D4|D4|D4;9|9|9;5000;;;1990;1990;910;910;
"AMF";"AHM-1-AEL";181;703;100;0;D4||;9||;4900;;;1990;1990;910;910;
"AMFU";"AHM-1-AEL";77;646;100;750;D4|D4|D4;9|9|9;2100;;;1990;1990;910;910;
"ASD";"AHE-2-AWIR H1";407;437;100;570;D4|D4|D4;9|9|9;11000;;;1990;1425;910;910;
"A6029";"ASD-AWIR";278;413;100;0;D4||;9||;7510;;;1425;1425;910;910;
"ABR";"ASD-AWIR";9;370;100;0;D4||;9||;244;;;1425;1425;910;910;
"A6036";"ASD-AWIR";46;338;100;0;D4||;9||;1246;;;1425;1425;910;910;
"AHOD";"ASD-AWIR Gz";185;308;100;700;D2|D4|D2;9|9|9;5000;;;1425;1425;910;910;
"AWIR";"VKOMA ASD-214/203-AEL(AWIR) AEL-203-ABK(AWIR) .3117";2866;308;80;606;D4|D4|D4;9|9|9;14601;;;1425;2495;910;910;
"ASM";"AWIR-ABK";76;55;100;100;D4|D4|D4;9|9|9;1000;;;2495;2300;910;910;
"AKUD";"AWIR-ABK";148;0;100;200;D4|D4|D4;9|9|9;3500;;;2300;2300;910;910;

Path Cost;4370
Path Hops;11
Path Length (m);56101
Total Priority;1080
Average Priority;98
Configuration;Alpha=10|Beta=1800|Gamma=500|Rho=10|Timeout=20000
Expanded Nodes;132
Visited Stations;AFD, A5440, AWIR, A6821, A5442, ABR, AKM, A6029, A6036, AIZ, A5435, A514E, ASD, AHDT, AMFU, AHOD, ALU, ASM, A6819, AMF, ASDC, AALG, AHZH, A556E, AHM, AEBR, A513G, A5437, A512E, AKHD, A5433, A5061, A6822, A6612, AHI, AGST, AALS, AHOE, A511G, A5444, A6511, A6820, A555E, AHE
Dead ends;
DB version;SKAT_RDS_DEV_DB_2013_R2_16
Elapsed Time (s);0.00451171
