DS100;Fahrwegname;Kosten;Restkosten;Prioritaet;Halteplatzlaenge;Streckenklasse(G|Bis|Ab);KV Profil(G|Bis|Ab);Laenge(m);Fahrzeitrelevante VEs;Routingrelevante VEs;Einfahrt Grenzlast;Ausfahrt Grenzlast;Wagenzugmasse(t) Einfahrt;Wagenzugmasse(t) Ausfahrt

Path Cost;0
Path Hops;0
Path Length (m);0
Total Priority;0
Average Priority;0
Configuration;Alpha=10|Beta=1800|Gamma=500|Rho=10|Timeout=20000
Expanded Nodes;70174
Visited Stations;RBEU, BRA, MWBG, NMG, L3220, H4051, H123B, KFKO, M  11, R3420, BGZ, NHL, M120C, F678B, EDW, F009D, BZS, A457T, NOA, E 413, XT182, LDL, B6733, HOR S, R1286, E 150, K 904, DM, LDM, H563A, KLET, HHIO, K779D, LSV, H652H, N  64, HELS, L1835, L118W, MMZG, WGRB, MBOB, NPOE, M 687, HQ, YBBTW, KBUE, BPIL, NKCH, AH, AHS, EKME, B9702, UJS, R4511, E 31D, A529R, B7722, LAG, UGNH, M 226, E 656, F122B, FKOA, A201B, M 833, KKN W, K042A, B6024, K9015, TML, LSS, H433L, FAG, HWED, D1136, K 650, M237A, H173M, HSFF, XN607, SOG, H81ML, MEIC, TNI, RMK, FDU, RSCF, RSCFW, MTPF, EBGO, S 7KN, H103H, RST, EDFD, KBAY, WTHN, NGD, RLB G, KKH, N903A, FED, N 57E, F002D, BUS, E 135, HBR E, E8414, N121A, B6302, FSL, TBI, M 35A, E22A, LKF, N 357, R 41N, M210A, E 57, LSD, K110N, LBRC, A043A, T105F, FUR, KKBM, N 27B, DA, H556G, B5243, RBBO, SES, A361S, HLH, L7280, RHGBB, ANR, W3489, RNL, BGBS, BGBSO, L5528, R761B, HBRA, DPO, E744L, THO, F203A, KLA, FMG, FMGN, MGHN, NTAS, ENHF, L7088, N  2D, NBA, RSZM, BBRK, M 616, FOK, E532M, F278A, BLE, E 358, BQFH, NAG, M 310, E 935, EDHZ, R  7R, M110B, E 189, K076A, K 950, LME, BCHG, T 24O, HKWA, RLF, A393W, D1113, L8383, SRAS, W6497, N  3B, A113R, HALI, LQRB, ATST, SBY, R847O, H11WW, W3194, A572L, RSL, M 159, MEBM, M 58A, HIHV, KBPS, L8814, KDU, KDU K, L6794, EOBRS, EEAL, M 544, SKZK, NHEB, FHAI, F028A, WMCH, NCA, E 08, TRF, EDHM, LAB, N 792, R 41K, M409A, W5288, KHR, KHR U, MOZ, NAS, H929P, NNEH, HGRK, RXKW, BAWP, MUHU, EDG, K2830, NWZ, TSU, F006E, R6314, F544A, BHWN, U 747, LBW, UBSN, HFRB, TSIG, EDOB, HDOG, K2825, BLIH, TH, FDSU, RBOH, HLIH, L1951, AHOS, H01BB, ALSJ, MIS, A081N, BCS, BCSF, W 606, AL, MP, MPGO, RNO, L1918, AVLG, EHRBS, EHUO, K367A, TOEW, BHSH, WPF, FE51, ECWHA, ECWH, UEEN, E 473, A743H, DSA, M113B, HLER, HLERW, E 681, N 62C, F028E, K209K, EWAN, EWANY, LLK, W9906, T402S, K 343, LGQ, N 898, T 12A, H89HC, RMAL, HVBG, U 891, K 317, LGRU, H653H, LF, LF  S, HD, HHEI, F195A, K006K, LWBU, T 42A, N 353, W5194, DGC, HSCG, R120W, LSBE, H16EG, N441B, W 156, D 958, B8415, LHGB, A81BB, U2029, M 611, E954D, MFLI, M210C, H51C, RF, L9352, U2531, H106E, EHE, KDDH, K022F, N 72E, BSOE, WPZA, M112F, NNMO, FGOG, BWUR, NRPG, FLW, F425A, BHDB, HHTA, F053B, BBSK, LMAW, B3715, A904A, T244P, TSHT, LMB, LMTW, H42DS, T422P, RBDH, HSB, U 292, H42LH, HQNA, MHEM, HH959, XTDPR, HLT, L902S, LQBD, ARH, H02VB, MMIB, W3592, MA, MA  S, A123H, RKDU, L5118, ARD, A927H, HLMB, RZ, D6763, K014A, KDHA, FNOM, EOG, NSTT, L2906, H3825, H542L, KKL, EDBA, S051C, R3317, BBIKS, NLUD, SQPZ, EHID, F553A, WBLH, L0340, FHER, E 522, F826A, XT126, N2756, B6521, R  6S, E 145, F490A, T892A, DNI, H36SU, R 14N, HPRT, D1114, FH  M, AHROO, H212S, R105R, MBB, HST, W5682, M 610, E962B, SVLW, WHO, M 667, NFUF, FFBS, BBS, E 132, BQAK, NNE, HC, HC  G, E 835, LKD, LKD H, F715B, ESEK, LGKL, R 36K, M112C, E902M, K035A, KMEU, TNL, LEI, LEI G, B6306, R205M, A028K, RL, RLUM, N 24H, A43OK, K 20B, D1102, B1111, RWDG, H06EN, A389T, N 603, WGNV, NRWU, BFR, R240F, NRH, NRH B, KVH, N 58E, WRKD, NN, NNG, F006A, M 114, TBGG, F683A, A544R, BQGR, M  20, RGEM, FSTE, F031D, LL, LLB, A192A, M 634, E2622, FA176, LZE, SLM, F206B, H74ER, B9204, R338L, HQRT, B 139, MONH, HBSB, B  12, R732M, MTA, TDM, RBRH, KDL, FFU, FFU N, MJET, EEMS, M 423, WPIG, SSH, SSH W, KBLB, EMHD, M 902, E247U, K053A, TBK, K8003, M625A, LBAS, H59EA, HLFO, MAPL, H91DW, T153P, MNN, YBLGB, LQGOS, TQLL, AHAR, AHARH, T382S, FOBI, MHEH, M 295, S 4SB, RHGN, EDBZ, D 575, T4750, BLO, BFAL, SSR N, BKOD, M223A, FRUK, FREH, TER, LPE, R328L, E 436, TSF, K085L, RUO, T123P, FTRE, W 94, HLOD, B5232, H31NN, W6383, N 986, WPZ, NHA, LMGA, KMR, EHRBD, EDMS, K039A, WLW, AHROP, EDOH, BAFI, HLGH, FEGB, EHAD, E794B, A729H, B7430, H184B, E 812, F022E, K 103, TFR, W9701, M 448, YBBHN, KLDG, K 401, TOLC, LHR, H94LB, T 85B, AMDH, B1311, RIN, K103A, HLFB, FFG, FFG H, U 592, KKE A, LBOF, A109S, H65WG, RAH, MWHN, HSVL, YFRLH, KKEM, BKP, L7696, HOEG, NFO, M419C, KERF, EDHB, K2415, BWOL, AEGS, TSID, FHW, F775A, K5038, WMI, H21GG, E 109, LBSO, LQZD, E6515, FGTB, TUN, T 11F, LNH, K154A, K7712, LBM, H08KO, SAB, B712, H53LN, T177P, HKAW, L3226, LQSW, RQBA, SED, M 582, KERW, EDAU, S001G, R3316, BST, NNKS, FQLO, EPVP, F693A, WDM, FD, E 492, LDLO, B6414, R312S, H622L, HO  O, E 987, F296C, T791A, DLEW, DOT, H61UE, R 34N, N 572, KLKS, YKKNR, LAS, H241H, N 23B, MABI, RKPW, MBHM, NSG, EHDT, NSTAA, H52G, RBER, L2024, NERL, B3922, NOS, BWUN, HEDS, KROI, F001B, FHOE, U2522, E 779, UBEU, SHAM, FLOE, F891B, FIH, R  4L, M225B, FBGK, FBGKV, TSTE, K030L, T155P, KBOP, N 56A, HALF, K 516, DZSC, BWDG, HAMI, L903S, K006G, B5187, AHBRS, R430F, LMUK, MN  A, RRM, H10DB, ALSC, SBKL, A120K, HOHT, RLR, RHAG, S8134, K2717, R557L, L2934, H3933, ECP, HUNL, L  38, UQGH, AWOL, SMD, A118H, LTN, A552R, RHA, L0130, MNL, M 51A, M170U, HGEE, RSNA, EBILG, BLU, FBK, MSCG, L7740, M 431, MN  D, A112K, ERES, L0131, S017E, WRS, WRT, H5542, MRIU, FG, F815A, BWZ, A403L, UVO, E 05, F004C, TSOM, EDRH, LWBW, R683H, M414A, N911A, XTCH, T5806, N 44A, W3782, HF, K 954, DRA, H632A, N 560, KRET, HHRS, RBRZ, B1088, B6844, H217D, MHFM, A086B, W 647, MANL, MOP, MOP W, EDHDO, L2499, M 427, NSFN, KND, EEFR, BDT, A334, KPRH, M 617, NBR, RKHG, F526B, E 202, WN, WN  G, H81HU, TEK, B5022, EFBU, LLH, R 27K, M119A, R121K, R856H, FMN, B8731, N 58B, K  50, B5413, A398S, KSBR, KPH, KPHF, SWI, H02LH, W3285, HHSW, HBKB, M158U, H108D, RHRB, EOS T, H0156, D 775, M 469, K002R, FWRT, THMA, LBLG, H62PM, B1322, N 807, U892B, H818W, TSU F, LE, LE  V, HBH, HBWU, DWEW, MDA, N 391, KWU, MMR, NIR, YFHHL, KKEV, F135A, A042T, KHAR, EDRU, F041B, EHEO, S009H, R3422, D 486, H5549, SHY, SHY O, FW, A421S, UGRI, FBB, E 865, F755A, KM, KM  G, BHUL, R118E, EQND, T765F, W3779, K 907, LLWP, F842A, DPRO, H401W, T140P, N 764, L2627, L2932, W 191, A466T, H09BD, A142A, HSMK, SAM, M618A, L3117, RH, RHBF, MHMG, MVG, U2851, KKOS, EBTV, N411A, K431A, KALA, WMN, NNST, UBEW, YBBAK, R 897, BDKO, BDKN, H5723, E543D, A728W, B7313, TRST, H201B, M443, E 764, F018C, FSA, M 244, W5585, SWIG, MHSL, FEG, REMM, DREG, EARB, NFW, H67UB, S 8SK, N 65B, BMX, NVA, UNTA, EGK, F015A, BSE, WNAS, U7053, ALAN, NEM, NNMU, F175A, BUK, A539K, HHI, HHI G, K402A, E3258, L2592, F345A, N 791, LLP, LLIN, R1287, M 647, E3366, K003K, LGG, H53BM, FNFD, F111A, N 61A, M136A, NGM, NGM S, HQD, LAG O, HWAB, YLHBL, DNHD, FQWO, XNVL, H73L, MWAS, RKR, E 850, A112A, H08EH, UGBH, HBDS, FDTH, E 983, W692, LROH, R3752, E 101, DHD, DNS, K101L, LMEI, T174P, KUR, W5595, N 29A, HLE, HNTH, H01NE, ENDV, HBTF, LRHU, L1948, K005H, ALAU, R160F, H218D, MKMR, RMF, LJD, RKPD, SSI, EWBV, RWEI, S 833, R447L, H3612, NWDN, L2962, NWR U, EBOR, F074A, R3315, FB46, NNP, FQIHA, F523A, WBSG, EWVE, H023B, E 464, A225R, LG, B6527, M205B, R 22G, E803C, A404H, T775A, H915L, B3112, DWIG, RWRT, RWRTL, KDFF, LIB, R684H, H27EU, FKES, N 72D, HMEH, K 248, ABCH, LSW, LSW G, N 606, M635A, SMT, SBES, MMCH, MINU, N201B, RORW, KLK, KLMI, MKFG, H202G, BZIL, H904P, WPI, M 713, W 114, DSVT, TWA, K004M, RBRC, A252K, FOPP, N 491, H614H, K903B, D 627, B8407, RL  K, H17SE, SKLN, N 57C, A384T, EBRA, AHOSS, BQHC, AWG, H01PL, MAGD, W3386, RKMG, L7012, RBRL, AVL, M167U, M 665, A475F, ESPR, RLAU, RQLM, S010B, BSIS, WDF, WDF N, NG, TAUS, UR, FMF, F224A, BEW, E326A, A541K, W3787, E2843, N 21D, F029C, FRIH, B2926, A511B, M 683, K 352, K0958, TELL, LTNZ, H23LS, B1215, HVOE, M 413, H214B, WQHB, HEIV, F179A, U132V, A74WR, MSO, F105D, KME, FSO, TBIB, MNSG, HVEP, YBBIK, S 2HN, R  5N, KSPI, EKG, A320, WPRZ, K164K, E 284, WM  B, UBAS, F483B, FMBS, TMK, E452, R222G, BASC, BTL, U5015, M513A, FKLM, F245A, R2112, BZA, E 725, LGC, E 510, TSHM, LKUH, K062A, TLN, K7700, LMGN, FWAH, HROT, D6591, E615K, M 458, BGSB, H804L, H210B, SDZG, L4126, UQBU, M435A, RQB, ABRS, SIG, U0321, LM, LMGH, FMZ, FMZ A, MNBD, ECMF, EBTHG, L2013, LGOH, NOE, BSPD, L4375, EPD G, F478A, BKAR, YKMNS, FSP, BNH, WWLS, YDFSM, FLO, E523L, B7253, TUSO, TUSOW, A675H, M 121, E 813, F011E, LPD, B2212, M 504, K  75, FMT, TKS, DPS, R3044, LWU, WKGW, T336H, H34KS, HBKL, U 796, ACV, ACV F, U2421, K 330, A611R, H883W, N 54D, F924B, M634A, AWIR, SHEM, SNID, MLH, A06WL, KSO, WZN, MOMN, HBRM, KRBE, F199A, WBL, AAH, S015G, E813D, UO, FDUU, F202E, BGM, HHEP, E137L, LAMS, W3091, M 216, N 894, W 638, FWIL, A594S, RBAN, BGR, R402S, EDSM, L3316, AJF, A465M, HDRY, RLFG, WSAF, H4047, NST, F206C, M  81, BBIKL, NSAI, SEU, F013C, FFTGF, F672A, FLOR, LEGG, F714A, BBRA, M 113, EHG, A452K, NHE, UN, FSEL, E 752, F037B, N  4L, HOYG, A191B, A073W, LEST, H03WH, K 472, M 404, H213B, H179G, MTLG, YBLBN, U121V, A73RW, MOL, MAIE, TMA, KWV, S807S, MLIG, HSTT, S22HK, RUEB, LHAG, RRZB, N 12E, WW, NS, BSAE, E 3MK, E8127, RLAG, FWRA, E641, LTG, N352A, R313S, M205A, E 60, LGSN, B6839, R  2M, A061A, N 35A, HSSN, K131B, E946, H32NN, B5214, T318C, N771A, HPTH, A381T, B 501, ADR, A309B, MSR, W3484, H3940, YLHOW, M 54A, KAREP, EMUW, EDLU, NLHM, FERB, F519A, NAN, USAE, A429E, UER, E 714, F033B, L8333, F136C, D6764, H823L, LRMF, T393S, W5287, SHWG, H633A, F714B, L1904, L864M, H01BV, A977W, LHNWO, MZO, A161M, U2443, H65MP, SFH, E935S, MIT, MN  T, L6111, WSB, NBAB, L910S, KERZ, K028F, WGE, M215A, UEBI, EMHM, BHND, WHAM, NWI, AJUS, AEL, AEL W, HBOS, DWR, B1129, SSOB, MIN, W5471, BSN, BSN E, KHIS, WGBN, FRAC, EDOE, EDOEF, M 424, BHDW, NVKL, N  3E, EBKP, M 589, FOWH, F253A, E 349, A176L, NHW, E822, BPFG, TLK, SMZG, SMZM, HHOH, HHOHA, LLS, R 25R, M107A, E 6O, K073B, TWK, LFG, H11WN, T 14H, RRZA, B707, N432A, HBOD, A362H, D6569, T133P, F103D, NZIK, HSO, LQWZ, AOBG, B6950, H44EH, LZZN, FDE, FDE N, RNT, KDGG, K905G, HE, MFTL, EBLAZ, R933O, L4867, W3673, RGZ, AM  W, TACHF, EG, MRMS, XFSW, SMZS, NWFH, UHSN, B9305, WCO, A138D, UGSB, FKGS, E 644, KKN B, LEU, WKT, FDST, MAMS, NNAE, MMHG, SMSO, BBSN, KKMN, EDHP, BBZS, U5226, NKA, UPF, FMAS, R4515, F573A, BFW, U 846, B7326, WWAN, UGU, E 797, F523B, A510A, M 835, KK, KKHRW, K044A, E 350, K970B, A134W, W5388, RBMT, K2242, FFAN, HBEN, L2935, M 65A, B 91, R9392, H963U, R 51R, MPER, A585L, MFHB, L1934, MERB, EDKK, K032G, T1753, WRB, USU, EGAB, EKOL, FBI, E 491, WLMW, A753N, W072, LZBR, E 245, F033E, UKSO, LPR, W9402, T406S, M254A, XLW, LFE, T662U, KHGB, B7813, HGDN, U 991, K 775, E565W, H74SL, N 414, HNKP, L1836, N652A, T685B, W5389, RETG, LLUD, H02GC, ELAG, KXKK, KT, KT  V, D 917, AA, M 150, H01NH, R9093, MGK, F133A, A101L, HGAA, BAG O, U2033, W6085, E959A, M   1, RWR, WTA, KKOI, EBKM, K020B, HNNG, NNLW, UHP, BBRI, B3322, AVLS, F106A, TBLM, H914S, FGRO, R323S, EMRY, EMRYA, A542R, B7145, M  2B, E 777, F065D, LNK, K 474, FBRM, K105K, TJZ, LSBO, H04HW, U 018, H69WS, AQHI, RMAI, B 510, R289F, H02NH, W3487, LRAW, A595S, RSZ, ROFH, KSTG, L5517, ALSK, HT, RHRT, MLI, L3224, H3932, F107C, H101T, M  13, S032A, R3769, BGSW, NHS, EUNW, F007A, BZW, L0341, A459T, NLE, UN  N, F829A, E 544, TBM, XT281, LGPN, M643B, F793A, KKANR, T184A, DGB, ABXG, H24UE, R312O, N 70B, W 158, D 928, AHBS, WW  N, ANMS, HLEH, U2027, W5883, M615A, E931S, H151C, RFZ, EHOK, WGRO, M2, FDW, F243A, E 368, M 313, FKFT, E 906, F596B, TBWA, R  3R, M111B, E991N, K078A, TOP, LGLB, HFAS, T 32O, RBGP, N 62A, D1109, L8388, H972R, BQTL, H2024, N 905, HOTZ, L  62, LQLA, ABLZ, SCOC, SEE, H767L, W3190, EHE P, N 73E, K024D, XNVLO, BGK W, FBIZ, EHMD, F001C, BSTA, NNOS, FDG, WSRR, A509J, BWDF, H196H, M  15, FGER, FEIM, E 958, F051A, LMAG, A908A, T293P, LM  S, H432H, HBSM, U 017, H54NL, HQVW, MPO, LFLO, HS956, AM  S, XTDC, DLH, TBR, RRA, KDGA, NWHR, EKAN, M407A, SSH R, M  3A, F681A, RN, RN  A, KSLA, EWANF, EOSD, BWURE, WS, M 608, K8007, TSY, LTH, N 71A, HKOL, D1132, L143W, M448A, LHAR, H161B, HWAL, YBLDN, RUEN, H67PB, MSNG, B5188, RRHM, BPDP, EHGV, MLR, MAFB, FHHN, MAOB, EABG, M414, S 3KN, L2490, NPA, RL  T, KNSD, BBW, BKN, E 137, WNT, WBGH, N 125, B6213, FGEF, TSX, M 32A, LHRA, R 43N, M211A, E 49, SDLG, LMN, A037A, T107F, FIL, N 41A, K 951, H553G, B5111, SDEO, HHAS, L7473, K1152, EGBK, EWFR, K974A, TTPS, WHU, FE141, EBLT, BSAH, E 469, A748R, BLS, HLERN, E 842, F029D, K108A, TSGZ, LKNF, W5402, T350S, H911W, K 903, K365A, E48 4, H3883, T 22A, K309D, U 692, A131S, LHSG, LF  N, HBN, R589L, S 812, MKF, RKL, N 11D, NWDF, H940V, HSAK, SXHA, KKRO, EDWD, EDWDP, E622W, RXNB, BVTW, L7091, KSTU, EDOM, K2721, BJA, NWH, ATHS, R6217, R 11S, E946A, WQF, H12HI, M 234, E2534, N 62D, E248H, K052E, K7815, THST, LMGE, SWNW, B706, F002E, D 101, M118C, H75RE, T157P, MMK, L8380, RQMW, MMDN, MABY, BOKN, MWTR, FOTS, MNOD, NHAG, M 285, EMV, N 514, FDI, E 512, XT117, BMZG, B6419, E 965, F392A, T890A, DCB, LCBW, H42KS, FLSR, HBOE, H232K, R102R, MOD, LHAT, AWHOS, M606A, W5684, E943D, SBO, N 607, RMAR, L2016, S 1SB, L115W, KNEW, F018B, T4754, NXPA, B6028, BHR, E 333, UUD, HBHP, FAF, FKW, TUD, R 26L, E 102, K106L, TWIN, A078F, T120P, FBCH, W 91, N 401, WNS, WNS G, B5233, RSHF, RAN, H123E, HH, HHAW, L905S, K185G, LQWU, R506F, MSCS, W3586, RURB, L5117, ALTS, A928K, HBOM, RFN, D6766, RWU, L2921, H0125, M 587, H539L, KDBW, E907W, S055E, R3763, ERTL, WZAR, LWEW, A584T, BHW, BHW W, RLS, HASD, L8824, MATH, EOBRM, EEVL, S013F, BSB, M 538, SKU, SKU O, FGEL, F822A, WRZ, NWHF, E 645, F012E, TACH, L  10, LELT, N 793, HSIK, DHDS, W5184, K2826, H883H, FEMW, RSLZ, L2630, L1939, B6841, H21TB, MUFG, A072N, W 656, ABAE, MPB, REBR, MBIH, L1913, HRAH, M 659, H37NE, ALD G, E 613, WSZG, NHMA, E 833, THTO, LDI, R 34K, M113A, K037A, KBUU, TSWK, LDD, A034K, R203M, A31RO, HSTA, K 30S, D 962, B1107, SLD, A393S, HKSU, F593B, L  37, UQSK, E628F, W5802, ASDN, SHZ, W3290, A042S, RLT, HLIG, RGB, FHN, H4053, M 82A, HLEG, EMSI, U2411, S001H, H5550, NNEI, F001A, K711D, F813A, BFBI, BSDO, M502A, A415L, E 883, F284A, R 12H, N149A, S 842, RBUE, FKON, MSCN, MUHO, HOCH, KNIK, BLIA, L7872, NBT, RRZ, RRZ G, KMUH, EOBU, F103K, BTN, M 690, ASTS, FMB P, FHWB, F783A, K5037, WGW, H23GG, M902A, LFA, LBEN, WSD, BQSTA, A293H, T5810, HVOR, LMAN, DRRW, HSEN, L2636, LNW, B1090, ABAG, H209D, A094D, HWHN, W 643, RSII, MAKN, M 203, U1121, NOT, UKLD, MDRD, EDSH, K138A, BBIKM, AHROF, R157O, YHHBG, HLEA, FWX, E743L, A727H, B7443, H204B, M437, LRIG, F020A, M251A, W9403, A599B, M 453, TLL, LKRF, H84BP, T 91H, RLA, B8515, K101A, KMZ, U893B, K 414, H68SD, HQBU, N 936, HWU, HHML, S 6AA, N 161, FHBH, HNM, KBRY, NNRS, M402A, F010C, BRC, BDW, WDWE, U7061, L8011, BBA, M 574, EEFD, A613L, UG, RBLN, FFGA, F839A, LLST, A502A, M 636, E0147, K 137, F242A, B  21, M434A, LPRL, N  81, F204B, RSG, RSG N, HVWH, U 013, M232B, B9202, F523W, H82DE, AQNW, B 254, MHLK, LBI, HACH, B  15, MAND, ROH, KDES, MMAH, L2494, M 426, WNSG, RMR W, KSIB, EDEU, KFNO, TWN, K076H, W6292, T161P, KRHE, BSPDM, AAMP, HFRE, DSTU, KBP, N 442, HALT, L1908, K181G, A719H, KHEH, R429F, MKZ, LMRH, H534D, RSIG, SHSS, A132H, HHSB, RLST, S 834, R609M, MMSZ, L2941, H3606, EDVB, RAP, RAPM, M 540, KBEE, EDAS, F061B, R3760, BFRD, NHR, FQL, EOFE, K2948, WUTZ, RGCH, E 480, LBN, B6412, R316G, H623K, RRAI, F292C, LBIZ, A128H, T778A, L5534, LBF, H41SK, R 36N, N  3D, LBIK, H231F, W5583, SSAB, MHRK, RKOE, BZO, BZO A, EFRE, FKR, FKR S, NWDG, H70UB, KFOS, N 51C, BHEL, NEF, UGH, ESMD, F017B, U7054, ASST, BWA, U0682, E151B, UBKZ, FLOL, F737A, KKEG, FLRN, E3256, N 795, R957H, A394S, KKW, E5003, T101R, SKOW, H02LP, W3396, LSUEA, D7742, M161U, A482A, RBE, KRY P, L 943, H4159, M 53B, EBRI, S011F, R3868, BBSP, MSHW, FWO, F013B, TBEA, K 493, E9268, TBZ, H45KB, N 31B, F105C, A121H, FKOO, LMB F, U 194, M134A, H172A, MDFN, LA, LA  W, HETR, YBLOR, WLOG, H172M, NRAAZ, BSWP, BSAD, KD, NWFD, FF, FF  H, RRAM, HMEL, SWE, S 1EB, NMI, KHOS, KPW, KPW S, A330, M 609, NSST, F209A, E 314, FST, F462B, TMAN, LCB, R 25K, M120A, K013G, A062A, FWOR, KKE K, H611C, K952B, D 623, B5423, RWPF, SKEN, E4513, TRC, R902O, M123B, K161A, M626A, LGWU, H03OK, D 773, THSG, SHMB, A494R, HMDF, ALBG, ALBGW, DLI, LQSO, TQUR, ABRD, SPI, MAAU, BNES, U0316, MGKG, EEPE, NF, NF  G, FESG, RSAB, EBWE, EBWEG, B3911, BFRI, LMHR, NLS, AWN, AWN F, KBR P, N 821, F003A, NHT, F002A, FGM, BSFE, WMF, U2532, E 784, UHAU, SZWR, FBFS, E 959, F331A, FSPE, ERIG, LEGOB, M257B, E 437, DF, T 45H, RWD, B8520, N 58D, K261K, ASON, H814W, AQRB, HLUN, BSPG, MRM, KWO, WGLI, MAHA, HVA, YFKAE, KGO, F191A, BAKO, H04HA, KVI, BBGN, U5016, HBVP, M523A, AOH, FGAU, F246A, BBLW, WAK, E 721, LLWN, ECFS, TBL, LWZW, FEZS, EOB, EOB N, K065A, TWH, K0750, LUS, HG955, N  66, A6821, D6589, FURBN, K912, RAH F, H176V, DZWP, B2128, KGUS, F297A, FB52, HLI, HLI R, NPZ, FQL N, EKAI, F223A, WBLS, EEDA, UGO, UGO K, E 545, XNGB, A214L, LBWZ, B6526, USCH, M202C, R 24G, T388F, M 594, B2424, DNDR, KDF A, LGI, H23EU, KOSS, N  4C, E901L, SKK, ADH, R612M, H3316, MA  M, RGUN, BLO G, U0324, H04FE, FWB A, MWEI, ABRG, L8111, NWOE, BNKN, L4195, HBWG, KKB, EZK, F480B, YMTFR, FFMK, NGIU, WGOL, E 663, A117S, E 952, F172B, FWUE, LPL, R3754, F189A, K026L, LJEB, KNAM, W5695, N 31A, HRDF, K2628, H973S, EKIR, N102D, HBGH, L2904, K180G, H02BD, MTU, MP  W, A041O, RMSE, UQTL, RBRT, SKI, RW, R446L, L2954, H3604, BBDS, A423S, NSNE, USD, LFDA, E 749, LSX, AWLBA, R102E, F291C, DPI, KQHB, LDBG, T769F, W3785, DTA, KG  P, H908P, T160P, L2626, L1947, A411L, H03OB, A484R, MTR, LK, LK  D, A172M, HOKB, SBN, MOSM, M619A, WAF, L3113, MND, MKMZ, KUBP, EBTHP, K429B, N 453, NAH, TEHZ, R 896, E2533, A713W, B7419, TSAT, H183S, M 101, E 845, F016C, MGKU, M 474, K001D, THC, LON, H54MB, MLEH, HI, S 3HN, NNEU, KPR, WJAS, A314, BSPS, WCW, E 282, FNCH, F735A, H024D, FAZ, TWSN, R520G, E 54K, TES, K094D, LWUZ, A091A, R622M, FNAC, N 482, K 143, D 607, RUW, H14BE, B8406, H122E, SKL, A372L, HL, LA706, AHEN, A313B, H01HL, MMT, W3384, RKIN, L7018, ASTR, M169U, M 696, A471F, ERIK, DZW, U8002, L5882, H3942, M 57B, KST P, R3871, FOE, F519B, BRAD, A448E, H3483, UNIW, E 414, F035B, L8332, LSEH, DKRP, H815L, LLMH, T583B, W5291, H562B, SHPT, N 935, FSPRN, LE  H, ABAH, H23OB, R9192, A480R, MKO, F290B, A133W, U2137, E960B, BKDF, RESN, F251A, BSRO, A170B, WRD, NADW, UGE, E 921, FEGW, LEO, R 34R, K166A, TMB, LOE, H17WU, T 52H, SMSA, A046B, HSWO, ABM N, SSTW, F252B, A489B, S8170, LQGK, B1087, TQC, B7051, R548G, MKA, L6113, MGLH, NPOI, L912S, KWIC, NPEN, K027F, BWRO, WRI, MBAK, EGHS, BFAH, WZE, AHFS, NLO, FBUE, E511G, A716H, W3188, M 123, E 803, F009G, LTRL, B2622, M 506, K 817, TUK, LCBO, H24SL, RLSH, SSHI, U 797, M 119, KKANM, H885L, HQLF, HBV, R 45K, XNES, SKR, R830O, BSS, ELIT, NWRB, HWUE, RZHB, FOCK, BHF, N  1B, ROBH, KKV, R2002, BEG, WCAH, M 563, HNOS, K 316, LFL, H47MG, LGK, LGK N, N 705, F031H, M 631, H712S, RLSW, KLS, M 635, EBB, KKMI, BFIH, WG, H907V, M 707, EDBU, S011G, BWE, NMOU, FRUE, FRUO, BKG, A535K, W3776, LEL, E2631, N 17A, F316B, FKHM, TWD, EDWDS, B2915, R290F, N 54E, M 694, KBBN, K0954, H13RL, B1217, KKW F, D330M, M 411, H802L, ALA, ALAA, HPOG, U131V, SPE, A71RW, MTL, TMAR, KMEW, FBSO, T1655, WLKL, UEIW, EHRI, EEKA, FK, FBH, E 511, A115B, A689H, W075, ROG A, LBD, E 246, F036F, K025L, LWZE, A420H, T081F, K 628, FWSA, DPSA, LSL, H01CG, KENR, K 776, LTM, H18SE, L1832, F798A, DNUN, AKM, MPU, A01LW, RWAE, WSTK, MSMN, HBBR, NNR B, KX, RWRD, WBO, HSGG, NBTH, B9804, UGW, R4513, E48 1, E 29D, A614K, BBCH, K  3K, H552G, B5242, RGOR, A365S, HKHN, L7172, B 513, RNBU, ABX, R257O, W3483, RWI, BGD S, L5525, ABRM, NQHC, HBAR, RBN, DXS, L3912, H4049, H122B, KSID, EDD, R3313, BKI, NOTS, LTTO, UKIE, M 219, E 606, F121A, FSWR, A921B, M 815, KDREF, K9000, TSE, LBOL, A067N, H43SD, RMR A, HBSH, D1137, M 239, H177S, HLDB, RRID, SWN, H182O, MMAU, TWM, LGOS, LGOSO, RQK, MBLM, M151B, EOP, S 6KN, RLU, KKDZ, WWIL, FHM, F010E, BMC, HBR L, FMK, E8416, N122A, FZM, D933W, M 37A, E622A, LDOB, N353A, R702M, M207A, E6336, TPL, LGWS, A047A, T102F, FMM, N 419, H2801, H01EF, RLID, U0206, K 630, MMDL, HMAR, NRWD, EBO, L4378, BZF, NUT, SNKE, M408, BKE, A135D, E 942, FCOE, LTB, W3775, R319H, M272A, E 947, LROD, KRE, KHUB, HSDK, L6011, K2239, XTCS, H43GS, N 420, L2976, R9592, AHZ, H22KB, R148A, MHSB, LLW, A567R, MMAM, SDLOB, MERG, ESYH, RBEL, FOST, MLA, L1942, EHUOS, LMSO, H46WD, RDM, HNHA, U 294, H32EN, HQLM, MRI P, XTDV, DSU, B2129, ANF, ALB, M 412, FMB M, MWHS, NVK, YDFHU, RDA, M 418, T231V, BGK S, N  2K, RNFS, NSU, EWANT, EVD, BBIG, NALB, F296B, BNP, E 356, NBNB, M 307, FHRB, E 801, F454A, TWO, R 19R, M108B, K074B, TFB, M114D, LVA, T 22O, RSOH, KKGU, A397H, D  43, K 210, T424P, T142P, HEBS, B4023, ASL, B7052, R845O, W3197, FHP, FHP N, A564S, RHKA, U0215, H43HE, M 60A, HLEE, F012C, N 26F, EBLAP, L8817, N 709, L5698, EOBRW, TEMEF, M 556, FROD, F030A, WBR, UBEN, RAHG, FBNA, K 327, LWAB, H73LS, LF  V, HSCB, MLB, E154W, MTFD, H942V, HHOE, KHB, BHGB, WSBG, RSFL, HWEA, EDGR, K2722, BTZN, XFSM, NTHM, TSU P, K024A, R6310, E 22, F010H, TUH, LFMW, R342K, M314A, HSOA, N 72A, W5282, K2824, H927W, FOBH, HRBG, L2907, FWWS, B 916, AHB, A410D, R149A, H21SB, HWES, MS, A591L, W 610, RHE, L1922, KHOK, EGBO, K364A, TWRW, FE45, WR, EEIN, E5433, N 952, FDS, E 477, WPRO, LWG, W054, RSZ S, A745H, M114A, E 33B, F030D, K401O, LGDG, W9702, T405S, A183M, K 148, LHEW, H88CH, T 96A, KERP, B7822, U 893, M124A, F676A, F711A, A455T, NRL, E 742, N  3L, LRK, B6735, F191B, T 62A, W5487, LEF, H12EG, D6586, YEHEM, AHARB, D 797, B8417, R133R, A85BB, U2032, W5987, E924L, SLU, M 604, H47C, RFW, L9316, KKAA, F684A, ELUS, N 68C, K120A, WLA, EHZW, N 173, S048B, NLLW, F205A, H917S, REKG, FSTR, WPUB, D682P, B8734, M   5, E 769, L7311, F062D, LGW, LGD, KDD O, T127P, K002D, FMZ G, DSTR, TEI, KLM, EHBK, KTR, H905V, BWSU, M 708, UW, S009B, BCAP, NMIK, BMOAO, US, FWF, F225A, E145L, A624S, W3784, HNH, M 198, E2835, N 18C, F028D, FHAH, B2925, M 688, K 351, K0963, TWR, MEGS, HHMG, A072B, W 654, MVRW, RFGS, MKFB, L1905, HHZH, KARS, TELI, EAU, UEG E, EWIH, EHRBM, A731R, B8821, RKUW, E 824, F025C, K112V, TAE, LLEL, W6001, H875L, HQWS, HBSC, AN, AN  G, B1126, SQSL, SSM, R831O, BSS U, KRAO, NPD, HOLD, N  2E, KKCN, EMHO, WLST, M 564, RAG, F286A, BRU, WOE, A169L, UDO, ROW, FHAU, MELG, R 30F, HAUG, YFRML, KALK, BRGBV, L7897, NEO, M422C, KRIC, F202G, AEST, FMB W, FRS, F782A, K5041, BP, WJER, H22HI, M 961, HESW, E4508, LZD, FHED, LBEU, M121C, K061A, K7711, LRW, H277S, K119A, WST, BWHO, NNRD, AERI, EBEO, ANRS, F204D, H918U, FBBM, D131P, A531R, B7143, M   4, E 771, KGEK, F063C, L7412, EKM, LBO, B3726, T125P, K 494, FFK, LSB, LSB G, H48WD, RMCH, N 34A, M 437, K 625, E48 3, LDT, T 32A, RSAI, KNG, K206A, N 26C, HSCL, U596B, K 243, M 447, KKE N, LIR, LF  F, S 817, RAPR, M 12C, SXHE, M647A, RXKZ, BRDF, L7790, KVOG, ESPN, K2828, E 922, FRSA, KKE S, LBOR, R 37R, M104B, KAW P, K066A, KG  H, TERD, H19LB, T 51H, SLAU, FSP S, HWAZ, ABM S, STWF, F202D, KWEK, A487B, F567A, S 870, LQPR, B2086, B7054, R547G, H3054, LZI Z, M 605, RZW, U0107, H03EF, H05OK, H51LN, EEZB, HBSS, L3227, RQMA, AFT, SHT, H2814, U0314, SBKNG, MHAM, NAZ, MBIHA, EGRN, FENG, NSTAF, RMNS, L2017, B3912, NGLW, LTMW, NUS, F680A, KSEC, F002B, SSH O, U 295, H12PW, HQDR, MBAA, NHO, HBON, DSPH, B2127, SNOR, MASK, KDE, FMB A, MNES, RFMU, M420A, T233V, BHSL, N  1G, EWANW, EFFD, RSCW, B5122, FGHS, ABB, TSNU, R6234, N 782, F772A, K5034, H14HI, E114R, BQSTG, M 237, E0526, FLIP, THT, M 926, S107S, K055D, K7716, TH  G, LGBZ, B717, D 499, AAHN, M  98, H71RE, T163P, MSBI, HIHG, A114R, E002A, LSH, RQRH, H3053, K 622, MMTN, HNN, L4377, HNDM, NGE, M405A, A134S, E 932, FGOF, LPH, R320H, BQBD, K011D, LR, KOWI, W5092, HWRN, K2632, FFND, BWW, WTAD, U2512, E 774, UL, SSTB, FSTH, E002W, F343A, ERHI, R 15L, M257A, E 439, K107N, TROM, W6293, T154P, KSPA, HLEEP, DOU, BPAF, HMI, L901S, K184G, A739H, KBOD, R431F, MWAE, MN  E, H12DB, A411V, RWS, SWB, F254B, WPO, E 355, A185W, BQGAF, NMUB, FDIL, E 802, F064B, TKG, R 21K, M108A, E 182, K075A, TFI, M113D, LHL, T 21O, RBLH, A366H, D  46, K0231, T425P, AA  G, T143P, SRW, HBRO, LQGL, AROG, B7055, H03VL, FBI N, RSR, U0213, A562S, A417H, SROA, FWEK, NNSG, M 291, ELBK, L2015, B3714, NVI, NMRH, RKOW, KBBG, T4770, BGFB, NGAE, NXSG, FSIN, BHAH, WWLD, UHT, FFUR, E 754, F091B, TU  R, R 28L, M224A, E551I, K049S, TGC, FSGO, KKANS, LSEL, H44SG, N  1F, HAHM, L2956, XTD Z, M  62, R9793, ALE, H04SB, R 48R, MDHR, LLW L, A565R, SNK, SDLOA, EDUL, RRW, FLBF, L1945, EIAV, T1654, WRHO, UHL, EHGN, ESHMA, E 513, A130H, S8146, BOD, H0126, L2937, EASB, M 581, KROM, EDBK, BBIKO, NREI, E520G, F694A, RLD, E 482, LLBG, B6413, R315G, HHT, HO  N, F294B, T789A, A122H, N 33C, F011C, E0304, L8816, R 35B, L5697, N 710, AMD, EOBRZ, TOESF, M 548, FFO, FFO V, MTHG, MAGM, UROS, HALR, FOM, E 24, TFAU, EDBI, N   8, AWHOH, W5082, E957B, SSLS, MWO, FEGWW, N 413, RBU, EFOE, WGQ, FKWA, NMXH, BMZ, N 976, A182H, KDUL, F022A, LZIO, NNDO, UWM, ELPP, F012B, U7065, TSIE, L8212, F172A, A212L, A762H, W076, LKBZ, ROEN, M201A, F039D, K024L, LHY, T082F, K 624, DTR, H03CG, KBEN, N 65A, U2563, K774A, LBIF, H12BH, HBKE, MMRU, AIZ, SSBG, MNF, A05LW, RO, BWRU, WLOW, M688A, L5433, LFZ, H51KU, R 37N, N  2G, HHSO, KBKS, EEDL, LKDN, H233F, N 25D, DKOU, W5582, SSOF, MBAB, N 258, RTMU, EOVP, BFGU, NARG, KANR, H65UB, S 7SK, N 66A, BMR, UBS, ESZK, F016A, U7049, ABTSL, NT, N 12A, W5284, K2431, K972S, H933V, FLBG, N 21B, HWEZ, L2915, M 43B, B 913, H01KD, R 50R, HEBGN, BCS W, A589L, YBWSB, MP  R, N 43C, RBGG, L1929, EHRBW, EFEL, K479A, TWID, BMAR, FE43, R 29K, M114C, E 2K, K039E, KLO, LWL, A038K, FKBW, N 13A, H26OV, K 40R, D 932, B5412, RMKL, RMIH, A397S, L  31, UQOR, SKTS, H06SR, W3289, LTG E, A022S, NOKP, M155U, HLED, RBGN, FOS, H4055, YLLHC, HAHS, NNR E, KALP, RHBP, HVPG, WK, NER, ABG, M401A, EDDPB, UGHG, UROT, E48 5, MBAL, E136K, A516J, LTT, UWSE, HGGL, M 218, N 899, FKOT, A923B, M 803, KDREN, K044B, K9010, TAD, RXSH, A070F, LHAS, NFUA, H47DW, N 40A, KKRU, F176A, R2115, E21OS, A511S, UGLB, E3255, F843A, N 790, FLRS, A693A, R958H, M 648, K001K, H51BM, N 10C, F103B, M137A, H162E, AQSAG, HDVD, YBLAG, H72M, NRAAE, MEB, NWLD, KDBI, FHOES, HBUE, E5972, EEHR, F105A, N 950, RKRH, E 479, WBI, A752H, W071, LSTF, M 116, HLIS, E 35, F031E, LZAU, W9502, T404S, K 146, LGAL, H84HG, T 95A, KLI, B7824, HBAD, U 894, K329D, LWEK, H81SS, LF  W, N 417, HBHB, HSR, B4173, N 25A, M624A, BLD, BLD G, B5121, RAR, HHZ, L908S, K179H, UQER, B1190, ADEV, R434F, H02BO, W3674, LOSM, A403H, RUWA, ALKN, A131H, HVEH, RMLG, D6568, S 876, K2406, LGOSS, H3824, MROH, L2925, M 585, H002B, KNIV, EDH, D1138, M238A, MMF, HLST, H83PB, SNI, MMA, TELP, U0210, M152B, RQKR, MHDT, NRT, S 4KN, EDWDO, BOG, KKOU, RMAW, N 14E, ACV M, BHLRN, S 2EB, NLF, KBO, EEDZ, BBF, A332, WSAH, M 615, E 201, TFF, LLT, R 28K, A046K, R855H, FWOB, B8711, N 63A, K 972, D 624, B5414, RWGA, SKIB, MH  W, E153D, H930V, HCLP, YFHAB, RXBP, BFUW, WMEF, K2827, BBUZ, U5223, NREZ, UCB, K027I, R6311, F574A, BDKU, U 842, E30WS, A518J, B7317, UTRO, HG  N, F311A, M 856, K2724, EDKA, BGO, E23HU, RRZM, FBSN, L7893, F841A, E 113, KKMT, N 781, A506A, M 638, E3363, K 133, B 107, LWH, H63MP, FPD, F202C, HDEM, U 197, B3729, R315F, E117W, M 502, H96VW, F522W, HQM, B 258, MTMA, LB, LB  G, HETL, B 803, MEST, FFW, FFW A, F015B, BPE, WPIN, ACVG, E8419, N118A, FSBA, TBSC, HBHW, E621A, LMRN, N 356, R 16M, M206B, E6334, K115E, TWY, LMOS, A049A, KKBT, N 418, K 21K, H36NN, B5212, YKMSN, SHAU, HM, HLTA, A367S, B 503, ANL, A754H, AE  O, MHO, N 902, A396S, EOEL, E5002, BQFR, T102R, AST, SGS, H22DL, LSUPA, W3282, M159U, HR, RNHN, EOS M, H4156, MLDI, L 941, YMMBM, EMAM, S010H, H5543, SHY N, MHEB, MSTW, F014B, TKMA, K046A, K8004, THZ, M623A, LANG, HHLM, D1131, H103L, HWEW, ALR, YBLBO, RQL, H165O, AO, STRS, MLEF, MAFW, B1187, RZIM, FMTR, MGHF, AENG, M281A, M415, S21HK, RKO, EDDPO, KKOLM, NSAN, NKMU, RL  N, KNAK, H005G, KQ, EEKP, S005D, R3873, H5149, F720A, A417S, NWD, UWM F, UBR, FWORG, E 853, F836A, HBIG, R115E, E8522, E 32F, N139B, W5395, HBBU, LL  N, F597A, LBTS, DTFN, T 17O, N 10D, EHIG, L2742, L2963, W3482, RGN, L5527, HKI, RSAE, H4046, NSUE, L4116, H124B, M 71A, EDKD, R3870, BARO, NLL, SEG O, F679A, EDFW, F712A, BTPI, A456B, NRW, UWK, E 740, MGRL, LNW N, B6731, A418L, ULBN, FWO G, E 855, F946A, LNX, AWLBS, R101E, F292D, KQNE, T766F, W3783, F391A, B6211, ERDB, DGR, H932V, T151P, L2628, L2927, LLW U, A445K, H05OB, A483R, MSTH, LK  R, A162M, HROS, SKB, M620A, L3126, E 138, M216A, FL, B6214, FWON, TLW, N 124, A101C, LKLM, R587L, E 155, K084D, A033A, T109F, FBGG, W6092, H37NN, B5103, RSLR, N 377, HDED, L7175, K1154, LQNX, RLB U, ASTE, H24HH, R255F, W3585, M224B, S007E, R3867, BSTN, FQMS, F721A, WGI, H3193, UKU, FDK, E 502, BAWG, B6417, R242S, F193A, H302B, BQKK, T888A, N 431, KG  R, DKE, LBY, H62EU, R 22N, N 30B, HVTH, H242F, LHAC, T 81A, N 26A, W5485, DME, LFD, H06GC, SCN, N 23A, BALE, EDTM, UEIP, YHELF, D 804, M 149, B8418, R134B, LHG M, F103E, N 39A, HBUH, A91DE, U2034, W6082, E936S, SSB, RHU, KBUT, EHER, F687B, RHBO, WALW, MMST, U2501, KHEZ, DFS, K430A, N412A, NNSW, EDRM, E544B, A721H, LAH, B7422, H185B, M 100, E 762, F017C, E804T, M 243, M 472, K006R, TGB, LLWD, H56MB, T 46H, RFST, B8516, N 56B, HHZM, U891B, K 263, H816W, RMA, A111K, L5511, AMLN, SDLS, HBNF, RGRZ, DWBW, KDFS, H3826, L2901, F114A, H111B, KPUL, EWIT, M  17, R3866, BOB, NNER, F005B, MHEI, EBSP, A461P, NON, FMAA, E 534, XT163, TSA, N  1L, RDRM, FSUE, FSUEZ, HOE, L2495, EBWG, M 430, KKRK, BBEA, NEG, RMR D, KHBD, EDRN, A344, M 623, NBHM, WSRB, TF, TFH, F527B, BSNZ, E 610, BFFS, TKN, LJES, TTB, RETL, KD  N, SSH S, FFU B, MBGU, USAP, HDRO, L2491, M 425, BRUH, RMR M, KHEN, EVWM, ERHA, KKFS, WRW, M664A, TH  K, KNAMN, FFES, U 195, E 611, NHN, MOFF, E 832, F716A, TSL, EOLT, LQOE, LE  K, HLOX, EKKR, MHSN, KWBA, MKIS, HCNG, NSDO, YFKMO, KWEE, F136A, NGOL, KPFD, A061W, EBCH, BBGS, U5017, M524A, FGK, F281A, R2111, WDU, HS, LJZ, B6524, R  2S, M644B, E 580, F591A, T897A, F846A, HHIS, TWTB, DWE, H28UE, R 13N, N 900, HSTM, D1415, D 590, LHBA, N 22B, L5122, W5885, M616A, E956D, AAHG, WSRG, FG  R, MTHM, HEA, N 75B, K018A, BAG S, A076B, LSNA, H21LS, KKW S, D 331, M412A, H222R, AQAH, HNRU, YLHOV, U122V, A76WW, MPP, MAKI, TAI, KDOH, FSZ, MUFH, HLGG, S 4HN, EDHA, A316, WHL, R 33K, M112D, E901B, K036A, KBUH, TWI, LOV, B6308, R204M, A032K, N 13C, A41OK, K130S, D1103, K264S, B1210, H08EN, N 38A, A391T, HSUD, F595A, L  36, E623F, W5801, BQOR, SMK, H184V, W3293, A044S, RRAG, RSCFR, L0129, RBI, BLA, HSR O, E 722, LLWS, TSK, LWZ, FBUSS, K162A, K7703, TKM, LVG, H01AH, FGBM, D6590, E612L, M 439, H215B, KWIA, L4215, UQGTV, AWST, STRW, E 3SB, R621M, H2824, MA  N, ROU, U0322, FWR, FWR G, F690A, K6202, EWN, F003B, FO  G, SVWG, FKGE, WBG, BT, H966U, M  19, FGUR, F047A, LLC, A924A, T264P, E2620, K136B, H93BL, U 015, H62RN, HQPR, MER, MANE, LBOA, FC  A, F576A, BSPN, WSCT, E 281, RKHH, H025B, F492B, FBRG, TOBZ, E809, R221G, M153A, HWLI, K070H, TA, LKIM, A251A, R611M, FNIR, KKDT, H41HL, HMHZ, K  51, D 608, H16BE, B8405, SKLP, EHFD, A382T, ERE, U2432, S002H, R3423, WRHI, H5548, NNRF, F006C, K722M, M 501, BNZ, MADF, A413L, UAT, E 893, TSH, LWP, N150A, A294H, T5811, HWOB, LLBB, K 952, DZNH, H612H, N 32C, HALG, L2635, MRFD, ELET, RSI, L2014, H146C, L8112, NSUZ, L4275, F479B, FNI, BKB, WAHU, E 664, A114A, E 734, F176B, FBIK, W681, LLSG, R3753, E 698, F198A, K072H, DZSW, HBRG, LTHI, HBG, XTDL, K 2 H, AR111, TGAM, BSE O, KDV, MDKS, M417A, MJUL, KHEC, WSGR, M672A, FVL, FWDF, E 907, F598B, R  1R, M111D, K169A, LMBN, B6410, T 34O, H92BN, SRAM, TUDT, AHEM, H21LD, W3381, RKHF, L7014, ASE, M168U, A470S, EHIT, M 699, RTI, DZW T, H3943, M 56B, KEIL, R3862, NWKH, FHAT, F520A, BV, A426S, NSA, UWOF, H3482, E 412, F034C, B2089, B6843, H211D, LL  V, A092D, HWAM, W 640, MALS, MUGH, NKOE, LRIK, U1122, KML, NPMH, K040A, WWBW, AERIA, EDOL, BSFW, LB906, YBBZD, R154O, HBNG, HLGM, FEZ, EBZ, E764H, A734W, KWEH, W5592, K2812, H81SB, HWIN, L1952, K183H, ADA, R163F, H220D, MFU, LMG, LMG G, XFFB, RMFS, LSBT, A033S, WFRW, SRO, ESDM, H3717, L2961, KBE, F296A, FB50, FQDI, EKRN, F522A, WCA, RSD, A53BA, D1107, F831B, H32BD, B2213, H82BS, HBHC, SNDM, A383T, L  41, SKT, A588T, M  55, A112S, HLAT, H902L, DNG, L8821, MWTI, L4427, A514E, HDRG, S014G, L8331, M427B, F033F, H814L, T390S, W5289, H611H, N 933, KPHN, F703A, L865M, H25OB, R9092, A476W, MEGL, F260B, HHAT, A141A, U2445, BAKB, MMP, MN  S, M  54, L6112, SLDN, WGR, MSED, NGU, L911S, KHER, EHGGO, LRO, B7445, H186B, M436, E 804, F021C, M252A, W9501, M 450, WSZF, K 302, TUE, LNHG, H92BO, T 84B, RLW, B1313, K202A, HRUE, U 897, FFG G, AE  N, A113S, LSUP, R 25N, ALD A, LEGO, N 934, F525B, H64GW, MHPW, S 841, BETN, EWVA, UGO O, H022D, E 462, XNDE, A226B, LRA, B6525, R 23G, A406H, T773A, B2414, DPR, LGT, H25EU, FKMP, N 73C, HELZ, TWAL, K312D, LPRZ, H48GH, N 608, HFAH, M 629, MMBH, N 122, WSN, WSN S, M 533, H5142, NSC, SKU M, FWAE, F818A, BGUS, BKAG, NAVE, USG, E 25, F010B, TOES, LWND, M411A, E 12, F008C, LDMO, W5190, HLFG, K2627, H112L, KFGN, FLSS, HSRD, L1919, B2083, AHSF, B6947, R 47R, H21BD, HLTT, ERHO, K026E, MKO H, RFK, BSWL, WVOG, ANWS, NPAR, FNIS, FNISA, KRWE, FRIE, WBUH, E521L, A709V, B7252, L5126, TUF, M 122, E 811, F010G, M 505, K 819, FLIS, TON, R3045, LSAD, H32KS, T335H, U 890, WHLG, H05HE, HBES, UBE, F182A, LEGV, E 422, DSTH, K075L, LCWG, BLAM, T170P, A077N, FFI, N 43A, H05NE, ESCF, N 28B, L1936, B2130, AADF, H210L, MHEU, LPLN, SSD, EKV, S8133, E 937, F411A, TROS, ENOBU, R  4R, M111A, E544N, K079A, TSBM, LBAR, T 31O, RHN, KKERP, D1108, L8384, H964R, SPSN, A115R, HBGD, LQBE, ASP, SNF, KNAL, R846O, YLLWI, W3193, H99BB, A582T, M 57A, WGWS, MBNB, RMW, RMW G, KLIG, KBRC, EHGVF, EGBN, K032F, BWPS, WRV, UWA, WTV, NLA, ALAS, ASHS, M 579, E524G, A674W, B7251, M 115, E 823, F013D, BSTH, EOBRB, KDHL, LNG, K 822, HHAR, MLOI, L4518, M 433, S014F, WRSN, H5146, FBSS, F817A, BGU, NFDB, A401D, UOR, FWRY, F009B, TE, LWET, M411B, F007D, T101U, N 708, N202B, A362S, HVBK, B 500, AABG, KLBY, MDS, LS, LS  G, W3485, A596S, RKHA, H05RS, L3315, AAR, EBCK, A464S, SIM, RLBO, BSBD, H4044, NIL, F208C, KLAW, EMSTG, EDOS, R3429, BBIKV, NNLH, F673A, FAH, F715A, BSCH, HPAP, L8812, NPK, RGNN, EOBRO, EEKB, FAZS, BOEG, M 539, NRO, SKU W, FHME, NRHG, F027A, WBT, NEGE, RWTG, E 651, F001E, TP, L  11, EDWM, LJN, N 893, R 42K, L9334, FMOH, THD, DRBN, H44BK, T 42H, RHLO, HOTT, U 793, H813M, N 51B, HBVW, HOLB, SVO, R929O, MPD, WWM, WWMW, HRST, YFKHW, NBAW, EPRA, M101A, WMK, W5188, HGI, H636A, N 14A, HRTN, L1915, B1086, B6946, R 46R, H01DB, MDFG, LMDR, A082B, BGS, W 651, MAOZ, F011G, N202C, MSTS, L1902, KWEG, ECA, THP, EDMG, EDOO, B2412, BBI, WKG, EHTG, A449B, NWK, FZH, E 746, F038C, HP, HP  G, DSN, N653A, T684B, W5387, LSF, H768C, ESYL, KT  N, AHBI, AHBIA, M 547, H21HH, MOM, LHG, LHG U, F134A, N 32D, U2136, W6484, E923H, MFP, MN  F, F022B, RIR, W5286, K2434, HDEH, K 614, H889V, FEMS, L2625, L1943, AWLB, H23TB, ALKR, A092A, BCSB, W 603, AKUP, MHP, NRAZ, RSAL, L1917, KRYG, EHRBR, K973A, TSUS, BNO, FE53, WPOE, M121A, M 553, R8402, F247A, BLW, WSP, E 708, A163L, LHAD, BQLR, LHWW, E 445, THL, LMAC, R836O, K164A, LSK, H20BH, T294H, SBKN, N 571, A064R, HGIS, D6581, HFAL, DGLS, RQW, ATM, FBUS, B8822, TBLF, A681W, HLEI, F024C, TALT, K 102, W9905, K 621, F030F, TUO, LWEG, RWND, N 29B, K105A, K 697, U 593, M444B, A142D, LANH, H882L, ALRA, S 816, EOD, K019B, BWR, UVI, K977A, BFIN, B2612, AWFS, NBN, F105F, TKNM, FBL, WMTF, EGB, A513S, B7146, M  1A, E 791, F066D, B3728, FBRS, EUR, TEL, LSBF, H12LR, ARAL, ARALB, ECRA, F109A, E 471, ENDN, ENDO, A682H, BRGBW, USPF, E 844, N 63C, F026D, TBGS, K210A, EVWG, LLGZ, W5502, T401S, H912L, K362A, N 848, T 21A, H87HC, RBZB, K 315, U 693, AHIF, LBDF, H650H, LF  O, HBHU, AJAE, H32RO, B2090, RNZ, U0103, MWNS, NROE, ELDH, EBNO, L4370, EPLE, MN  B, EOS P, NPLF, M409C, YKMAI, E5894, BPO, A123S, UBD, E 933, MPBU, F731A, TSAL, RR, BWDH, HWEE, M 11C, SXPE, A281M, KDRA, M 646, RXKR, BFHG, L7873, MOP R, NHEM, KMEE, EMOE, K2723, AKRS, R6221, N 783, F773A, BSWB, WBLK, K1030, H13GG, E112H, WQSA, HEVW, M 238, E0525, U 016, M122B, H71WS, RKAB, HBDDV, HBB, AMR, TBAW, B1127, SMON, MBAE, WGV, MRI W, EHK, RNST, E018H, B6026, BMH, WPL, E 331, UAR, FVR, FKOZ, TEIN, NSMT, R 25L, DBT, E 710, K062H, TWEL, A076F, T121P, FNDH, W 96, WG  G, B5222, SBUM, W6394, L906S, ABAD, MHHM, W3583, LBSS, M269A, E 403, LQIS, K027H, KBRE, K2237, HER, HEBG, H666O, SDLZ, HLEM, L2924, ABF, H22BT, MGHD, LMB B, A551S, UE, UEG L, RMG, SBX, EBSL, H109D, REF, K2201, R554L, H3607, L1950, FKAT, L8224, LGRI, N 59C, M 933, S108S, K155A, K7719, LBOW, SAZ, B701, H63NR, T173P, FLY, HVIN, L3222, A419H, BOSGA, SRI, NWDH, M282A, EWUF, L2018, B3723, NAH E, BGH, BGH N, NPLG, F292A, WLK, A174L, NES, H83HE, E902L, F103C, TIT, KKBI, R 31R, M106B, E111O, K070A, LWST, T 13H, H174B, RJO, N 10A, D6570, F161A, A495A, HVIS, LLPDH, ASAG, R129G, B7053, XFLTG, KNE, KNE G, M673A, F491B, T893A, N102A, DPUM, H38SU, R 19N, HEMT, H230K, R101R, MFI, M608A, W5683, SVL, E955B, N 605, ESRO, WATR, H183O, NRGF, KKAK, WLG, FFT, HLIB, KGRB, SHPG, EDAM, FB152, WSTZ, NNHC, UHER, FQKB, EHOC, M153U, RWE, E 533, AR121, E948K, A759N, LZGL, W6002, F046B, T101F, FFME, DRBW, TO, H13GE, KNL, KNIS, HEHD, U2412, N 55A, K 328, A555D, MRAM, NML, F025A, T4751, HORP, SSLV, SEG, SEG M, FFAW, BRI, E 603, UBOD, HBHLA, KROG, FGRK, F088B, TU, EOB O, R 29L, E550I, TBTB, K109N, A021A, T141P, HRAT, KKANN, B4174, KHIR, HBAN, BJUE, BJUEG, AHSD, B5131, R354O, RNH, U0211, H42EH, KKAG, ESRT, W9907, MOTW, NMLZ, K 631, R832O, L4868, RHD, W3672, MRMU, SNEC, NPA P, UA, FO, MWAG, B9415, A139H, UHRH, YEEDB, FLGS, F166B, E 646, LRAK, BSE M, RLIA, MMAL, RZHN, NSCH, H928V, HHUL, SXSD, E621F, RXKL, BERK, K2726, APS, H36NE, R6333, F578A, RSCFP, E003H, A560A, LMEH, M 233, E6551, SLMG, H26HI, LHWU, H873W, N 52B, HRDK, F927B, M 632, ASM, SDL, MSM, KSV, MLLF, BHG, HAMR, KRHK, BODK, S014H, BPD, TWMH, UZE, BEO, H24HI, E616B, A557D, LRN, W3092, N  1E, L907S, LDBB, K176G, B5189, ABIL, R435F, H04BO, W3675, A405H, RBS, A127H, HBEM, RSTN, S8175, K2203, TSNA, H3930, L2930, HGKE, M 584, H001B, KNO, ELDD, EDAP, S004D, R3311, BSTR, E 32B, E 11H, A132W, W5382, RBRP, K2821, L6014, BRGBR, FDIZ, N 74B, HELV, RMFE, L2939, W 193, M164G, B 90, R9395, MH, R 52R, H964O, MNB, A583L, MFHT, N101D, RNBG, MKP, ASEG, L1937, KET, EDO, K031G, T1752, RWGT, L5116, NBUW, A921H, HLMF, RHSN, D6765, K013A, FSWG, EOBD, H3928, L2913, HWIH, M 588, H543L, KKWO, EDMF, S052A, BMB, NLR, EWAZ, F551A, WELM, A312B, FAT, E 514, F831A, XT226, N2755, B6420, R  5S, M 215, N 895, FLIR, A195B, KW, KWS G, K0955, A075B, LGM, H05WH, B716, HBDD, M 406, H223O, MAT, H80GI, HWDH, U232V, SPZ, MGRZ, A75WW, TBMR, KGUI, S806S, MGUF, NZK, D6956, WRAK, UEGI, FDN, E 496, ALTG, LDLG, B6416, HO  U, E 15E, F298C, T889A, DCTA, LEK, H64EU, R 24N, H244F, MART, N 42C, F199B, YEEBP, W5083, SKZ, E944Y, MIC, FNHA, N 415, RDZ, EWIC, BAHR, WRMA, UWU, EGED, EDHDH, BFSS, FHAE, E 493, W4604, AB111, A758H, W073, M171A, E 34B, F034F, LREU, W9205, T409S, M 421, K 906, XFAP, DN, LAL, KRBR, K 777, U 994, EHGVE, LWEF, H66PE, HBER, L1837, EBSA, F009C, BGOL, WF, F685A, BNE, A514H, BQGB, RGES, FFOR, F034E, A194A, M638B, E2623, K 139, M234A, LLBS, N  2C, F206A, H76ER, B9203, F526W, MSB, LBIN, B 153, HQAC, HBM, B  13, MAD, MANG, A6819, N 11E, H152C, KKA, WDN, R 23N, F208A, WSC, UGOS, HBR W, E8128, F065C, FNSM, TMO, LBEI, R517G, E 58, K066H, TSG, A071A, B6838, R  1M, FMWG, KKC, N 26B, K  41, SHW, NKDF, A181H, KV, N 63B, BFIK, UOM, EDED, F013A, BWHA, WLO, U7066, L8214, F173A, BDF, A545A, FSTN, L7891, F342A, E3364, KDOS, N 787, LMAM, R  2L, E3362, B 108, TALO, H61MP, FEPP, N 68A, F202B, HSPP, U 691, K004R, L117W, R225G, FELT, FELTO, M637B, MINI, NROD, HESN, BJF, B9704, U5219, UJZ, R4512, BKSB, F541A, BLT, B7713, UOL, E 657, F172C, AHBRM, M834A, KKNA, K043A, K9001, TZU, KBRV, LDK, E546A, K153A, K8001, TN, D 102, H81ED, T152P, A1601, YBLST, SQZW, HLFU, M 419, MGI, FORD, MMEI, NKL, M 292, ELUT, N 513, S 3SB, RAB, NMAH, D 578, F080A, T4771, F543A, BTR, U 841, B7324, A540R, UEC, HG, HG  G, M 230, FBUN, F314A, M 857, K001A, K8002, TUG, LZI, H60AE, HBOF, H101L, HUNT, ARF, STR, HXWE, MRO, MARS, MXKU, RADN, M503A, H102V, F521W, HQHA, HLGW, RSAW, R316M, MBAU, RFM, FHOEA, HKLG, L2493, M 428, KKES, TBME, NZA, RMR E, KRHD, EBTN, E566W, BDAB, A342, KSTP, M 621, NEN, F536A, FARM, KKRL, N 62B, HSDL, D1135, M235A, H171M, KWS, HLGD, TFLA, XN612, H80BP, SWAS, MFB, B5190, NWH F, RMAU, EWET, FER, TBKA, ENOW, S 5KN, KLRH, WGKW, NSTH, STR N, FHAS, N 157, F001D, K2202, R483L, H3613, MBR, L2974, KPFF, ERHY, F071A, R3310, FB42, NRST, B 224, FQLI, EMAF, E966H, E 474, LMD, B6729, M208A, YFKGK, KN  D, A134H, T777A, N 255, KG  F, DZN, TL, L5514, LBG, FNRI, MGAL, NWU, EBFT, M417, RKOP, EDDPH, NPR, RL  G, WFRK, SSR W, B6017, FEN, N117A, FGRF, LLAS, R586L, M221B, A031A, T108F, FBGN, W 92, N 23H, HOFN, B5234, RSLA, H35NN, BC, E 861, F873A, TFOS, E53B, LPOE, N 312, R 32K, M118A, L5121, K040D, LNR, A040K, RFT, H24OV, K 142, D 921, B5421, A399B, EAHL, MAHI, DQGT, SLE, H02ML, HB  W, W3286, E7541, HHOD, BLOH, E 136, M209C, HBR A, E8413, N 123, B6303, FWAB, M 34A, EKAU, LKNZ, N 174, R 40N, M210B, SRAW, E 55, K087L, ANMG, LMR, A039A, T104F, FHEI, N 440, K 962, H555G, B5141, SEMA, N 69A, HRER, FFAU, L7472, B 516, RHGBA, AHBR, H926N, W3496, H133U, R  1L, FKAU, HVOL, K 286, ASWA, LRIT, B3122, N 602, M 630, SSLB, RHZ, FNV, BSPE, H124U, KRHO, BEHS, WLD, UNM, M 402, F640A, BBEL, NWGR, F111B, N  82, L7169, LQHZ, K1158, RLB W, AASN, H22BO, W3595, A113K, RMN, L5314, APOF, SSDM, NANG, KDBH, H3820, L2902, HGOL, H206L, EWIA, NNSE, S049A, R3312, NBEH, FQWH, EHOY, F554A, WKLE, M156U, HSAL, RTG, MESW, FRW, H4154, LHLG, M  64, H006G, EGS, S006E, R3318, H5143, M220A, FWB, F719A, NGUN, A414L, UHD, K022L, F753C, E 895, YKMWK, LBRZ, R116E, E 34F, N138D, T553U, H12R, W5295, A593S, RHK, L5518, SIGW, HBAS, RRH, FZE, MENW, H4050, L3225, FLOU, H121B, KLOV, ELUE, M  12, S031B, NPOM, EDWW, F008A, BFUA, WMA, A460H, NUA, XT282, E 415, LPRO, B6732, UKL, F222B, U0651, LHN, W3791, FNL, E2834, F035D, N 25I, FMIR, M 664, K 491, K8132, TWLB, LNOE, H33SK, N 363, F101B, HBST, M133A, MAPF, AQE, HLBU, WWST, YBLBW, U161V, B 234, A66RA, XAKN, BRGBO, KERN, A463P, MGL, FSTK, E 532, TSER, XT263, LRH, B6523, R  3S, N2947, F590A, T894A, BNDM, F845A, TWT, H32SU, R 16N, HSCI, D1110, MPFR, N 24B, AEL N, HSI, L7161, W5782, M614A, E942Y, HHGH, METG, NRWA, BPW, HND, LL  T, RGHG, DGT, LBTA, T 82A, EUBD, L2944, RMR G, BSFD, A428S, H533L, W 634, TLSM, L5123, DHFR, RSPN, MBUX, MMNG, FLGF, EKAM, K433A, EDOBZ, BWPO, WRK, HH91L, M643A, N  2L, E 146, F796A, KKANP, T 41A, N 76A, W5294, DZT, R 20W, YHHBH, LSBS, R311O, H22UE, EMUD, N 69C, K0220, W 157, D 947, HHBI, U2028, W5882, M 613, E941D, H147C, RFHE, EMED, LSVS, KN  W, HLRI, H45SD, RSLM, YTTSE, S 9SK, L141W, R  2N, RM, RM  O, KFWH, EVDU, LLUG, A324, WBRH, M 620, HKOE, E 312, NMOF, ULS, F472B, TLOE, E907G, LLUP, R326G, HSWI, W 113, DG, TGL, K008L, A084K, FAHM, H104L, H103E, N 56D, K016D, AALG, WKRP, F201A, EOTN, K6203, F004B, BPOT, MLR O, SBOG, WLI, E 4SK, BCSO, A550K, H957U, M  18, FKOS, F026C, BMF, BMAF, A1776, M 592, E6623, K138B, FMHO, LKB, H91BL, SENK, N 59A, H5714, LJL, B7415, TKIE, A730W, H205B, M440, E 778, F006D, FFD, M 246, M457A, KKOL, KKOLN, TSON, REK, B8525, F210B, N 927, U894B, K 415, H894L, HQEB, BPFB, B  58, ABGL, RBB, FFLU, MHMR, NHIL, M 535, BXF, N 74F, K023E, BSST, HSBG, WMD, M111F, NND, ELRN, BDL, NNRH, FDOH, WSR, WPSG, E513B, A537K, BMZD, H194H, F052B, A906A, T291P, H438S, T421P, N  2F, HSRI, U 019, H52NL, MGRB, LBSD, HQVT, HS958, K 924, B6109, T119P, B1206, SHWP, N 53C, A388T, LB805, LQMO, AOF, WWSF, H351E, W3390, RRHH, FEDI, L7013, M165U, ERFE, A473F, RERZ, KHERN, D 772, F210A, E665Y, H64RN, HQLS, B 161, MAFE, HB, ALRT, XTD, RBBW, AA112, MGH, TRL, RMU, BSE N, KDA, WDLG, KDFFH, M419A, WWRG, KEIT, EBK, WSGN, M 671, HBGA, FVLS, M263A, F011A, RKOF, BAKW, HSVG, L7894, T252V, H638A, KNOKA, F043B, U5011, M515A, AHST, FKO, F786A, R2121, K1041, WZS, E 713, LQGG, TEH, EDFB, LDA, K063A, W 117, LHMT, FGHA, HWEB, D  36, W 044, XTDP, DGZ, RXBR, TTBN, KDBE, FMB O, MKUN, NRTH, M 403, M  4A, NHAL, RN  O, KROS, EOHT, RSZN, BBK, M 614, FGKA, F277A, E 363, NMOT, BQER, HD  F, FSI, FNWF, BKOW, NLWI, A427E, USHM, FBGH, E 741, F131A, LHZ, F130A, DRAT, KQAU, H220B, LMKS, LBRN, W5183, DWES, H639L, EXGR, L1923, FH  N, KKM, KKM B, H21VO, MVS, A976A, A71BB, HKUR, U2546, E958B, MMAR, F273A, BHC, E 352, NZG, BQAS, FAL, E 905, F599B, LLA, R358K, M112A, K069A, TB, LWF, B6409, RLI, A51BA, K 2KA, F829B, D1104, B1113, H31BM, H02EN, HBHK, KVER, SOBM, A385T, HGAR, BXFO, L  40, UQHE, N 985, SPOM, LUM, W3186, A590T, M 512, H31NE, B 133, AKUD, L4417, UQNE, SDF, M441, FBGU, U0319, FMB N, M  1B, MSMS, MAHZH, EHW, RMLB, NKT, BZOO, L4368, AHZH, EWGO, F476A, B123, K350A, FZEP, BSP, WFL, E 095, A477W, MGB, F289A, LHG Y, A131W, HGUE, U2138, W6486, E952D, R 81F, MHT, MN  M, L6114, MNM, MFNS, NSIN, HOES, EDAT, NHAP, K025D, BSLO, WRIO, MHRS, BAS, AHRF, NLP, F103G, TBFS, FBST, WV, E6510, A707V, B6415, LHM, R2216, H650K, HO  S, E 986, F197A, B4013, T788A, DKOT, LOST, H63UE, R 35N, HRIN, H243H, HBSE, W5084, SKAZ, MEBS, FONH, RKLR, ENHH, FWAA, KKHR, H233S, N 64A, M 685, MGRO, HSSG, NNR A, BFRS, WPSW, NBD, ESMG, B9803, BSAM, UJP, R4521, K7098, BADS, E 30O, A505J, LZBN, BSC, UKOE, M 220, E 607, F171C, FKEI, A903B, M 816, KLMH, K041A, B6021, K8010, TRO, AFIB, H439L, FALZ, N  2B, MPUL, N205B, RRL, EWMN, FKWNB, NKMG, BPZ, H170U, N 52E, BFAU, WTE, HSF, USK, F840A, ADST, NARN, BBRS, U0681, A510H, W3796, UCA, FFN, F838A, E3051, FHAG, N 794, A694B, R956H, K 483, E 475, WPRA, A750H, LAF, W053, M113C, E 682, K402O, W9704, T403S, KEM, K 145, F027E, LSTK, H90CH, T 11A, KUN, K 325, U 892, LHDG, H65EP, LF  U, AK  O, MMB, FELZ, NBOE, H941P, BGRU, NFUB, UAP, EERI, F014A, BASS, BMIP, WGRG, U7050, AHSB, F174A, E22SO, K401A, RRZU, FMST, L2594, F346B, E3361, N 786, EHEOV, R1289, M 645, E3368, H55BM, FGUH, F202A, U 193, K003R, M 139, H104V, HQAM, HV, YLHSN, HBS, K  1H, M 236, YBLGS, B 238, NOZ, H175S, H181P, STS, XN613, MPM, TLC, MSWN, ABV, EMTE, S 8KN, H154M, EDFM, KRHB, NK, EMRW, WBDN, N904A, FFH, F009E, B6022, E9269, TESU, H43KB, F105B, RKEU, HHEG, U 192, M135A, H176S, MSDG, AQM G, HROR, YBLLZ, H71L, A361W, KDGE, HWTH, NHR O, HGMGA, RMAD, SKLS, S10SK, NHM, KBB, EDEF, HAHO, YFHLO, KKRX, BFS, WHB, MGIF, K2719, EDME, BTZS, NVE, F007B, K023A, R6315, F577A, BBE, U 748, A512H, UAS, E6550, F313A, TIN, M 901, E547H, K002A, K7800, LWLS, H61EA, HKRF, M  99, H95WV, RQLC, K 660, H74M, R321M, MRH, TAIS, KDOB, NWDO, HBDE, L2498, M 429, NED, KKOW, E567H, KSTA, A336, BRSF, M 619, NWA, NEFU, F517B, BBSD, E 4KM, FNHD, F874A, TLR, B5021, E54B, BKL, E 134, M207C, E8415, N 120, B6304, FBOK, D934W, M 36A, E21A, LEG, N 355, R703M, M209B, E 67, K064H, TUA, LBZ, A045A, T103F, FBUD, K  1K, H554G, B5213, SGM, RWRZ, A363S, HSHG, L7268, B 517, RHGBC, ANWF, R256O, W3488, RWG, BCHB, BGD N, EDMB, WBZ, M 607, NOBW, FKBWO, E 313, WMW, USCS, FDIO, F463A, TF  R, LRZ, R226G, LGZ, A072K, FOHF, KKE F, H553H, K951B, D 604, B5424, N 901, A392T, ERDW, LB905, E5004, H06OL, W3387, MTG, NRHF, ALKO, YBLWG, H166P, SPF, HXB, MESG, FNRO, MLAW, NPE, M 296, S 2SB, RRU, BGHO, WPAU, SSR O, B6015, BCL, WNL, E 329, FKB, E 103, N 119, FGTH, LRE, R327L, M222A, HWEL, E 438, LTC, N 311, R 30K, M118B, K033A, LMS, A042K, RBOB, H22OV, K 42R, B5422, N 207, A400B, SKG, TH  S, H12HM, W3284, XFBZV, H102H, E7542, M157U, RT, EOS U, H4157, D 776, A44BO, L5526, ALTK, SDLK, TQTA, RSTE, HSYK, RSST, MNHN, H4048, L3921, EPRN, R3874, BGOR, NHD, SEG N, M122A, FFS A, F010D, BBST, A458H, NAWN, E 715, XT181, LZS, B6734, F290A, KKANO, RHTT, D7741, M160U, HMSU, A481S, ENL, RNK, EAHLG, KRY G, H4158, M 52B, ENBMP, R3879, S012E, A425S, N 1I, FROS, E 747, HBHID, R 45O, M424A, F134B, DOG, LKTU, T770F, K108L, A027A, T110F, W 93, N 32B, H163B, HADB, B5224, RO  N, H33NN, N 983, L7277, K1159, LQRW, AWI, H24BO, MDAR, LRAI, W3582, MA  B, RBRR, A115K, L5313, HDIP, KDVS, FNOF, H3829, L2905, HRFD, M 245, M 459, B 101, KHES, TBER, LHD, H64PM, RMKI, B1324, F109B, N 352, U 895, K263S, H884L, BPFA, B  57, EGBU, FGERO, MAHB, NFR, YHFGH, F012A, A1602, RRE, T 61A, N 351, W3794, DNZ, H913S, R 21W, LEGD, H14EG, N 421, YEHHK, D6587, W 155, D 793, AHOR, B8416, LHG D, A83BB, HHKF, DZWK, U2030, M609A, E961A, RFG, L9315, U2511, EHM, N 67C, K021D, WSBN, MAUG, W5187, KDBWN, DLS, H884H, L2629, L1944, EXEM, AHSH, H01OB, MGDF, LK  C, HLNT, SGD, E934H, MUSM, HWOH, ESIE, DRKA, MASI, MABG, EHGVW, EBTB, N 456, K029E, E0528, H208L, ELPPG, EDKR, S050A, R3875, NRUE, FFO G, F552A, WMOE, A464T, UME, FBA, E 524, XT264, AWHOD, LMAR, B6522, R  4S, N2946, M674A, F493B, WSOG, T895A, NAUG, WTIW, DRBA, H34SU, R 15N, KOL G, A075N, H03NE, N 30A, HNDF, L1940, AECH, H212L, HNMU, MBAI, RHBW, LDST, A021R, SRE, EBRO, RB, S 845, K2819, H3714, MGKF, L2973, H683M, KGL, F073A, R3872, BKD, FB44, NVN, B 228, M123A, FQKL, K0401, ELOT, F524A, NNO, EUN, N172A, S047C, NRPE, F206E, H915S, FGE, F426A, D571P, LHNI, B8733, M199A, M   6, E 756, F061D, KDD N, T242P, K004D, DWID, TSUD, LMSA, H44DS, RWCH, U 293, H34HE, TFFL, HQBO, MFK, HBRS, HBHM, XTDN, DCU, E753D, TKLU, MODU, AKS, R 899, E526G, A720V, B7420, TSZG, A527O, M 102, E 843, F015D, E803, BFDG, RUEM, M 476, K 816, THDV, LDF, H52MB, T 44H, RLBP, B8528, N 67A, U 596, KKBL, H118A, HQFR, N 108, HSUB, KKSE, N  1H, HLUE, D1112, FH  S, H210S, R106R, MRA, N 31D, M 612, W5783, E932H, N 601, NROB, BSN A, R239F, N 57D, K015E, WLDO, NNGR, FKR T, K6204, ESOT, F005A, BSAT, MLR W, FNU, F682B, M  65, H004G, S008D, D 483, H5551, MSEH, F718A, HHX, A416L, UET, K011K, E 885, F754B, R117E, N137B, T554U, H11R, W5195, LLMK, K 909, DPRW, T130P, N 763, L2943, YDHDH, BWD, MASE, F102B, KLKH, FFU W, MDID, NFRE, RBRU, M416A, BGK N, N  1A, RNBO, ESI, RBBL, BBAI, M 668, E545L, FNRW, F244A, BDR, WP, NDI, M 309, E938E, F455A, TATN, MESH, KKWW, BWUG, HJAD, YDFNR, NFRS, H612C, KDDP, EEM, U5018, M 527, ABAF, F003D, FWFG, F282A, BWK, WFDF, E 712, WRP, BQMD, HEDA, E9266, TGEH, LALT, R840O, FNI S, K165A, K0751, A520J, UGOT, M  21, FSWF, EIAW, A1778, M 633, E2621, K974B, LJR, N 53B, B1220, F208B, E662X, H72ER, R 14L, HQLO, MKL, B 262, HBAW, ALRK, B  14, R733M, MEI, TDIH, RMS, BSE B, FTM, KDRM, FFU G, MFHD, EGST, A91NE, ETIE, EKGS, F042B, U5012, M514A, FDET, F787A, R2122, K1037, WKB, E 716, TALL, EBLAO, LDH, K163A, W 118, K7704, FBDR, KKN F, N 10B, HMEI, D6592, M 511, H13WP, SDHG, HSWS, A468S, L4528, UQTR, SKDL, R243S, R 18R, M110A, K077A, K 911, TMT, BPAFS, FWORE, HSPG, LGRL, T 23O, HLRS, RGE, YKKEZ, A395H, T423P, D  40, WSMI, DQGZ, ALUB, B6949, R844O, W3195, RKBA, A566S, H41HE, M 59A, TBE, LJV, H16HW, FWZ, A513G, FURBS, D6584, K0748, RWSW, HWSR, DOH, B2124, SQBU, R623M, H06FE, H2807, RHAS, U0101, AWAG, BTF, L4194, HHN, M421A, SSR M, KMES, EVWT, H91LM, A319, WKJ, M 618, NFBB, FFBK, F241A, E 148, E 834, LNW H, FA156, KKP, TAT, KMAW, R357K, M112B, K034A, TMAU, B6305, R206M, A052K, RLUR, N  9A, RL  V, A45KB, EHRBO, E963W, E 472, AR125, LBGK, B6728, M207B, YFKBK, R 21G, E802C, KN  O, A402H, T774A, H916S, B3111, DGLA, L5413, TKF, KDH, LBGW, NHEI, NHEIW, FSGH, H131U, HOTW, K 696, AMUE, B3113, N 604, HEWA, E0303, L8815, L6395, EEBE, M 545, NTRU, FSLB, F029A, WE, NAEG, UWAL, E 20, TEC, EDUI, N 892, R341K, M314B, KKMG, W5290, K2433, HIMS, H909P, FNAS, NWG, FQGT, FKY, E 696, A119S, WRPG, E 733, FA175, FFRD, HOYGA, LDU, R348K, M268A, E 2I, K098D, L2741, KAND, W5792, N 32A, K2235, HLN, HOBJ, LSDW, H971S, N 107, HEGT, L2908, K177H, AWE, H22DB, MUH, A043O, K 4KA, D1105, B1212, RSDG, H04EN, SMR, KV  G, N 34B, HESD, A387T, L  39, UQWA, MFHU, A690S, STK, W3185, A592T, M 52A, HMEP, RHS, EBILP, FAS, MDIF, L7541, A512E, L0132, S018E, WRSB, H5150, SKU B, H11BD, M212A, BBSH, W 631, SHN, RBA C, MISD, ESW, L3322, RNMA, MM, MERN, U2852, KAW G, ENOB, K432A, WBE, M 543, SEI, BHFW, H5713, E545H, A723H, B7314, LTA, TRS, H203B, HL  G, M442, E 772, F019A, N 71C, HEMP, RDUN, FWWN, L2903, H03BS, HBSK, MFM, A071B, W 607, MP  P, RBKR, DNSH, MLIR, L1921, RO  S, NFTM, KRYO, EHRBT, EGBS, K366A, FE49, EDSN, F107A, KKERW, BBOD, UGBB, RMSM, SLB, SDLAF, EMEK, RHL, DR  V, K2407, H3603, L2950, FD  G, EDWI, B2211, F299A, FB54, WTI, NSAW, UGT, FQIH, F232A, BWNG, UGHS, E 543, A224B, E104G, A766N, LPT, W6496, M202B, A410H, T391F, MOP A, FGB, F816A, BCO, NFWS, E 21, F005D, TEME, N912C, T5807, N 711, W3786, HCAL, H634A, N 559, LHS D, B2087, B6945, R 43O, H219D, A084B, W 652, AOW, MANY, N203B, MSHM, AHDG, MEGM, LSTL, RBRW, U0320, FWO B, MUHN, MAHZF, RAPP, ESEB, RMHH, NLK, AKHD, KKS, F477A, BBKB, NOH, BBG, WJT, E 094, A110A, H06EH, USOL, FWA, R3751, M259A, E103I, LL  P, K028L, DRK, TWL, LKK, UQAR, HH  P, HBHL, S 5AA, N 160, HDRB, KWSO, MMEG, M 536, HZWI, KGE, T302R, T232V, L7695, NHI, KLOC, F054B, BTHR, ALST, FHD, F784A, RMXU, K5033, WLM, M901A, E 705, WSCN, WQNL, M 591, KG  A, LSIS, H21EU, KBRB, N 40B, HEMK, K 318, LBRP, H292L, LGIA, ACV G, N  9C, HNO, F928B, ABK, SFF, M638A, H711J, MFAS, RFH, BBAE, S012F, NDIE, TBFA, URS, HROE, KMGE, EHRBE, K135C, TBIF, WMIS, EDOF, UEG, FLG, A736W, B8811, TC, E 814, F023D, K 104, TAL, ERWH, W9703, M 444, K 402, E48 2, TTL, LHB, RRST, N 25B, K204A, HWOL, U 591, K 285, M 445, W3187, M 124, E801A, F007C, KDW, LRB, M 507, FIDS, TSWA, LSEE, H22SL, RFLO, U 012, M 120, H993S, TAEW, HQLN, LBWU, HBMG, SHS, BSS O, KRAW, WWRN, NLU, ESYB, M913A, YFKST, RRK, N 74C, TMU, R901O, M124B, EKT G, K060A, W 115, ROKS, LSM, BL, H01OK, N 412, KKN P, HGLI, D 774, H35NE, FWER, A490B, ALBGN, HBML, L3922, RQER, AEF, SSPE, U0317, FKCH, NPAG, BCKW, E863M, A503J, LHFT, W3095, H195B, E2625, N 14C, F117B, FMBA, TWER, TWVH, N 53F, A505B, M 697, TLW S, K0959, LOB, H11RL, N 392, B1216, HVEC, H805L, H3818, HFLL, U221V, SBS, A065A, MLW, A107S, LEMD, H62GW, RLH, WWSN, MGE, NLUH, HNTM, SXIG, KBEG, T175P, L7692, NJB, KDOA, K2720, EWLS, AQEG, R6220, F774A, K1034, H15GG, E111H, WQKW, H90BN, HEVA, M 240, KKN E, EMIL, R2001, F291A, A171H, NSB, E904L, F316A, YBBMZ, R 33R, M105B, RANS, K168A, TBEN, LBOE, H15WU, T 53H, RHGB, A052A, HKNE, D6572, F254A, LQHB, B1083, B7059, MRN, NMR, EAHS, F087A, H46C, E921L, B3921, NKLH, BGD R, EBUS, F004A, NZ, FLS, WGOE, U2413, E 789, UNDO, FSOL, FHMD, HBHNH, E6320, E915I, DD, TFE, TTA, WSEI, S 20E, MGZB, NNW, HESH, S 1HN, A48HE, RUDM, RGZA, R686H, A312, WL, MSAF, WPS, E 546, FLHN, F732B, FKIH, TRB, LUEB, R519G, K071L, TMOE, LKE, B6840, R613M, A083A, FBOD, FWZN, TRI, L8221, T 12F, LGS, M 934, K054A, K7715, TNO, M622A, LNS, H04KO, SHST, B703, A6822, H61NR, T172P, L3223, RQTG, XFWBG, A421A, RKD, MMTG, M 286, L2019, B3713, NKU, KB, H100B, H2818, REA, U0208, K 627, HABZ, NANI, RHEB, L4394, RRAS, HOR O, A6612, M406A, FFS, MNLG, A137D, E 944, F167B, FSR, LGLO, BJUF, E 14H, K029H, LGB, W 042, KKO, BWUS, BWUSN, HK, DSRH, BGSBS, EWIN, L1920, K178H, A705V, KNEB, H540L, MWM, LMR F, A031S, RHKM, SSO, HNAH, RRIE, S 846, K2408, H3715, L2942, EAML, M 537, EMAN, F072A, NHOH, H888V, HBGM, K  43, BLRD, BGH M, H15SE, B8408, R 46K, H124E, A366S, HGOF, L 244, AHPF, A305B, H11MH, MSN, LSBG, W3382, L7016, AKSS, M 672, A466M, EDRS, RDRN, U8003, H4045, L5885, HRIE, F101D, KE, EMSTP, HEDN, F026A, BSHA, HLGL, MXLR, BWKL, WA, E 602, UWIR, FWG, F089B, R 30L, HVCS, E 100, K077L, TEN, T150P, KSAL, N 54A, HGOD, FSWS, BPOF, R357O, HKL, L904S, LDBA, K022R, KNOKC, LNN, H2014, W5486, N 24A, K2817, L6012, H41GS, HMDD, L2975, W 214, M165G, R9593, ADB, H02DK, R 49R, MHOB, A571S, SDLAP, EHLT, D6579, FSTL, AHBG, NZP, L1941, EDKO, WEV, SBIW, B 206, K2913, ENON, F527A, WSE, RLUE, E 478, LROI, B6411, R  5R, AALM, M209A, TLW K, E802D, HHRG, T779A, KGS, L5423, LBB, H137U, N 462, HHM, AAH A, LMU, H213K, FNFS, W5584, SSER, R3319, BHE, YMMOL, M 75A, NFT, FGSM, F518A, BLN, A447K, BFPN, UNSA, F040C, LCZ, M429B, DSO, LLG, N655A, T698B, W5283, E822B, LN, H668E, SEF, FSPRS, EBSU, AHBIU, H21OB, R9193, B1188, ABVS, A751N, R432F, W3684, RBSK, A407H, SBI, A110B, RBRM, S 875, K2820, R556L, H3827, L2933, RBA A, M 583, KJUC, EDSO, S002G, R3878, BHGM, E 31M, EPRL, BFL, FUT, E 494, BACO, ALKG, E5534, EHAN, WZIR, FBAU, E 503, AB113, A755N, LNF, ROG E, W074, M172A, HM  G, E 244, F037D, T410S, M 417, K 632, DAZ, LFK, H767E, N 21A, U2543, K 348, LMI, H647M, HHWD, L1834, F795A, L244W, AGST, MFR, KDEM, HBDDN, N 73D, EDGD, M 571, FDAR, RHM, NNEG, F252A, BSEO, E 584, A172L, NNB, E903L, F315A, FBSD, RLSM, M 693, R 32R, E112O, K071D, TMGG, TFG, LRI, T 54H, A062R, HWTT, N 60D, BBKN, M 925, K152A, K7811, M621A, SRC, B702, HBSN, D 100, M117A, H73RE, T156P, AWHOM, A116R, HGBW, LGA, ML, AHOT, FROL, NIM, EREK, KKSM, L2020, B3724, L116W, AGH, H02BB, MAY, LLW V, A563R, MADS, HNHG, SDLOC, EBUD, RKES, K2718, RBOA, L1946, KHOZ, WRGT, B 105, UWAR, FKWK, M151U, NHCH, UG  T, HEVG, RLCH, E 521, A213B, LZA, A757N, M201B, UKS, FFRL, F036E, E3046, FDIE, N 26H, A517B, R955H, M 663, K 383, EQLS, TAF, H41KB, N 364, F103A, HWWI, M132A, H178S, AQM, MWDB, HNBG, WZEN, H171L, A60RA, FHOEG, M107B, KAREG, E 5O, K072D, TGAW, HLOA, T 18O, RRZH, N441A, A364H, HVHP, D6761, T132P, RRIT, HMS, LQPG, TQTL, AS, B7058, H04IL, KNL N, A554R, RNM, U0212, HODU, L8818, R 30B, E0402, NBK, KBM, T4755, SSR G, BUD, WSEE, HBHSK, FAUM, F090B, NSIH, R 27L, M223B, HVSS, E104I, TGES, K078H, T131P, FOBW, KKANW, BRGBT, BWP, BWP G, B5223, R260F, H121E, L6514, F038D, ESHM, A418H, T 51F, KFO, YFFNL, DRB, H05CG, R 24K, KVA, K 732, U2542, LSFD, H643B, HGZW, F925A, M633A, AALS, MEC, A02WL, KHAN, WSLT, MBU, HHES, KMIL, BFP, WVE, NERB, HGMG, HWIS, RBAH, S12SK, NRZ, KMD, EMRS, A326, M 622, HSUN, E 311, F473B, E906S, LZH, R125K, W 111, K009H, LNW S, LGOE, A082K, FMET, H109O, K 905, T117P, D 603, B1106, AM  N, TEZLF, MHSU, FFO U, USUE, B9306, WCOK, A140D, UBK, FBZ, E 26, TGO, M312A, E 351, N 11A, W5386, K2823, H402G, FBAD, HHOL, L2923, M 42B, R9393, ANEZ, HEBGO, MOR, N 54C, LRAD, K182H, LQGW, R505F, A133H, RBR, BFO, L5115, ALTH, HOSC, A920B, RSCH, D6767, S8176, H3931, L2922, M 586, HBRT, RBAS, H538L, BWKO, KDO, E908G, EDWH, S056C, BRE, WWT, S016E, UKA, F561A, H16HI, E135L, LWAN, W3090, A546R, M 217, N898A, A1777, H974U, KBR G, KBMW, A069F, H01WH, KKSA, K 481, UATG, M605A, H211B, AKGA, KWST, HHMS, YBLGN, U152V, SWIN, RLRS, N 984, A390T, EGLO, LA806, E5201, H354E, W3389, F692A, RPB, BGUN, LMEU, M162U, A472S, EEDT, RWIN, KLDA, H4163, NPL, ENBMG, EBGZ, R3314, BFUS, FWS, A587L, BCS Z, YBHGG, MHMO, N 41D, RML, L1930, HLBB, EHRBZ, EGHN, K480A, TSEP, FE41, WRHP, UMS, EFMK, UEI, UEI G, FPU, E 481, KG  C, LNM, W055, RSCFO, A747H, M154A, H3192, FMES, E 504, BZIG, XT217, B6418, R241S, E 579, F291B, FHRG, H304B, BQOD, T891A, DSTT, LWT, H52UK, RNFL, N  1K, HVLO, H240F, MKI, LHAL, N  6C, HSD, W5685, E933S, SEN, MBHA, FEGWS, N 411, RBZE, RLR G, ELSD, WWE, B6842, MGLD, MAHU, TIH, BPM, XTPI, S803S, MDIL, HBTH, S 2KN, RSIN, LHBG, KHBR, RMAX, N 13E, ESRTF, M449A, FSINO, F016B, BNY, UEG B, E 1SL, NVDO, NFIN, HBR P, E8418, RBIG, FTS, TAU, E642, LKLI, N 354, R 21M, M206A, A422L, NDB, UGRU, FRO, E 753, HBHWT, LHZW, R 46O, F037E, DWH, H221R, LGL, W5191, DKLB, T102U, HBI, HBI F, L2631, L1924, AHSO, H23VO, A576W, MHR, LK  B, A082H, SBA, MLIA, E 243, F032E, LPG, W9404, T407S, M253A, B  10, K  42, LNHM, H82HG, T661U, KLEU, B7815, HDBG, U 898, K 733, E566V, LWEZ, H82SS, N 416, HHUD, L1838, BEGN, WGF, M 686, MEPH, H931P, KMBO, SMSW, BWUE, A346, KFNW, M 606, NSLI, BAD, E 614, E 831, F944B, LWPN, R 31K, M114B, K038E, TNHO, KSIU, E522D, LOL, A036K, R201M, RLO, A21NR, K 140, D 951, B5411, A395S, F592B, L  32, E6335, E 52, K065D, TLO, RUOM, LBU, B6836, R  3M, A051A, FMS, N 37A, K 31B, H34NN, B5244, T317C, N773A, A371L, L7274, B 502, AHOG, A722V, LRG, LRG O, W3492, MOTF, A598S, RFTL, R303S, EDLS, L3314, HGA, ASTT, H904L, RMRG, NAH G, MNPS, ESIG, MILT, KLD, EHGVO, EGBW, K030G, USB, E0527, ARES, NHOE, FBUP, M 580, E525L, A711W, B7418, TU  B, M 109, E833A, F014D, M 478, K 818, THDM, LBYD, H46BK, T 43H, BBKR, NVIB, KOPL, KWER, BEZ, U5222, NHIS, UDG, K028I, R4514, F542A, RLAC, BHDF, U 843, B7319, A543A, UBU, M 229, E 794, F524B, M836A, KDN P, K045A, K8006, TND, LMW, HOLO, N   7, HFST, D1133, M 405, W3780, HBSA, LLN, F596A, DWU, H637A, N 31C, EBIO, L2964, H541L, LKS, A100L, HVAH, W 636, MANH, MOP L, M 204, U7113, MGNB, NROS, KOB, EDST, WRMB, H0146, NRA, L4225, XNNS, H102B, KDN G, M 72A, EDEV, R3761, NRP, SEG S, F014E, F675A, FLON, F713A, BHB, MKFS, EHGGB, NRAH, A453H, UWTH, FHDT, E 744, F036C, LLMO, HLGF, DCW, DCW B, T682B, W5383, TQUF, DMT, B8526, KMO, KMO G, N  9B, HGOH, AAHR, H119A, HQOE, N 121, HLBR, KKAI, R829O, SIDO, MPE, KBH, F192A, KBHR, A32OR, EWRN, EWRNA, BDDF, M 528, AAS, F004D, H111E, HHTM, YLHAE, R 25F, MGF, B1189, RBAM, FJUE, MWDF, ENBE, M416, S 1KN, UGDE, KKOB, BLIW, NSI, RL  S, KNRC, E 139, M 213, N 126, B6263, FABL, M 33A, EEZK, LKYA, A102S, R 42N, M211B, FKNZ, MLLS, N973A, H123U, KBOI, N 61D, WGOH, EBEH, F011B, TBF, TBF S, U7062, FGHO, K2725, L8013, E534W, A501J, UGS, RRZD, E 114, N 780, F340A, KMEZ, EHKM, LLAN, A504A, H965U, M 637, E3359, K 135, F814A, RLRD, LGO, TBAG, H04GC, N 53D, D6594, YHELH, D 808, H925N, F104A, A93DE, BABO, U2031, W6083, E953B, M617A, RGH, H274B, KKLE, EHERT, EPK, K118C, WKV, ANEB, FBOF, K973B, BNAU, B3311, AHAB, F203B, F287A, WJK, E 711, A166B, LSP, LHW, E9267, TAR, LMAU, R841O, M103B, KBAG, FNIU, K064A, LGAU, H18HW, T293H, SBMS, A511G, D6583, H633M, DML, B2123, R614M, H22OF, H2823, RNEZ, E 47, K113N, A035A, T106F, FGAL, H551G, B5101, SDE, HWUN, L7271, K1153, RBRG, AMA, H22HH, LRVB, W3486, A597S, FKIZ, KEAG, L5512, AGUE, EDULH, NQMO, HDRE, RWY, DWBZ, KDFL, WPE, H3721, L3229, SLF, W3291, A034O, RKF, BRGBA, RG, FHWD, HBSR, H4052, YLLEW, RBA G, H003G, EBTS, S003C, R3865, MP  N, BBDW, KAU, A412D, URD, E 863, F837A, TSO, R 11H, HRWA, E8521, N140B, H916W, FGHM, WLDF, D242P, EGHE, B7144, A507J, M  3B, F064C, E 773, LBWE, B3717, K 492, FFLF, TJM, K106A, H02HW, U 020, H61WS, AQSA, MLEU, N 966, HBWA, DWND, B2125, U0102, FG  B, MDT, NHOB, EBRAH, NASU, L4273, BBRN, NEL, FGS, A120H, E 953, F171B, FBNU, TSD, ENHA, LSOL, R347K, E 954, K073L, LDS, F109C, H121D, KSOM, M  14, BTZ, NEW, EDWK, F006B, WRST, EHGGW, A462H, UN  A, E 542, F824B, EGRK, XT164, LWO, R  1S, M644A, E 964, F592A, T896A, F844A, D1111, H26UE, R 12N, N 71D, D1161, D 573, K136D, BAWF, BSFL, UEEL, H3392, FDA, NKGM, A732W, B7417, H206B, HLBL, E 796, M250A, W9401, M 455, KDRH, BSPDW, TRM, LHF, H82BP, T 92H, RKG, B8517, K111A, N 928, HHXR, U 896, AE  F, LDSW, H70SD, AON, SSTH, MIH, W5472, KHI, WLF, FWO A, NGAH, M 422, T251V, BHDO, N  4A, F367A, EWES, RLRW, BWG, E801B, MKIG, FKWNA, F295D, BBO, WZIN, E 353, NRB, BQGA, A183W, E 821, F063B, WDRE, KKE M, R 20K, KBRO, W5895, HEST, HFRI, K2629, LKAN, H963R, SDLH, HWSN, L2916, K174R, AVF, H02TD, MFG, A553S, RMR K, UVIU, SHO, EABT, REI, DR, DR  R, K2204, FSHF, L2914, H3605, NWR A, KFRI, F298A, B 13, FB144, NCRE, B 129, FQBA, L5125, W5884, M607A, E964B, M836B, RGDN, FG  A, MTHB, N  78, K117C, BAG W, M115C, F699A, K6201, EWER, F002C, BMQU, NDHF, FWI, WSAM, E493R, BMZA, A533R, M  16, FMLA, E 643, F048A, LMA, A922A, T262P, K 134, WGRA, FMSH, F204A, R312F, HWEN, U 011, B3719, E116M, M233B, B9201, F524W, MWKN, B 157, AQMD, HBDV, H92WD, B 802, RBIE, KANM, HBMA, L2492, F003C, EAHLH, M 432, KKAS, KKASS, NBG, H537L, HUTB, DZW C, W 633, SDUW, MALI, MOP H, M 53A, RP, DMP, WLMZ, U7111, NSTC, FNF, FNF N, EDKU, K434A, WWBO, FDILS, F843B, NNMV, BHOW, H3393, H5724, A725H, B7416, H208B, EHOR, E5973, M154U, UGHO, E 535, A222B, LW, W6397, U0323, M202A, T387F, DRBZ, H15GE, KOL, K326E, A538L, LMF, H291S, N 378, HKSI, F926B, M637A, SBE, MFE, DN  A, H467L, N 22A, H56NL, HQOF, HH957, AM  O, XTDZ, RXBA, TNK, F086A, BSE W, NTFB, NEZ, HHRN, EDMO, M415A, YRRHH, M  2A, KDAT, EWANB, WSS, LB915, D6571, KST G, RSIB, F260A, A493R, D1115, LLVD, LQOES, RQNM, B7056, R132K, H12WM, RHO, U0209, K 623, NKO, NNE S, RBNB, L4395, W3694, M 67A, EOS B, A6511, M 546, NGUG, HLBA, E 792, F005C, EOS G, M249A, W9412, AK, AMRO, M 456, BSPDO, K 303, TNS, LO, REH, B8519, K212A, U 792, H992A, A5986, N 973, HGGLO, BCSS, SSBA, A193H, RFO, KWZ, MMAG, NAM, HKHF, YFNLM, RNS, BWURO, KLEL, MKLF, BLH, HHAL, F188B, WB, EDBG, S013H, BPDC, UUS, FRA, BKOS, E617L, A536L, W3094, LER, H193B, HGRN, M 212, E2624, N 11F, F118B, WSBA, TSIH, A503B, M 656, M1A, SSOP, FFGI, F274A, E 367, NNAN, BQBU, HBKH, FEHR, F597B, E 904, LWI, R  2R, M111C, E992N, K068A, TBSV, LHBK, B6307, T 33O, HKBA, RSP, KKERG, A063A, D1106, L8387, NALW, H974R, B2224, RSDS, HELH, L  61, UQBK, E924H, A136S, FGL, E 652, F165B, EHAE, LRAS, M311A, E 13H, KNOKB, H2013, W5484, N 422, K2240, L6013, HSPR, L2951, W 212, M  63, R9394, R 53R, MOBR, A581L, RKIA, N  4E, RAUG, DPI G, EMEU, F010A, T301R, BKH, L7793, NHUE, T234V, H006B, KWEB, EWFK, F055C, BLF, M516A, ADT, FBMR, F785A, RK, RK  A, K1045, WSOE, BEB, E 706, LMGB, TRR, K160A, W 116, LSHH, HEHB, HBSU, D  37, W 043, H33NE, K0950, A074W, H07HR, B1218, ABCHG, M408A, H803L, H3879, NAHF, HLAD, U112V, KKANE, SNE, A059A, MLO, TED, D6951, S 19E, MNFG, NWB, HHTL, A44EL, R685H, ESTR, BGA, WKWA, AKC, W3189, A586T, NWLZ, M 56A, HDOP, NCH, NCH S, EBLAB, L8811, MAHN, LFLU, A6820, NOBN, EDHG, S013C, WPB, M 534, SKU N, FWIR, F821A, NZI, E 641, F011F, TEZL, MKPO, L1938, AWLG, KEA, WLH, FBRT, UEIS, EGRA, FZW, E 501, WKUM, BBI N, ABAW, A760N, W056, LOEH, E 36, F035E, K019L, LZ, W9206, T408S, M 420, H817M, HQKR, HBR F, HRTH, B1128, SKRS, SZW, A488B, HLWL, ALBGG, L3911, RQRI, SAUW, H2812, FBGO, U0318, M  2C, MBGH, M 258, ELGD, NER G, RMZ, NKM, E922G, BWS, F475A, NEE, K360A, BGRA, WRIW, U2423, E 528, UBF, F066C, FSTA, TNB, LRF, R518G, E 270, K093L, TBB, LGN, B6837, R624M, A081A, FML, N 33A, K 141, H13SE, H126E, SMUE, N775A, A364S, HOY, L 245, B2126, AHAM, A306H, H01GM, W3495, A500B, L3317, LMUA, M410B, T1632, DHDG, HBLG, KASZ, LDAL, W5182, K2436, HMRS, TCFL, FNIV, N 208, HBNT, L1931, B6948, R 42O, H01DT, MJK, HOLT, W 653, K 714, MPG, RFSG, MNFR, L1906, HEKP, KDAL, EHRBN, R928O, MPF, BSS W, KDGR, WVR, NNAB, KKSH, EDOZ, F004E, KLAB, SBAG, BFHS, WMOI, M 555, RWB, RNHF, HEMA, F248A, WNA, HSR W, A168B, URO, E923L, FHC, LGE, R 36R, K167A, E 799, H07HE, FALS, E 32, F351A, M258A, HU, HU  G, E6321, E 421, K100D, TSSM, DH, LCW, W 041, T171P, KKOM, N 42A, HLEEA, HEB, BGBW, H07NE, N 461, L1932, K175G, B1130, H544L, MBRM, LGOSW, FMBG, SSU, A467M, EMES, RAL, H0145, F212A, HEM, EDHK, BBIKW, M 74A, FRDH, F517A, BLB, A450E, UR  G, E 748, F039B, LACF, DSMI, N654A, T683B, W5285, LSF G, H766C, EGZO, K363A, UFT, EBAU, BOR, WWR, A741H, B8812, E834A, F027C, TSTR, K107K, W5401, T351S, AOHA, K 629, E48 6, LQB, H3881, T 31A, N 57B, K 245, WVIA, M 446, A115S, LBIW, KKE O, H11WH, LF  L, HN, HN  G, TKIM, KG  G, LMT, H25SH, T298H, SLN, NAHA, A032O, HNPL, D6577, A415H, STN, F153A, HJEB, S8167, BQMZ, BLO A, AP, TQKN, B7057, H2820, M 839, RNA, U0105, H21FU, B2088, EWEF, MHOP, K 626, EBOK, H174L, ELEN, S8145, K2405, FKAH, L2949, H3716, TWEB, KZI, EUK, F062B, R3864, BHPN, NV, B 210, ENTE, F525A, UEN, E 476, LBT, B6730, R  6R, M208B, YFMLH, E801D, T776A, KGN, DRO, L5524, LBGF, H135U, N 481, HCOP, KXH, ALOF, H23HH, A479A, MAG, F259A, LHG W, BMD, U2135, W6487, E937S, MHAB, MN  L, M221A, RBRS, MMH, NRPH, YBLWB, K017A, BAWS, WRSS, BFKS, WBER, AHRS, NRCK, F104B, FHOR, R588L, S 813, RKOR, N 12D, FOO, NNS, H943P, AHO, KKR, L7699, K2416, NRTD, AHKS, R6216, F594A, BSKL, K5030, H11GG, R 12S, E113R, A548K, M 235, E533W, FLUT, TMG, L4374, BHRM, BNDL, M407, YKMGN, FNMI, E016H, BJWO, E530W, A133D, UNA, E 945, FSZH, LBSN, YBBPO, M271A, L2632, KROL, K2238, HSTF, LHME, H42SG, WLAM, N  61, HHBO, L2952, XTDVH, M 64A, R9794, AFRD, LRIB, H211K, HHOY, W5483, STB, MGOI, RKN, EMSD, WWI, BWKM, H234S, KRUM, WNWO, UKO, KURR, F639A, NMHW, F002F, BRO, U0652, LHO, W3795, LBW H, A714H, B7148, M 125, HJD, E 795, LDTZ, B2611, M 508, FCX, TSCH, LGND, H14LR, U 014, M121B, H989S, HQR, HBL, B1125, MRBI, KDR, NLW, RXBH, ELPE, M916A, YHFJL, RAPK, E 441, FSON, TBLS, R837O, KB  G, K067A, TBU, LMST, H26HS, T299H, SBRH, KKM G, N 12F, HTRI, A022R, D6578, K165K, HBR M, F155A, S 867, HDMK, A469S, DGL, RQHO, APD, B7060, H31OR, B1089, RBIN, U0104, EHGS, DGLG, MHRG, NMH, ESEM, ELEC, NMST, M410C, YKMNO, E5895, BJW, EDIN, A122S, UWIP, E 943, F732A, FCLD, TEF, LBSB, H175B, K097L, NBWH, KSIZ, W5892, N101A, K2630, H665O, EBRB, N 60C, HKDF, L2936, M 66A, RMUG, ADL, H24BT, MPEI, A561R, SNKW, EAPH, RIT, K2822, FFTA, R555L, H3602, L1949, KKAW, WBTF, B 111, M152U, UG  G, RHCH, E 523, AR123, E944K, A764N, W6003, LBZG, F045B, A416H, T 50F, DRBT, H11GE, KKOE, M636A, N 257, RRI, HFIS, KIMI, MLL, NPA G, H114E, KRH, NAH A, N 55C, H902P, M714A, ULL, EDSL, S006F, BFLZ, NWM, UBZ, FNDS, F223B, BHL, E 1SB, LHNZ, W3788, E2630, N 22H, F033D, FLSW, B2916, KMILG, K8131, TSUE, H31SK, F101A, HHAE, ABG G, M414B, H212B, AQLA, HHAG, U141V, WLAU, HWEH, A72WR, MDO, F103F, BRGBB, KNEA, HLOT, BMOA, L242W, R  3N, NKUE, MMA A, EHOS, BKW, A322, HWLL, K163P, N 175, E 309, WM  E, UEK, F482B, FNDW, TKEH, E451, R325G, M151A, F052D, W 112, K005F, THOF, RBRD, HBUG, A092K, FGUB, KKE B, N 490, H552H, B6110, K904B, D 628, BL  N, SKLW, N  55, A386T, BQLA, ACD, H05LO, MSW, W3385, F693B, MFHW, RKW, L7011, AWR, M166U, A474S, EGRV, RGSS, EOS E, H3941, NSK, D 771, M 55A, KA, EDGM, R3421, NAD, WZSG, F753B, BPA, A424S, UEO, E 743, F032C, L8334, LLI, F035F, HQWE, DKOH, H801L, LMIZ, T389S, N912A, KHCH, W5185, K 613, DDE, H635A, YEHLH, L1907, KKM A, H03BV, A577W, MBDH, LHS, A171R, U2544, E951B, H66OP, MRP, MVRN, NSL, L909S, HHIL, KBA, EHGVS, EWSH, K031F, M115A, UND, FLHH, WT, THCV, FLP, E523D, A718V, B7254, TU  O, M 117, E821A, F012D, LNOB, B2411, M 503, K  76, FMOW, THDS, DCT, H42BK, T 41H, RBOE, U 798, H815M, LD, LD  G, HOSS, R828O, SFWB, MRS, BSTAB, HOFD, KKLV, F009A, KDZ, EEMP, M102A, WPDF, M 554, R8403, F285A, BORT, A165L, LH
Dead ends;AHS:ABTSB(SK), RST:RSTG(SK), MGHN:MGHG(SK), SBY:SPDR(GL|SK), MP:MWKR(GL), TOEW:TOE(GL), DSA:DRD(GL|SK), TSHT:TSHL(GL), MAPL:MGT(GL), FFG:FFG H(GL), K5038:KFKB(GL), LBSO:LBS(GL|SK), BST:BSTV(SK), HEDS:HEDM(GL), TSU F:TSC(GL), EKG:EEWD(GL), EPD G:EPD(GL|SK), K 330:KDOB(GL), AWIR:AHOD(SK), EG:EGRO(GL), LEU:LPTG(SK), WTA:WXT(SK), DGB:DGC(GL), ANMS:ANSG(SK), EHOK:ELSN(GL), DLH:DSAA(GL), FGEL:FLIE(GL), HLEG:HHN(GL), UKLD:UHR(GL), K 414:KKDB(GL), AAMP:AH(SK), FKR:FKRB(GL), KPW:KPW N(GL), EBWEG:EBWE(SK), HVA:HSRA(SK), KVI:KKA(GL), AOH:AFB(SK), UGO:UEM(SK), FSPRN:FSPRS(GL), BWRO:BWRA(SK), RLSH:RWSS(GL), ELIT:ETIE(GL), A420H:AH(SK), T081F:TSC(GL), FWSA:FWWS(GL), BZF:BKAB(SK), HNHA:HLNG(GL), M 60A:MIMS(GL|SK), EBLAP:EBLAZ(GL), NNRD:NNRO(SK), KAW P:KAW W(GL), TKG:TWW(GL|SK), A366H:AH(SK), FKWA:FKBH(GL), UWSE:USFG(SK), UQER:HWKD(SK), E5002:YEEBP(GL), HHLM:HLMG(SK), RZIM:RSE(GL|SK), EDDPO:EDDPT(GL), N 10D:NSDF(GL|SK), BQKK:BXK(SK), DWBW:DWBN(GL), EBWG:ENUT(GL|SK), SSH S:SSLM(GL), HCNG:HCN(SK), LHBA:LHAR(GL), M672A:MHT(GL), E 412:EPD G(GL), A112S:A111R(SK), HDRG:HDBR(SK), KPHN:KPK(GL), WGR:WXG(SK), H022D:HHER(GL), E544N:EHG(GL), BGU:BXG(SK), NIL:NSNH(SK), EMSTG:EMSTP(SK), NPK:NDG(GL|SK), BOEG:BBES(SK), EDWM:EDHDH(GL), EHTG:EKT G(GL), BLW:DGC(GL), BQLR:BMAH(SK), FBUS:FSPO(GL), TBGS:TBG(GL|SK), E5894:EWEF(GL), NNHC:NBY(GL|SK), RZHN:ROB(SK), BHG:BXH(SK), TSNA:TSC(GL), EDO:EDFD(GL), NBUW:NSTN(GL|SK), MART:MALD(GL|SK), MGI:MGIF(GL), FORD:FUCH(GL), FHOEA:FFAWA(GL), KWS:KWS G(GL), NWH F:NWH(GL), FZE:FFZ(GL), EUBD:EOER(SK), YTTSE:TAIB(GL), HSWI:HSW(SK), DG:DXG(SK), DGZ:DSAA(GL), FBGH:FFRI(GL|SK), UQNE:UNEG(SK), MFNS:MNM(GL), KKHR:KK(GL), HSSG:HSOS(SK), EMRW:EMLR(GL), FNHD:FHAD(GL), USCS:UGG(SK), SEG N:SEG(GL), ENL:ELSP(GL), UGOT:UGLW(SK), EBLAO:EBLAZ(GL), MAHZF:MAHZ(SK), NDIE:NHG(GL|SK), ERWH:EHGS(GL), NKLH:NM  W(SK), KNEB:KAH(SK), HRIE:HNKO(SK), HEDN:HEDM(GL), BSHA:BGS(GL), BSHA:BBOF(GL), HVCS:HVCH(SK), FSTL:FLSS(GL), TLW K:TLW O(GL), LBB:LBBZ(GL), NHCH:YFMFH(SK), SSR G:SSH G(GL), NERB:NGKA(SK), RBR:RBRO(GL), RBZE:RWA(GL|SK), EHGVO:EHG(GL), LBWE:LNK(SK), EHGGW:EHG(GL), E801B:KD(GL), DZW C:DLI(GL), MALI:MLI(GL|SK), FNF:FNF N(GL), FDILS:FDIL(GL), NTFB:NKCK(SK), NNE S:NSLN(GL|SK), RFO:RROL(GL), NWLZ:NRU(GL), LACF:LLAN(GL), STN:SALG(GL), TWEB:TNB(GL), KZI:KBEE(GL), DGL:DGLG(GL), SKLW:SLAO(SK), LD:LDWG(SK), BORT:BRU(SK), LH:LHG U(GL)
DB version;SKAT_RDS_DEV_DB_2013_R2_16
Elapsed Time (s);6.76851
