DS100;Fahrwegname;Kosten;Restkosten;Prioritaet;Halteplatzlaenge;Streckenklasse(G|Bis|Ab);KV Profil(G|Bis|Ab);Laenge(m);Fahrzeitrelevante VEs;Routingrelevante VEs;Einfahrt Grenzlast;Ausfahrt Grenzlast;Wagenzugmasse(t) Einfahrt;Wagenzugmasse(t) Ausfahrt
"BSN";"BSNE-161/4-BBS";60;3814;100;568;D4|D4|D4;9|9|9;3738;;;2905;3000;700;700;
"BBS";"BSN-1-BRU";170;3760;100;740;D4|D4|D4;9|9|9;4602;;;3000;3000;700;700;
"BSRO";"BBS-BRU";148;3688;100;0;D4||;9||;4000;;;3000;3000;700;700;
"BRU";"BSN-2-BEB";202;3629;100;583;D4|D4|D4;9|9|9;5272;;;3000;3000;700;700;
"BBAE";"BRU-BEB";134;3486;100;700;D4|D4|D4;9|9|9;3500;;;3000;3000;700;700;
"BLH";"BRU-2-BEB";291;3316;100;581;D4|D4|D4;9|9|9;7006;;;3000;2430;700;700;
"BPFA";"BRU-BEB";68;3177;100;0;D4||;9||;1853;;;2430;2430;700;700;
"BPFB";"BRU-BEB";42;3140;100;0;D4||;9||;1150;;;2430;2430;700;700;
"BP";"BRU-BEB";277;3035;100;658;D4|D4|D4;9|9|9;7504;;;2430;2430;700;700;
"BEB";"BRU-2-LF bis 4/2013";258;2841;80;575;D4|D4|D4;9|9|9;5602;;;2430;3000;700;700;
"BZA";"BEB-LF";148;2669;100;740;D4|D4|D4;9|9|9;4002;;;3000;3000;700;700;
"BBLW";"BEB-2-LF";181;2499;100;648;D4|D4|D4;9|9|9;4901;;;3000;3000;700;700;
"BWK";"BEB-1-LF";281;2338;100;618;D4|D4|D4;9|9|9;7600;;;3000;3000;700;700;
"LF  F";"BEB-6s-LFU";89;2101;100;740;D4|D4|D4;9|9|9;2404;;;3000;3000;700;700;
"LF  S";"BEB-6S-LFU";28;2067;100;593;D4|D4|D4;9|9|9;700;;;3000;3000;700;700;
"LF  U";"LFU-6M/6N-LFN(6207)";42;2019;100;169;D4|D4|D4;9|9|9;900;;;3000;3000;700;700;
"LF  N";"LFU(6207)-6N-LW";237;1906;100;600;D4|D4|D4;9|9|9;6401;;;3000;3000;700;700;
"LFMW";"LF-2-LW";239;1733;100;650;D4|D4|D4;9|9|9;6465;;;3000;3000;700;700;
"LQMO";"LF-LW";0;1576;100;0;D4||;9||;20;;;3000;3000;700;700;
"LAB";"LF-1-LW";500;1266;100;740;D4|D4|D4;9|9|9;13515;;;3000;3000;700;700;
"LJN";"LF-2-LW";370;984;100;740;D4|D4|D4;9|9|9;10000;;;3000;3000;700;700;
"LELT";"LF-2-LW";259;633;100;740;D4|D4|D4;9|9|9;7000;;;3000;3000;700;700;
"LMUA";"LF-LW";185;489;100;0;D4||;9||;5000;;;3000;3000;700;700;
"LWND";"LF-LW";82;405;100;0;D4||;9||;2230;;;3000;3000;700;700;
"LW";"LF-7-LR";173;284;100;502;D4|D4|D4;9|9|9;4166;;;3000;3000;700;700;
"LWET";"LW-LRAW";22;242;100;0;D4||;9||;600;;;3000;3000;700;700;
"LWBW";"LW-2-LRAW";129;171;100;740;D4|D4|D4;9|9|9;3500;;;3000;3000;700;700;
"LWP";"LW-1-LRAW";69;0;100;678;D4|D4|D4;9|9|9;3500;;;3000;3000;700;700;

Path Cost;4684
Path Hops;28
Path Length (m);127131
Total Priority;2780
Average Priority;99
Configuration;Alpha=10|Beta=1800|Gamma=500|Rho=10|Timeout=20000
Expanded Nodes;154
Visited Stations;LAB, LF, LF  S, BHDB, BBS, LWBW, DPRO, BDKN, BEW, BZA, BGR, YBLBN, BSN, BSN E, BFW, LF  N, LELT, BBLW, BSRO, BNP, LF  V, LFMW, BRU, BP, LF  F, YBLAG, LF  W, BDKU, BSNZ, BQOR, LWND, LQBE, LWET, BSBD, LJN, LF  O, BLT, YBLST, BTR, BC, DQGT, LQHZ, BPFB, LQMO, BHC, BADS, BPZ, LF  U, BBE, BPFA, BSN A, DPRW, BWK, BHFW, BBAE, LUEB, BSEO, LHZW, BAD, BHDF, YLLEW, BBO, LW, BLH, BEB, LRF, LMUA, LF  L, BQLA, BORT
Dead ends;
DB version;SKAT_RDS_DEV_DB_2013_R2_16
Elapsed Time (s);0.0072944
