DS100;Fahrwegname;Kosten;Restkosten;Prioritaet;Halteplatzlaenge;Streckenklasse(G|Bis|Ab);KV Profil(G|Bis|Ab);Laenge(m);Fahrzeitrelevante VEs;Routingrelevante VEs;Einfahrt Grenzlast;Ausfahrt Grenzlast;Wagenzugmasse(t) Einfahrt;Wagenzugmasse(t) Ausfahrt
"HAAK";"HWAR-HAAT";40;263;100;730;D4|D4|D4;7|7|7;1600;;;3000;3000;1600;1600;
"HAAT";"HWAR-Kurve-HLAN";137;256;100;0;D4||;7||;1922;;;3000;1865;1600;1600;
"HLAN";"HA-5-HHIG";150;157;100;720;D4|D4|D4;7|7|7;3000;;;1865;1865;1600;1600;
"H92LH";"HLAN-HHIG";28;82;100;0;D4||;7||;700;;;1865;1865;1600;1600;
"H91HA";"HLAN-HHIG";32;55;100;0;D4||;7||;800;;;1865;1865;1600;1600;
"HHIG";"HLAN-1-HBHE";76;0;100;710;D4|D4|D4;7|7|9;4800;;;1865;3000;1600;1600;

Path Cost;463
Path Hops;6
Path Length (m);12822
Total Priority;600
Average Priority;100
Configuration;Alpha=10|Beta=1800|Gamma=500|Rho=10|Timeout=20000
Expanded Nodes;15
Visited Stations;H301A, HBUK, YDFAB, H01AB, HAAT, HA, H91HA, H92LH, HAAK, H302A, HLAN
Dead ends;
DB version;SKAT_RDS_DEV_DB_2013_R2_16
Elapsed Time (s);0.00105756
