DS100;Fahrwegname;Kosten;Restkosten;Prioritaet;Halteplatzlaenge;Streckenklasse(G|Bis|Ab);KV Profil(G|Bis|Ab);Laenge(m);Fahrzeitrelevante VEs;Routingrelevante VEs;Einfahrt Grenzlast;Ausfahrt Grenzlast;Wagenzugmasse(t) Einfahrt;Wagenzugmasse(t) Ausfahrt
"KKANR";"KKANR181-KKANS";43;116;91;700;D4|D4|D4;9|9|9;40;;;9999;3000;2200;2200;
"KKANS";"KKANE(2667)-KGN(2324)";62;88;100;0;D4||;9||;1306;;;3000;3000;2200;2200;
"KGN";"KKANS-2-KG G 66";63;30;100;700;D4|D4|D4;9|9|9;1203;;;3000;3000;2200;2200;
"KG  G";"KGN-164-KG A";27;18;20;0;D4||;9||;204;;;3000;3000;2200;2200;
"KG  A";"KG G-64KG A";349;0;26;640;D4|D4|D4;10|10|10;603;;;3000;9999;2200;2200;

Path Cost;544
Path Hops;5
Path Length (m);3356
Total Priority;337
Average Priority;67
Configuration;Alpha=10|Beta=1800|Gamma=500|Rho=10|Timeout=20000
Expanded Nodes;58
Visited Stations;KPRH, KSBR, KPHF, K7700, KKANR, KFNO, KBP, KVI, K0750, KG  P, K7711, KKANS, KG  R, K7703, K1030, KKA, KSTP, K1041, KSTA, K0751, K1037, K7704, K0748, K5033, K1034, KGS, KFNW, K1045, KG  G, KGN
Dead ends;
DB version;SKAT_RDS_DEV_DB_2013_R2_16
Elapsed Time (s);0.00142612
