DS100;Fahrwegname;Kosten;Restkosten;Prioritaet;Halteplatzlaenge;Streckenklasse(G|Bis|Ab);KV Profil(G|Bis|Ab);Laenge(m);Fahrzeitrelevante VEs;Routingrelevante VEs;Einfahrt Grenzlast;Ausfahrt Grenzlast;Wagenzugmasse(t) Einfahrt;Wagenzugmasse(t) Ausfahrt
"LNHM";"LHB-3-LAL";56;1420;100;695;D4|D4|D4;9|9|9;4000;;;1255;1800;400;400;
"LFE";"LHB-2-LAL";148;1402;100;255;D4|D4|D4;9|9|9;4002;;;1800;1730;400;400;
"LAL";"LHB-2a/3-LGT H3";290;1454;100;224;D4|D4|D4;9|9|9;7832;;;1730;1800;400;400;
"LSIS";"LAL-LGT";107;1443;100;0;D4||;9||;2912;;;1800;1800;400;400;
"L6514";"LAL-LGT";55;1408;100;0;D4||;9||;1500;;;1800;1800;400;400;
"LGI";"LAL-LGT";40;1370;100;0;D4||;9||;1100;;;1800;1800;400;400;
"LGIA";"LAL-LGT";48;1353;100;0;D4||;9||;1300;;;1800;1800;400;400;
"LGT";"LGIA-2-LSB";145;1259;100;713;D4|D4|D4;9|9|9;3923;;;1800;1800;400;400;
"LN";"LGT-LSB";74;1218;100;0;D4||;9||;2000;;;1800;1800;400;400;
"LSF G";"LGT-31-LSB";85;1050;100;394;D4|D4|D4;9|9|9;2300;;;1800;1800;400;400;
"LSF";"LGT-1-LSB";106;1009;100;482;D4|D4|D4;9|9|9;2450;;;1800;1800;400;400;
"LLUD";"LGT-LSB";124;927;100;740;D4|D4|D4;9|9|9;3350;;;1800;1380;400;400;
"LFD";"LGT-LSB";66;802;100;0;D4||;9||;1800;;;1380;1380;400;400;
"LFDA";"LGT-LSB";92;761;100;740;D4|D4|D4;9|9|9;2500;;;1380;1720;400;400;
"LEF";"LGT-1-LSB";166;641;100;504;D4|D4|D4;9|9|9;4500;;;1720;1720;400;400;
"LEGD";"LGT-LSB";111;539;100;0;D4||;9||;3000;;;1720;1720;400;400;
"LSBE";"LGT-2-LSB";111;494;100;650;D4|D4|D4;9|9|9;3000;;;1720;1800;400;400;
"LSBS";"LGT-LSB";37;472;100;0;D4||;9||;1000;;;1800;1800;400;400;
"LSB";"LGT-4-LMSO(6406)";67;447;100;437;D4|D4|D4;9|9|9;1410;;;1800;1800;400;400;
"LSB G";"LSB(6406)-4-LMSO(6406) 12";76;370;100;643;D4|D4|D4;9|9|9;2070;;;1800;1560;400;400;
"L5517";"LSB-LMSO";44;293;100;0;D4||;9||;1200;;;1560;1560;400;400;
"L5512";"LSB-LMSO";51;275;100;0;D4||;9||;1400;;;1560;1560;400;400;
"LMSO";"LSB(6406)-4-LMB(6406)";139;160;100;721;D4|D4|D4;9|9|9;3499;;;1560;1350;400;400;
"LMB B";"LMSO-52-LMB(Gl5)";225;0;100;661;D4|D4|D4;9|9|9;3353;;;1350;1800;400;400;

Path Cost;2463
Path Hops;24
Path Length (m);65401
Total Priority;2400
Average Priority;100
Configuration;Alpha=10|Beta=1800|Gamma=500|Rho=10|Timeout=20000
Expanded Nodes;86
Visited Stations;LDM, LSBE, LMB, LMTW, L5118, LIB, LFE, LLUD, LSBO, L5517, LHAR, L5117, L  10, LMB F, LGI, LFDA, LMSO, LHEW, LEF, LSB, LSB G, LGAL, LFD, L5511, LHBA, LGT, L  11, LSF, LWEG, L5116, LAL, L5518, LSBS, LEGD, LMSA, LSIS, LGIA, LN, LFK, L6514, L5115, LNHM, L5512, LSF G
Dead ends;
DB version;SKAT_RDS_DEV_DB_2013_R2_16
Elapsed Time (s);0.00797679
