DS100;Fahrwegname;Kosten;Restkosten;Prioritaet;Halteplatzlaenge;Streckenklasse(G|Bis|Ab);KV Profil(G|Bis|Ab);Laenge(m);Fahrzeitrelevante VEs;Routingrelevante VEs;Einfahrt Grenzlast;Ausfahrt Grenzlast;Wagenzugmasse(t) Einfahrt;Wagenzugmasse(t) Ausfahrt
"RMF";"RWE-N 3-RM";40;332;100;750;D4|D4|D4;9|9|9;3201;;;2475;3000;1685;1685;
"RMFE";"RWE Rz-RMR";51;296;100;700;D4|D4|D4;10|9|10;1296;;;3000;9999;1685;1685;
"RMR M";"RH-S520-RMR E";136;201;100;553;D4|D4|D4;10|10|9;2183;;;9999;3000;1685;1685;
"RMR E";"RH-RRE";95;181;100;727;D4|D4|D4;9|9|9;1714;;;3000;2880;1685;1685;
"RMR K";"RMR E-RRE";4;211;100;0;D4||;9||;100;;;2880;2880;1685;1685;
"RRE";"RMR-RMW";122;83;100;0;D4||;9||;2686;;;2880;3000;1685;1685;
"RMKL";"RRE-N 1-RMW";90;0;100;750;D4|D4|D4;9|9|9;3999;;;3000;3000;1685;1685;

Path Cost;538
Path Hops;7
Path Length (m);15179
Total Priority;700
Average Priority;100
Configuration;Alpha=10|Beta=1800|Gamma=500|Rho=10|Timeout=20000
Expanded Nodes;238
Visited Stations;R205M, RMF, R203M, RMSE, RZHB, RLD, RMR M, R204M, R6221, RMFE, RMR E, RMR G, RM  O, RRE, R206M, RMSM, R6220, R201M, RMR K
Dead ends;
DB version;SKAT_RDS_DEV_DB_2013_R2_16
Elapsed Time (s);0.0342106
