DS100;Fahrwegname;Kosten;Restkosten;Prioritaet;Halteplatzlaenge;Streckenklasse(G|Bis|Ab);KV Profil(G|Bis|Ab);Laenge(m);Fahrzeitrelevante VEs;Routingrelevante VEs;Einfahrt Grenzlast;Ausfahrt Grenzlast;Wagenzugmasse(t) Einfahrt;Wagenzugmasse(t) Ausfahrt
"AKUD";"ABK-AWIR";133;897;100;200;D4|D4|D4;9|9|9;3500;;;2690;2690;300;300;
"ASM";"ABK-AWIR";76;898;100;100;D4|D4|D4;9|9|9;1000;;;2690;2745;300;300;
"AWIR";"VKOMA ABK-203-AEL(AWIR) AEL-203/213-ASD(AWIR) .3113";3035;946;40;606;D4|D4|D4;9|9|9;11843;;;2745;1380;300;300;
"AHOD";"AWIR-ASD Gz";185;729;100;700;D2|D4|D2;9|9|9;5000;;;1380;1380;300;300;
"A6036";"AWIR-ASD";46;626;100;0;D4||;9||;1246;;;1380;1380;300;300;
"ABR";"AWIR-ASD";9;549;100;0;D4||;9||;244;;;1380;1380;300;300;
"A6029";"AWIR-ASD";278;484;100;0;D4||;9||;7510;;;1380;1380;300;300;
"ASD";"AWIR-3-AHE";407;467;100;780;D4|D4|D4;9|9|9;11000;;;1380;1505;300;300;
"AMFU";"AEL-2-AHM";77;277;100;750;D4|D4|D4;9|9|9;2100;;;1505;1505;300;300;
"AMF";"AEL-2-AHM";181;215;100;0;D4||;9||;4900;;;1505;1505;300;300;
"AHE";"AEL-1-AHM";119;0;100;918;D4|D4|D4;9|9|9;5000;;;1505;1335;300;300;

Path Cost;4546
Path Hops;11
Path Length (m);53343
Total Priority;1040
Average Priority;94
Configuration;Alpha=10|Beta=1800|Gamma=500|Rho=10|Timeout=20000
Expanded Nodes;72
Visited Stations;AWIR, AEL, AEL W, A6821, ABR, AKM, A047A, A6029, A6036, AIZ, A046K, A049A, A514E, ASD, AMFU, AHOD, ASM, A6819, AMF, AALG, AKUD, AHZH, A513G, A512E, AKHD, ABK, A6822, A6612, AGST, AALS, A511G, A6511, A44EL, A6820
Dead ends;
DB version;SKAT_RDS_DEV_DB_2013_R2_16
Elapsed Time (s);0.00220893
