DS100;Fahrwegname;Kosten;Restkosten;Prioritaet;Halteplatzlaenge;Streckenklasse(G|Bis|Ab);KV Profil(G|Bis|Ab);Laenge(m);Fahrzeitrelevante VEs;Routingrelevante VEs;Einfahrt Grenzlast;Ausfahrt Grenzlast;Wagenzugmasse(t) Einfahrt;Wagenzugmasse(t) Ausfahrt

Path Cost;0
Path Hops;0
Path Length (m);0
Total Priority;0
Average Priority;0
Configuration;Alpha=10|Beta=1800|Gamma=500|Rho=10|Timeout=20000
Expanded Nodes;46
Visited Stations;UGNH, UBSN, UQBU, UGU, UGH, USD, UKIE, UGHG, UWSE, UTRO, USF, UOL, UEC, UKOE, UAS, UQTR, USFG, UBU
Dead ends;UGHG:UGH(GL)
DB version;SKAT_RDS_DEV_DB_2013_R2_16
Elapsed Time (s);0.00184214
