DS100;Fahrwegname;Kosten;Restkosten;Prioritaet;Halteplatzlaenge;Streckenklasse(G|Bis|Ab);KV Profil(G|Bis|Ab);Laenge(m);Fahrzeitrelevante VEs;Routingrelevante VEs;Einfahrt Grenzlast;Ausfahrt Grenzlast;Wagenzugmasse(t) Einfahrt;Wagenzugmasse(t) Ausfahrt
"HHIG";"HBHE-2-HLAN";76;315;100;693;D4|D4|D4;7|9|7;4800;;;1830;1835;1200;1200;
"H91HA";"HHIG-HLAN";32;288;100;0;D4||;7||;800;;;1835;1835;1200;1200;
"H92LH";"HHIG-HLAN";28;243;100;0;D4||;7||;700;;;1835;1835;1200;1200;
"HLAN";"HHIG-4-HA";136;127;100;0;D4||;7||;3000;;;1835;1835;1200;1200;
"HAAT";"HLAN-Kurve-HWAR";137;29;100;0;D4||;7||;1922;;;1835;3000;1200;1200;
"HAAK";"HAAT-HWAR";36;0;100;730;D4|D4|D4;7|7|9;1600;;;3000;1780;1200;1200;

Path Cost;445
Path Hops;6
Path Length (m);12822
Total Priority;600
Average Priority;100
Configuration;Alpha=10|Beta=1800|Gamma=500|Rho=10|Timeout=20000
Expanded Nodes;13
Visited Stations;HHIG, HAAT, H91HA, H92LH, ESDB, HLAN
Dead ends;
DB version;SKAT_RDS_DEV_DB_2013_R2_16
Elapsed Time (s);0.000960526
