DS100;Fahrwegname;Kosten;Restkosten;Prioritaet;Halteplatzlaenge;Streckenklasse(G|Bis|Ab);KV Profil(G|Bis|Ab);Laenge(m);Fahrzeitrelevante VEs;Routingrelevante VEs;Einfahrt Grenzlast;Ausfahrt Grenzlast;Wagenzugmasse(t) Einfahrt;Wagenzugmasse(t) Ausfahrt
"BHND";"106-BHDW";163;630;88;401;D4|D4|D4;10|10|9;1525;;;9999;3000;750;750;
"BHDW";"BHND-BSWL";79;530;100;0;D4||;9||;1506;;;3000;3000;750;750;
"BSWL";"BHDW-BFAH";320;413;100;0;D4||;9||;8000;;;3000;3000;750;750;
"B9305";"BSWL-BFAH";60;262;100;0;D4||;9||;1500;;;3000;3000;750;750;
"B9306";"BSWL-BFAH";52;167;100;0;D4||;9||;1300;;;3000;3000;750;750;
"BFAH";"BSWL-2-BBRI";145;69;100;577;D4|D4|D4;9|9|9;3638;;;3000;3000;750;750;
"BBRI";"BFAH-33-BNAU";66;0;100;607;D4|D4|D4;9|9|9;2897;;;3000;2480;750;750;

Path Cost;885
Path Hops;7
Path Length (m);20366
Total Priority;688
Average Priority;98
Configuration;Alpha=10|Beta=1800|Gamma=500|Rho=10|Timeout=20000
Expanded Nodes;19
Visited Stations;BHND, BHDW, B9305, BFAH, BSWL, B9306
Dead ends;
DB version;SKAT_RDS_DEV_DB_2013_R2_16
Elapsed Time (s);0.00146439
