DS100;Fahrwegname;Kosten;Restkosten;Prioritaet;Halteplatzlaenge;Streckenklasse(G|Bis|Ab);KV Profil(G|Bis|Ab);Laenge(m);Fahrzeitrelevante VEs;Routingrelevante VEs;Einfahrt Grenzlast;Ausfahrt Grenzlast;Wagenzugmasse(t) Einfahrt;Wagenzugmasse(t) Ausfahrt
"KG  G";"KG A-165-KGN";208;117;91;658;D4|D4|D4;9|9|9;191;;;9999;3000;1600;1600;
"KGN";"KG G-3-1-KKANS";39;107;100;0;D4||;9||;703;;;3000;3000;1600;1600;
"KKANS";"KGN(2324)-KKANE(2669)";156;55;20;700;D4|D4|D4;9|9|9;1831;;;3000;3000;1600;1600;
"KKANR";"KKANS-189-KKANE";22;29;95;0;D4||;9||;239;;;3000;3000;1600;1600;
"KKANW";"KKANS-189KKANW";429;0;29;748;D4|D4|D4;9|9|9;753;;;3000;9999;1600;1600;

Path Cost;854
Path Hops;5
Path Length (m);3717
Total Priority;335
Average Priority;67
Configuration;Alpha=10|Beta=1800|Gamma=500|Rho=10|Timeout=20000
Expanded Nodes;58
Visited Stations;K006K, KSBR, K003K, KKMN, KKANR, KKANM, K002D, KKANS, KBKS, KKBT, K264S, KKANP, KKM, K263S, K004D, KKANE, KG  G, KGN
Dead ends;
DB version;SKAT_RDS_DEV_DB_2013_R2_16
Elapsed Time (s);0.00154384
