DS100;Fahrwegname;Kosten;Restkosten;Prioritaet;Halteplatzlaenge;Streckenklasse(G|Bis|Ab);KV Profil(G|Bis|Ab);Laenge(m);Fahrzeitrelevante VEs;Routingrelevante VEs;Einfahrt Grenzlast;Ausfahrt Grenzlast;Wagenzugmasse(t) Einfahrt;Wagenzugmasse(t) Ausfahrt

Path Cost;0
Path Hops;0
Path Length (m);0
Total Priority;0
Average Priority;0
Configuration;Alpha=10|Beta=1800|Gamma=500|Rho=10|Timeout=20000
Expanded Nodes;147
Visited Stations;K8003, K7712, KPRH, FWRT, FW, KSPI, K7700, FSP, YDFSM, FMT, KT, FBRM, KKANR, K8007, K7815, KSIB, FF, KPW, KPW S, FGM, KVI, K9000, K7711, FFK, FSP S, K7716, KKANS, K8004, K7703, FGUR, FNI, F831B, FLIS, FMOH, KT  N, K7719, K9001, K8001, K8002, FQLI, FFAU, FQWH, KFWH, F829B, K8010, K7800, KSTA, K7704, FWWN, FIDS, K7715, K7811, KFNW, K8006, FKIZ, FFLF, F367A, FCX, FLHH
Dead ends;K9000:KSIB(GL), KFWH:KMD(GL), FFLF:FZEP(GL), FCX:FBRS(GL)
DB version;SKAT_RDS_DEV_DB_2013_R2_16
Elapsed Time (s);0.0114313
