DS100;Fahrwegname;Kosten;Restkosten;Prioritaet;Halteplatzlaenge;Streckenklasse(G|Bis|Ab);KV Profil(G|Bis|Ab);Laenge(m);Fahrzeitrelevante VEs;Routingrelevante VEs;Einfahrt Grenzlast;Ausfahrt Grenzlast;Wagenzugmasse(t) Einfahrt;Wagenzugmasse(t) Ausfahrt
"FG  R";"FG__A-63-FG__B-4";27;395;100;750;D4|D4|D4;9|9|9;1620;;;3895;3520;1200;1200;
"FG  B";"FG__R-FDTH";72;325;100;0;D4||;9||;1603;;;3520;4310;1200;1200;
"FDTH";"FG_B-3-FWR_G";181;227;100;411;D4|D4|D4;9|9|9;4000;;;4310;4085;1200;1200;
"F299A";"FDTH-1-FWR_G";36;154;100;0;D4||;9||;800;;;4085;4085;1200;1200;
"F298A";"FDTH-FWR_G";9;120;100;0;D4||;9||;200;;;4085;4085;1200;1200;
"F297A";"FDTH-FWR_G";45;87;100;0;D4||;9||;1000;;;4085;4085;1200;1200;
"F296A";"FDTH-FWR_G";22;70;100;0;D4||;9||;500;;;4085;4085;1200;1200;
"FWR G";"FDTH-246-FWR-RG";160;0;20;874;D4|D4|D4;9|9|9;2180;;;4085;4085;1200;1200;

Path Cost;552
Path Hops;8
Path Length (m);11903
Total Priority;720
Average Priority;90
Configuration;Alpha=10|Beta=1800|Gamma=500|Rho=10|Timeout=20000
Expanded Nodes;13
Visited Stations;FDTH, F297A, FG  R, F296A, F299A, FG  B, F298A
Dead ends;
DB version;SKAT_RDS_DEV_DB_2013_R2_16
Elapsed Time (s);0.00144138
