DS100;Fahrwegname;Kosten;Restkosten;Prioritaet;Halteplatzlaenge;Streckenklasse(G|Bis|Ab);KV Profil(G|Bis|Ab);Laenge(m);Fahrzeitrelevante VEs;Routingrelevante VEs;Einfahrt Grenzlast;Ausfahrt Grenzlast;Wagenzugmasse(t) Einfahrt;Wagenzugmasse(t) Ausfahrt
"EBCK";"ELEC-1-EFMK";46;2834;100;888;D4|D4|D4;9|9|9;3603;;;2710;3210;700;700;
"EFMK";"ELEC-EHM";109;2870;100;0;D4||;9||;2405;;;3210;2905;700;700;
"EHM";"EFMK(2931)-713-EHRBN(2250) Ri Gleis 444";69;2867;100;275;D4|D4|D4;9|9|9;1453;;;2905;2790;700;700;
"EHRBN";"EHM-799-EHRBT(2250)";32;2791;100;0;D4||;9||;615;;;2790;2615;700;700;
"EHRBT";"EHRBN-444-EHRBZ";50;2743;100;700;D4|D4|D4;9|9|9;1100;;;2615;3135;700;700;
"EHRBZ";"EHRBT-595-444-EHRBW";72;2708;100;0;D4||;9||;1600;;;3135;2885;700;700;
"EHRBW";"EHRBZ-444-108-ELUS";26;2822;100;750;D4|D4|D4;9|9|9;590;;;2885;2885;700;700;
"EHRI";"EHRBW-ELUS";77;2687;100;0;D4||;9||;1710;;;2885;3210;700;700;
"EPK";"EHRB-2-ELUS (D1)";150;2530;100;720;D4|D4|D4;9|9|9;3300;;;3210;2020;700;700;
"E7542";"EHRB-ELUS";45;2374;100;0;D4||;9||;1000;;;2020;2020;700;700;
"E7541";"EHRB-ELUS";77;2338;100;0;D4||;9||;1700;;;2020;2020;700;700;
"EBKM";"EHRB-2-ELUS";227;2198;100;720;D4|D4|D4;9|9|9;5012;;;2020;3210;700;700;
"E6550";"EHRB-ELUS";27;2079;100;0;D4||;9||;600;;;3210;3210;700;700;
"E6551";"EHRB-ELUS";40;1978;100;0;D4||;9||;900;;;3210;3210;700;700;
"EOD";"EHRB-202-ELUS";113;1938;100;720;D4|D4|D4;9|9|9;2505;;;3210;2265;700;700;
"EHOR";"EHRB-252-ELUS";68;1859;100;720;D4|D4|D4;9|9|9;1500;;;2265;3210;700;700;
"ELUS";"EHRB-02-ERHO";159;1729;100;750;D4|D4|D4;9|9|9;3500;;;3210;1760;700;700;
"E2534";"ELUS-ERHO";90;1619;100;0;D4||;9||;1999;;;1760;1760;700;700;
"E2533";"ELUS-ERHO";46;1539;100;0;D4||;9||;1014;;;1760;1760;700;700;
"E0528";"ELUS-ERHO";127;1336;100;0;D4||;9||;2802;;;1760;1760;700;700;
"E0527";"ELUS-ERHO";54;1269;100;0;D4||;9||;1200;;;1760;1760;700;700;
"E0526";"ELUS-ERHO";81;1181;100;0;D4||;9||;1799;;;1760;1760;700;700;
"E0525";"ELUS-ERHO";54;1152;100;0;D4||;9||;1200;;;1760;1760;700;700;
"EDAT";"ELUS-2-ERHO";181;1128;100;750;D4|D4|D4;9|9|9;4000;;;1760;2645;700;700;
"E8522";"ELUS-ERHO";90;1102;100;0;D4||;9||;2001;;;2645;2645;700;700;
"E8521";"ELUS-ERHO";90;1071;100;0;D4||;9||;2000;;;2645;2645;700;700;
"ERHO";"ELUS-2-ERES";167;1023;100;737;D4|D4|D4;9|9|9;3522;;;2645;2940;700;700;
"ERES";"ERHO-3-EWAN";218;917;100;716;D4|D4|D4;9|9|9;4592;;;2940;3210;700;700;
"EBAU";"ERES(2200)-ECRA(2207)";72;883;100;0;D4||;9||;1604;;;3210;2930;700;700;
"ECRA";"EBAU-EWFR";75;812;100;0;D4||;9||;1438;;;2930;3210;700;700;
"EWFR";"ECRA-EGZO";95;670;100;0;D4||;9||;2000;;;3210;2660;700;700;
"EGZO";"EWFR-002-EGBK";78;586;100;0;D4||;9||;1500;;;2660;2660;700;700;
"EGBK";"EGZO-102-ENON";150;536;100;608;D4|D4|D4;9|9|9;3000;;;2660;1810;700;700;
"ENON";"EGBK-EBTS";114;392;100;0;D4||;9||;2517;;;1810;2385;700;700;
"E9267";"ENON-EBTS";27;238;100;0;D4||;9||;600;;;2385;2385;700;700;
"E9266";"ENON-EBTS";68;179;100;0;D4||;9||;1500;;;2385;2385;700;700;
"E9269";"ENON-EBTS";45;134;100;0;D4||;9||;1000;;;2385;2385;700;700;
"EEKP";"ENON-EBTS";45;92;100;0;D4||;9||;1000;;;2385;2385;700;700;
"E9268";"ENON-EBTS";45;49;100;0;D4||;9||;1000;;;2385;2385;700;700;
"EBTS";"EEKP-1-EOS T";78;0;100;740;D4|D4|D4;9|9|9;2700;;;2385;1880;700;700;

Path Cost;3477
Path Hops;40
Path Length (m);79081
Total Priority;4000
Average Priority;100
Configuration;Alpha=10|Beta=1800|Gamma=500|Rho=10|Timeout=20000
Expanded Nodes;512
Visited Stations;EKME, E 31D, EDFD, E22A, E 57, E744L, EDOB, EHRBS, EWAN, E 28, EDBA, E247U, E 436, EHRBD, EDMS, EDOH, E6515, EPVP, ERES, EHEO, E 101, E1430, E 510, EDSM, E 60, EDLU, EDOE, EDOEF, EG, EGAB, E1408, E 245, EBKM, EUNW, E 958, EWANF, E 49, EGBK, EWFR, EBLT, E48 4, E2534, E248H, EWHP, E 102, E907W, EBLAG, EDSH, E743L, E5003, EBRI, E9268, E4513, E 437, E1007, E 952, E2533, E 54K, E511G, EHRI, E 246, E48 1, E 29D, EDD, E622A, EBO, EBOH, EHUOS, EBLAP, E154W, E 22, E5433, E 33B, ELUS, EAU, E4508, EBEO, E48 3, E0526, ERHI, E 439, E 754, E551I, E1006, EHGN, E520G, EBLAS, E 24, EHRBW, E48 5, E5972, E 35, E153D, E23HU, E621A, E5002, EDDPO, EEKP, E8522, EDKD, EDFW, ERDB, E 155, EHER, ERE, E 734, EDOL, E1410, EKRN, E 25, ERHO, E 29, E 422, ENOBU, EGBN, EBCK, EBLAI, EEKB, ECA, EDMG, EDOO, EHRBR, EOD, ECRA, EBNO, EWAT, E0525, E 710, E1432, E550I, E6551, ELDD, E 32B, EDO, YEEBP, E 34B, E 58, EDDPH, E53B, E7541, E 55, EKAM, EDOBZ, EDAT, E6510, ESMG, E 30O, EHEOV, E9269, E6550, E54B, E21A, E 67, E5004, E 103, E 438, E7542, EPRN, EHM, EBTB, E0528, EUN, E 756, E753D, E9266, EHRBO, E 20, E 733, ENOB, EHRBT, EDSN, E104G, E 21, E 31H, EHRBE, EDOF, E48 2, EBUS, EBOE, E915I, EDRS, E 100, ENON, E 31M, E5534, EHAN, E 244, E1409, E 26, E908G, E5201, EBGZ, EHRBZ, E1005, EFMK, E 243, E522D, E 52, EGBW, E0527, EDEV, EBHM, EHERT, EPK, E9267, E 47, E8521, E 953, EDKU, EHOR, E5973, ESTR, EBLAB, E1433, E 36, E 270, EHRBN, E 32, E 421, EMES, EDHK, EGZO, EBAU, E48 6, ENTE, EBOW, E530W, EDGM, EWSH, E523D
Dead ends;EDDPO:EDDPT(GL)
DB version;SKAT_RDS_DEV_DB_2013_R2_16
Elapsed Time (s);0.0277455
