DS100;Fahrwegname;Kosten;Restkosten;Prioritaet;Halteplatzlaenge;Streckenklasse(G|Bis|Ab);KV Profil(G|Bis|Ab);Laenge(m);Fahrzeitrelevante VEs;Routingrelevante VEs;Einfahrt Grenzlast;Ausfahrt Grenzlast;Wagenzugmasse(t) Einfahrt;Wagenzugmasse(t) Ausfahrt
"KKANR";"KKANR181-KKANS";43;116;91;700;D4|D4|D4;9|9|9;40;;;9999;3000;1800;1800;
"KKANS";"KKANE(2667)-KGN(2324)";62;88;100;0;D4||;9||;1306;;;3000;3000;1800;1800;
"KGN";"KKANS-2-KG A 70";100;30;20;700;D4|D4|D4;9|9|9;1081;;;3000;3000;1800;1800;
"KG  G";"KG G-167KG A";18;18;95;0;D4||;9||;240;;;3000;3000;1800;1800;
"KG  A";"KG G-67KG A";358;0;31;747;D4|D4|D4;10|10|10;636;;;3000;9999;1800;1800;

Path Cost;581
Path Hops;5
Path Length (m);3303
Total Priority;337
Average Priority;67
Configuration;Alpha=10|Beta=1800|Gamma=500|Rho=10|Timeout=20000
Expanded Nodes;56
Visited Stations;K7712, KPRH, KSBR, KPHF, K7700, KKANR, KFNO, KBP, KVI, K0750, KG  P, K7711, KKANS, KG  R, K7703, K1030, KKA, KSTP, K1041, KSTA, K0751, K1037, K7704, K0748, K5033, K1034, KGS, KFNW, K1045, KG  G, KGN, K5030
Dead ends;KG  G:KG  A(HP)
DB version;SKAT_RDS_DEV_DB_2013_R2_16
Elapsed Time (s);0.00145999
