DS100;Fahrwegname;Kosten;Restkosten;Prioritaet;Halteplatzlaenge;Streckenklasse(G|Bis|Ab);KV Profil(G|Bis|Ab);Laenge(m);Fahrzeitrelevante VEs;Routingrelevante VEs;Einfahrt Grenzlast;Ausfahrt Grenzlast;Wagenzugmasse(t) Einfahrt;Wagenzugmasse(t) Ausfahrt
"LRW";"LBM(S)(6107)-3-LGWU(S)";224;1097;100;740;D4|D4|D4;9|9|9;9495;;;2190;2190;1890;1890;
"LGWU";"LRW-3-LSM";272;838;100;740;D4|D4|D4;9|9|9;6819;;;2190;2190;1890;1890;
"LQGW";"LGWU-LSM";0;757;100;0;D4||;9||;20;;;2190;2190;1890;1890;
"LSM";"LGWU-5-LSH";226;692;100;740;D4|D4|D4;9|9|9;5671;;;2190;2190;1890;1890;
"LSH";"LSM-3-LBIN";316;608;100;0;D4||;9||;7900;;;2190;2190;1890;1890;
"LHMT";"LSH-LBIN";24;583;100;0;D4||;9||;600;;;2190;2190;1890;1890;
"LBIN";"LSH-S-LS";200;456;100;0;D4||;9||;5000;;;2190;2190;1890;1890;
"LS";"LBIN-201/1-LSG(601)";135;538;100;622;D4|D4|D4;9|9|9;3390;;;2190;2190;1890;1890;
"LS  G";"LS-601/710-WW";129;635;100;290;D4|D4|D4;9|9|9;3226;;;2190;2190;1890;1890;
"LSS";"LS-WW";80;519;100;0;D4||;9||;2000;;;2190;2190;1890;1890;
"LBOL";"LS-1-LNOE";371;462;100;653;D4|D4|D4;9|9|9;7803;;;2190;2190;1890;1890;
"LHAS";"LBOL-LNOE";119;302;100;600;D4|D4|D4;10|10|10;1550;;;2190;2190;1890;1890;
"LHAG";"LBOL-LNOE";611;274;100;0;D4||;10||;7950;;;2190;2190;1890;1890;
"LNOE";"LBOL-4LNOE";647;0;81;622;D4|D4|D4;10|10|10;2945;;;2190;9999;1890;1890;

Path Cost;3354
Path Hops;14
Path Length (m);64369
Total Priority;1381
Average Priority;98
Configuration;Alpha=10|Beta=1800|Gamma=500|Rho=10|Timeout=20000
Expanded Nodes;150
Visited Stations;LSS, L902S, LKD, LKD H, LMGA, LBM, L7740, LMGN, LEST, LHAG, L8011, LGWU, LBOL, LRW, LSH, L901S, L8212, LHAS, LVG, LRIK, LS, LS  G, LBOW, LGM, LBIN, L8214, LHMT, LQRW, L7541, LSTL, LSM, LNS, LSFD, LQGW, L8013, LSHH
Dead ends;
DB version;SKAT_RDS_DEV_DB_2013_R2_16
Elapsed Time (s);0.0059527
