DS100;Fahrwegname;Kosten;Restkosten;Prioritaet;Halteplatzlaenge;Streckenklasse(G|Bis|Ab);KV Profil(G|Bis|Ab);Laenge(m);Fahrzeitrelevante VEs;Routingrelevante VEs;Einfahrt Grenzlast;Ausfahrt Grenzlast;Wagenzugmasse(t) Einfahrt;Wagenzugmasse(t) Ausfahrt
"EOBRO";"EOBRM-68-EWAZ";38;270;100;810;D4|D4|D4;9|9|9;900;;;2000;1750;1400;1400;
"EWAZ";"EOBRO-EOS E";190;92;100;0;D4||;9||;2100;;;1750;2000;1400;1400;
"EOS E";"EWAZ-10-EOS G";118;449;100;0;D4||;9||;1300;;;2000;9999;1400;1400;
"EOS";"VKOMA EOS E-10-403-EOS G(EOS G) EOS G-403-10-EOS E(EOS G) .14950";1965;448;81;562;D4|D4|D4;10|9|9;1662;;;9999;9999;1400;1400;
"EOS E";"EOS G-10-EWAZ";118;449;100;454;D4|D4|D4;9|9|9;1301;;;9999;2000;1400;1400;
"EWAZ";"EOS E-EMAF";167;92;100;0;D4||;9||;1840;;;2000;2000;1400;1400;
"E116M";"EWAZ-EMAF";67;225;100;0;D4||;9||;740;;;2000;2000;1400;1400;
"E117W";"EWAZ-EMAF";60;242;100;0;D4||;9||;660;;;2000;2000;1400;1400;
"EMAF";"EWAZ--160-KMEE";136;391;100;0;D4||;9||;1500;;;2000;2000;1400;1400;
"EDMO";"EMAF-KMEE";181;593;100;0;D4||;9||;2000;;;2000;2000;1400;1400;
"E 182";"EMAF-KMEE";40;798;100;0;D4||;9||;450;;;2000;2000;1400;1400;
"EDME";"EMAF-KMEE";20;860;100;0;D4||;9||;220;;;2000;2000;1400;1400;
"E 189";"EMAF-KMEE";302;920;100;0;D4||;9||;3330;;;2000;2000;1400;1400;
"EDBG";"EMAF-2-KMEE";409;1024;100;802;D4|D4|D4;9|9|9;4500;;;2000;2000;1400;1400;
"E902M";"EMAF-KMEE";31;1100;100;0;D4||;9||;350;;;2000;2000;1400;1400;
"E901B";"EMAF-KMEE";225;1220;100;0;D4||;9||;2478;;;2000;2000;1400;1400;
"KMEE";"EDMO-3-KRH";165;1349;100;750;D4|D4|D4;9|9|9;1823;;;2000;1890;1400;1400;
"KMO";"KX-202-KRH(2330-2)";168;1387;100;750;D4|D4|D4;9|9|9;1850;;;1890;1890;1400;1400;
"KMO G";"KMEE-2-KRH";209;1415;100;750;D4|D4|D4;9|9|9;2300;;;1890;2000;1400;1400;
"KTR";"KMEE-1-KRH";357;1521;100;805;D4|D4|D4;9|9|9;3932;;;2000;2000;1400;1400;
"KRUM";"KTR-KRH";36;1515;100;0;D4||;9||;399;;;2000;2000;1400;1400;
"K004R";"KTR-KRH";0;1506;100;0;D4||;9||;6;;;2000;2000;1400;1400;
"K003R";"KTR-KRH";127;1484;100;0;D4||;9||;1402;;;2000;2000;1400;1400;
"KRH";"KTR-2-EDHP 6";177;1427;100;201;D4|D4|D4;9|9|9;1957;;;2000;1495;1400;1400;
"KRHO";"KRH-EDHP";100;1206;100;0;D4||;9||;1110;;;1495;1495;1400;1400;
"K001D";"KRH-EDHP";1;1125;100;0;D4||;9||;15;;;1495;1495;1400;1400;
"K011D";"KRH-EDHP";5;1089;100;0;D4||;9||;55;;;1495;1495;1400;1400;
"K002R";"KRH-EDHP";2;1055;100;0;D4||;9||;30;;;1495;1495;1400;1400;
"K022R";"KRH-EDHP";89;1017;100;0;D4||;9||;980;;;1495;1495;1400;1400;
"K006R";"KRH-EDHP";3;957;100;0;D4||;9||;40;;;1495;1495;1400;1400;
"EDHP";"KRH-EDHZ";45;902;100;0;D4||;9||;504;;;1495;1495;1400;1400;
"EDHZ";"EDHP-EDG";118;820;100;0;D4||;9||;1307;;;1495;2000;1400;1400;
"EDG";"EDHZ(2312)-08-EOB(2650)";323;667;100;405;D4|D4|D4;9|9|9;3558;;;2000;2000;1400;1400;
"E 403";"EDG-EOB";27;587;100;0;D4||;9||;301;;;2000;2000;1400;1400;
"EKAI";"EDG-EOB";193;535;100;0;D4||;9||;2129;;;2000;2000;1400;1400;
"E 954";"EDG-EOB";98;249;100;0;D4||;9||;1079;;;2000;2000;1400;1400;
"EKOL";"EDG-EOB";101;180;100;0;D4||;9||;1121;;;2000;2000;1400;1400;
"EOB";"EDG(2650)-11-EWLS(2271) Dwre";109;0;100;515;D4|D4|D4;9|9|9;1842;;;2000;2000;1400;1400;

Path Cost;6520
Path Hops;38
Path Length (m);53071
Total Priority;3781
Average Priority;99
Configuration;Alpha=10|Beta=1800|Gamma=500|Rho=10|Timeout=20000
Expanded Nodes;1069
Visited Stations;K779D, E 656, E8414, EDHZ, E 189, EOBRS, EEAL, EDHM, EDG, EHUO, ECWHA, ECWH, EWAN, EOG, E902M, E2622, EDBZ, E 436, EDHB, E6515, ERES, EDRH, EDHDO, EEFR, EOS T, K002R, EDRU, EHEO, EBTV, E 101, KDFF, E326A, E 725, EBTHG, EMHM, EBKP, E 6O, EG, EDHP, E 350, EKOL, K 775, EWANF, EOSD, EGBK, EWFR, EBLT, E48 4, EDWD, EDWDP, E622W, E 102, E907W, ERTL, EOBRM, EEVL, E628F, KMUH, EOBU, EOFE, E5003, EBRI, E9268, E4513, E 437, E 721, EOB N, EKAI, E 663, EBTHP, K001D, EGHS, ELIT, EDBU, EDWDS, EEKA, K 776, E48 1, E 606, E8416, EHUOS, EWANT, EVD, EOBRW, KHB, EDGR, E924L, KTR, E4508, E48 3, ESPN, EWANW, EFFD, K011D, E 439, E 182, E551I, EHGN, E520G, E0304, EOBRZ, EDBI, K774A, EEDL, E 2K, E48 5, KKRU, EEHR, EDWDO, EEDZ, E 113, E117W, E5002, EOS M, EMAM, EEKP, E8522, EHER, EDRM, E804T, K006R, EKKR, EDHA, E901B, E623F, E 722, E 3SB, E2620, E 664, E 698, E 12, ERHO, E 422, EGBN, EOBRB, EOBRO, EEKB, EDWM, ECA, E923H, E 445, EGB, ECRA, EOS P, KMEE, EMOE, E 710, E 403, E111O, EHOC, EOB O, E550I, E621F, E 11H, EOBD, EWAZ, EGED, EDHDH, K 777, E2623, K004R, E 657, EBTN, EMAF, E8413, KRHO, EGS, E 34F, EVDU, E 4SK, E6623, E665Y, EOHT, EDAT, E6510, E 607, K003R, E9269, EDEF, KKRX, EDME, E8415, E5004, E 103, E 438, EOS U, EGBU, EBTB, ELOT, ESI, E9266, E2621, E662X, ETIE, E0303, EEBE, EDUI, E 696, E104G, E103I, E48 2, KRAW, E2625, EWLS, E921L, E915I, E 14H, E 100, K022R, ENON, EPRL, K 348, E112O, E 5O, E0402, E104I, EMRS, E 351, E908G, EBGZ, EGHN, EGBW, KMO, KMO G, E 114, EHKM, EHERT, E9267, EBTS, E8521, EGHE, E 954, EWES, E116M, KANM, EDMO, EWANB, EOS B, EOS G, EDBG, E2624, E 13H, EWFK, EDHG, EGRA, E922G, E 421, EGZO, EBAU, E48 6, E530W, KRUM, KDR, ELPE, E 441, EDIN, KRH, EDSL, E 1SB, EOS E, EWSH
Dead ends;EG:EGRO(GL), ELIT:ETIE(GL), E 113:EMRY(GL), E5002:YEEBP(GL)
DB version;SKAT_RDS_DEV_DB_2013_R2_16
Elapsed Time (s);0.0789224
