DS100;Fahrwegname;Kosten;Restkosten;Prioritaet;Halteplatzlaenge;Streckenklasse(G|Bis|Ab);KV Profil(G|Bis|Ab);Laenge(m);Fahrzeitrelevante VEs;Routingrelevante VEs;Einfahrt Grenzlast;Ausfahrt Grenzlast;Wagenzugmasse(t) Einfahrt;Wagenzugmasse(t) Ausfahrt

Path Cost;0
Path Hops;0
Path Length (m);0
Total Priority;0
Average Priority;0
Configuration;Alpha=10|Beta=1800|Gamma=500|Rho=10|Timeout=20000
Expanded Nodes;67819
Visited Stations;BRA, NMG, L3220, H4051, N 23K, H123B, KFKO, M  11, S030H, R3420, M120C, F678B, EDW, F009D, BZS, A457T, NOA, E3812, F727A, E 413, TAX, XT182, N  3G, E2336, LDL, B6733, HOR S, R1286, E 150, K 904, DM, H563A, KLET, N  92, F054A, K779D, H652H, N  64, HELS, L1835, L118W, MMZG, WGRB, M 687, YBBTW, BPIL, NKCH, AH, AHS, EKME, B9702, UJS, R4511, FB, FB  A, EVLR, E 31D, A529R, B7722, LAG, M 226, E 656, F122B, FKOA, A201B, KKN W, K042A, B6024, K9015, TML, LSS, H433L, T552M, HWED, D1136, H012A, K 650, M237A, H173M, HSFF, D6512, XN607, SOG, H81ML, T375V, MEIC, FDU, MTPF, M326A, S 7KN, H103H, EDFD, KBAY, WTHN, NGD, RLB G, KKH, EMLR, N903A, FED, N 57E, F002D, E 135, HBR E, E8414, N121A, B6302, FSL, D945W, M 35A, E22A, LKF, N 357, R 41N, M210A, E 57, LSD, LSD U, K110N, LBRC, A043A, T105F, FUR, KKBM, N 27B, K713K, DA, H556G, B5243, A361S, HLH, D6633, L7280, ANR, W3489, RNL, BGBS, BGBSO, L5528, TQGR, R761B, HBRA, DPO, E744L, F203A, KLA, FMG, MGHN, ENHF, T104S, L7088, T101T, NBA, RSZM, BBRK, M 616, FOK, E532M, F278A, BLE, E 358, BQFH, NAG, M 310, E 935, EDHZ, R  7R, M110B, E 189, K076A, K 950, BCHG, T 24O, HKWA, RLF, A393W, D1113, L8383, W6497, N  3B, A113R, HALI, LQRB, T201S, ATST, SBY, R847O, H11WW, W3194, A572L, RSL, M 159, MEBM, HIHV, L8814, KDU, KDU K, L6794, EOBRS, EEAL, M 544, SKZK, FHAI, F028A, WMCH, HAH, E 08, TRF, LAB, N 792, R 41K, M409A, F614A, W5288, KHR, MOZ, H929P, NNEH, BAWP, MUHU, EDG, K2830, NWZ, TSU, F006E, H404A, R6314, F544A, BHWN, U 747, LBW, N 41E, F022D, EDOB, HDOG, K2825, BLIH, TH, TH  E, RBOH, HLIH, L1951, AHOS, H01BB, MIS, A081N, BCS, BCSF, W 606, AL, SWR, SMER, MP, MPGO, RNO, L1918, AVLG, EHRBS, N 64B, K367A, TOEW, BHSH, WPF, FE51, ECWH, E 473, F030B, N 25F, A743H, DSA, M113B, HLER, HLERW, E 681, N 62C, F028E, FFL, K209K, EWAN, EWANY, W9906, T402S, K 343, N 898, T 12A, H89HC, RMAL, U 891, K 317, H653H, LF, LF  S, HD, HHEI, F195A, K006K, TALD, T 42A, N 353, W5194, DGC, TMTL, HSCG, R120W, H16EG, N441B, ELEO, W 156, D 958, B8415, LHGB, N 14B, A81BB, U2029, M 611, E954D, MFLI, M210C, H51C, RF, L9352, NLB, U2531, H106E, EHE, KDDH, K022F, N 72E, WPZA, M112F, FGOG, TNUG, BWUR, USON, FLW, F425A, BHDB, HHTA, FFDF, E 28, F053B, FOBS, TTLU, LMAW, B3715, A904A, T244P, TSHT, LMB, LMTW, H42DS, T422P, U 292, H42LH, HQNA, MHEM, HH959, XTDPR, HLT, L902S, LQBD, ARH, H02VB, W3592, MA, A123H, RKDU, L5118, ARD, A927H, HLMB, RZ, D6763, K014A, KDHA, L2906, H3825, H542L, KKL, EDBA, S051C, R3317, BBIKS, SQPZ, EHID, F553A, L0340, T604M, FHER, E 522, F826A, TIL, XT126, E921A, N2756, B6521, E 145, F490A, TSUL, T892A, DNI, H36SU, R 14N, HPRT, D1114, FH  M, AHROO, H212S, R105R, MBB, N 36B, W5682, M 610, E962B, SVLW, KFKB, WHO, M 667, NFUF, FFBS, BBS, E 132, BQAK, HC, HC  G, E 835, LKD, LKD H, F715B, LGKL, R 36K, M112C, E902M, K035A, KMEU, TNL, LEI, LEI G, B6306, R205M, A028K, RL, RLUM, N 24H, A43OK, K 20B, D1102, B1111, RWDG, H06EN, N 36A, A389T, N 603, WGNV, D5043, BFR, R240F, NRH, NRH B, KVH, N 58E, WRKD, NN, NNG, F006A, M 114, F683A, WLAK, A544R, M  20, RGEM, FSTE, E 915, F031D, LL, LLB, A192A, M 634, E2622, FA176, LZE, F206B, E949N, H74ER, B9204, R338L, HQRT, B 139, MONH, HBSB, B  12, R732M, MTA, RBRH, KDL, FFU, FFU N, MJET, EEMS, EDKL, M 423, SSH, SSH W, S26BS, F202F, KBLB, M 902, E247U, H14BA, K053A, TBK, K8003, M625A, LBAS, H59EA, T523R, MAPL, H91DW, T153P, LQGOS, T586V, AHAR, AHARH, MHHS, T382S, FOBI, MHEH, M 295, S 4SB, EDBZ, D 575, EEST, EESO, BLO, BFAL, SSR N, FKRI, E 326, M223A, E 930, F426B, FREH, LPE, R328L, E 436, TSF, K085L, RUO, XASB, XATX, T123P, FTRE, W 94, DMW, B5232, H31NN, W6383, N 986, WPZ, NHA, LMGA, EHRBD, EDMS, K039A, WLW, AHROP, EDOH, BAFI, HLGH, FEGB, EHAD, F029B, E794B, A729H, B7430, H184B, E 812, F022E, K 103, W9701, M 448, YBBHN, K 401, H94LB, T 85B, AMDH, B1311, K103A, FFG, FFG H, U 592, K 176, KKE A, A109S, H65WG, MTRD, SBAL, RAH, MWHN, HSVL, YFRLH, KLID, T177V, BKP, L7696, NFO, M419C, KERF, K2415, BWOL, AEGS, NKN, FHW, F775A, K5038, WMI, H21GG, E 109, LQZD, E6515, F033C, FGTB, K154A, K7712, LBM, H08KO, T805S, B712, H53LN, T177P, HKAW, L3226, LQSW, RQBA, M 582, KERW, S001G, R3316, FQLO, EPVP, F693A, WDM, FD, E 492, FMHF, N  4F, LDLO, B6414, R312S, H622L, HO  O, E 987, F296C, THE, T791A, DLEW, DOT, TGRN, H61UE, R 34N, N 572, KLKS, YKKNR, H241H, N 23B, MSA, RSE, MBHM, NSTAA, H52G, L2024, B3922, NOS, BWUN, HEDS, KROI, F001B, FHOE, U2522, E 779, UBEU, F891B, FIH, R  4L, M225B, FBGK, FBGKV, TSTE, K030L, T155P, KBOP, HALF, K 516, DZSC, BWDG, R501E, T1624, HAMI, L903S, B5187, AHBRS, R430F, MN  A, RRM, H10DB, A120K, HOHT, RLR, RHAG, S8134, K2717, R557L, L2934, H3933, ECP, HUNL, L  38, UQGH, SMD, A118H, A552R, L0130, MNL, M170U, HGEE, EBILG, BLU, FBK, MSCG, L7740, M 431, MN  D, A112K, ERES, L0131, S017E, R1592, WRS, WRT, H5542, MRIU, FG, F815A, BWZ, A403L, UVO, E 05, F004C, TSOM, EDRH, LWBW, R683H, M414A, N911A, N 44A, W3782, HF, K 954, DRA, H632A, KRET, HHRS, RBRZ, B1088, B6844, H217D, MHFM, A086B, W 647, SBDS, MANL, MOP, MOP W, EKHU, EDHDO, L2499, M 427, S25BS, NSFN, F208D, KND, EEFR, BDT, A334, KPRH, M 617, NBR, RKHG, F526B, E 202, WN, WN  G, H81HU, B5022, SWRR, EFBU, LLH, R 27K, M119A, E 994, F792A, R121K, TTO, R856H, FMN, B8731, N 58B, HGE, K  50, B5413, A398S, KSBR, KPHF, DQMA, SWI, H02LH, W3285, HHSW, RGO, HBKB, M158U, H108D, EOS T, H0156, D 775, M 469, K002R, FWRT, H62PM, B1322, N 807, U892B, H818W, TSU F, N 50B, LE, LE  V, HBH, HBWU, DWEW, MDA, KWU, MMR, F135A, T418M, A042T, KHAR, F041B, EHEO, S009H, R3422, D 486, H5549, SHY, SHY O, NNT, FW, A421S, NTF, UGRI, FBB, E 865, F755A, KM, KM  G, HRIT, EQND, W3779, K 907, LLWP, F842A, DPRO, H401W, T140P, L2627, L2932, W 191, YDHHB, A466T, H09BD, A142A, HSMK, D6282, SAM, MNGH, M618A, EEHS, L3117, RH, RHBF, MVG, U2851, KKOS, EBTV, K431A, WMN, NNST, UBEW, YBBAK, F816B, BDKO, BDKN, E543D, A728W, B7313, H201B, M443, E 764, F018C, FSA, M 244, T715L, W5585, SWIG, MHSL, FEG, REMM, H67UB, KKBH, S 8SK, N 65B, NVA, UNTA, EGK, F015A, BSE, WNAS, U7053, ALAN, NEM, F175A, BUK, A539K, HHI, HHI G, K402A, E3258, L2592, F345A, N 791, LLP, LLIN, R1287, M 647, E3366, K003K, LGG, H53BM, F111A, N 61A, M136A, NGM, NGM S, HQD, LAG O, HWAB, YLHBL, DNHD, FQWO, H73L, RKR, KHOM, FFAWA, E 850, A112A, H08EH, UGBH, HBDS, FDTH, E 983, TKUC, W692, R3752, M259B, E 101, DHD, DNS, TKB, K101L, LMEI, T174P, KUR, W5595, N 29A, HLE, HNTH, H01NE, ENDV, HBTF, LRHU, L1948, R160F, H218D, MKMR, RMF, LJD, SSI, EWBV, T 376, RWEI, S 833, R447L, H3612, L2962, NWR U, H159S, EBOR, F074A, R3315, FB46, FQIHA, E1430, F523A, WBSG, EWVE, NWS, F775B, E 464, A225R, N 23E, LG, B6527, M205B, R 22G, E803C, TSWF, A404H, T775A, H915L, B3112, DWIG, RWRT, KDFF, R684H, H27EU, FKES, N 72D, F042A, K 248, ABCH, LSW, LSW G, N 606, M635A, SMT, SBES, MMCH, MINU, N201B, RORW, KLK, KLMI, H202G, EEKZ, BZIL, H904P, WPI, M 713, W 114, TWA, K004M, RBRC, A252K, FOPP, N 491, K903B, DHG, D 627, B8407, RL  K, H17SE, A384T, EBRA, AHOSS, H01PL, W3386, RKMG, L7012, RBRL, AVL, M167U, M 665, A475F, ESPR, RQLM, N 24I, BSIS, WDF, WDF N, UR, FMF, F224A, BEW, E326A, A541K, W3787, E2843, N 21D, F029C, FRIH, B2926, A511B, M 683, K 352, K0958, TELL, LTNZ, H23LS, T922W, B1215, HVOE, M 413, H214B, HEIV, F179A, U132V, A74WR, MSO, F105D, RBWF, FSO, MNSG, HVEP, YBBIK, S 2HN, SGN, F206D, KSPI, EKG, A320, WPRZ, K164K, E 284, WM  B, FNS, F483B, FMBS, E452, R222G, E916K, BASC, BTL, U5015, M513A, FKLM, F245A, R2112, BZA, E 725, LGC, MROT, F021B, LKUH, K062A, TLN, K7700, LMGN, T437S, D6591, E615K, M 458, BGSB, H804L, H210B, L4126, SOTG, M435A, ABRS, SIG, MWKR, RMO, U0321, EHWB, LM, LMGH, FMZ, FMZ A, S451F, MNBD, RKT, EBTHG, L2013, LGOH, BSPD, L4375, EPD, EPD G, F478A, BKAR, FSP, YDFSM, F917A, E523L, B7253, A675H, M 121, E 813, F011E, LPD, B2212, M 504, K  75, FMT, DPS, R3044, MFHH, LWU, WKGW, T336H, H34KS, N  6B, U 796, N 57A, F017A, U2421, K 330, A611R, H883W, F924B, M634A, MLH, A06WL, KSO, WZN, KRBE, F199A, WBL, AAH, E813D, UO, FDUU, F202E, BGM, HHEP, E137L, LAMS, W3091, M 216, N 894, W 638, FWIL, A594S, RBAN, BGR, EDSM, L3316, AJF, A465M, HDRY, KSWW, WSAF, N 22K, H4047, NST, F206C, M  81, S025E, R1594, BBIKL, SEU, F013C, FFTGF, F672A, FLOR, LEGG, F714A, BBRA, M 113, EHG, EHGW, A452K, NHE, UN, E 752, F037B, N  4L, E30A, HOYG, A191B, A073W, LEST, T942W, H03WH, N 47A, K 472, H301A, M 404, H213B, H179G, YBLBN, U121V, A73RW, MOL, MAIE, KWV, S807S, MLIG, M 333, HSTT, S22HK, KGVW, N 12E, F105E, EEUE, WW, NS, E 3MK, E8127, FWRA, E641, LTG, N352A, R313S, M205A, E 60, LGSN, B6839, R  2M, A061A, N 35A, K131B, E946, H32NN, B5214, T318C, N771A, HPTH, A381T, B 501, TKNK, ADR, A309B, MSR, W3484, H3940, M 54A, KAREP, EMUW, EDLU, S017D, R1591, NLHM, FERB, F519A, NAN, USAE, A429E, E 714, F033B, TSFE, L8333, N 22E, F136C, D6764, THFG, H823L, LRMF, T393S, W5287, H633A, L1904, H01BV, A977W, LHNWO, MZO, A161M, U2443, H65MP, SFH, E935S, MIT, MN  T, L6111, NBAB, L910S, KERZ, K028F, WGE, M215A, UEBI, F552B, EMHM, BHND, AJUS, AEL, AEL W, HBOS, DWR, B1129, MIN, W5471, BSN, BSN E, KHIS, FRAC, EDOE, EDOEF, M 424, T419M, BHDW, KBGG, M 589, NHBU, FOWH, F253A, E 349, A176L, NHW, M 280, FHG, E822, SMZG, SMZM, EBLAM, HHOH, HHOHA, LLS, R 25R, M107A, E 6O, K073B, TWK, H11WN, T 14H, RRZA, B707, N432A, A362H, D6569, T133P, F103D, D6484, AOBG, B6950, H44EH, FDE, FDE N, K905G, HE, MFTL, EBLAZ, R933O, L4867, W3673, RGZ, AM  W, TACHF, EG, EGRO, MRMS, XFSW, SMZS, NWFH, B9305, WCO, A138D, UGSB, FKGS, E 644, KKN B, WKT, MMHG, EE, EE  O, BBSN, NANS, KKMN, EDHP, U5226, NKA, TSZ, TSZA, UPF, FMAS, R4515, F573A, RHAT, BFW, U 846, B7326, WWAN, F523B, A510A, KK, KKHRW, K044A, E 350, K970B, A134W, W5388, RBMT, K2242, N 16B, HBEN, L2935, M 65A, H963U, R 51R, MPER, A585L, MFHB, L1934, MERB, EDKK, K032G, T1753, WRB, USU, EGAB, E1408, EKOL, FBI, E 491, FG365, N 24G, A753N, W072, LZBR, E 245, F033E, TSV, FSTZ, W9402, T406S, M254A, K302E, XLW, KHGB, B7813, U 991, K 775, E565W, H74SL, N 414, HNKP, L1836, N652A, T685B, N 19A, W5389, H02GC, ELAG, KXKK, KT, KT  V, D 917, AA, M 150, H01NH, MGK, N 34C, F133A, A101L, HGAA, BAG O, D6276, U2033, W6085, E959A, E920K, NBH, XASLF, H993R, KKOI, EBKM, K020B, NNLW, UHP, BBRI, B3322, AVLS, NMSN, F106A, H914S, FGRO, F822B, R323S, EMRY, EMRYA, A542R, B7145, M  2B, E 777, F065D, LNK, M 513, K 474, FBRM, K105K, TJZ, LSBO, H04HW, T 70V, U 018, H69WS, T425M, AQHI, B 510, R289F, H02NH, W3487, LRAW, A595S, RSZ, ROFH, L5517, ALSK, NQNU, HT, KWLP, N  1T, L3224, H3932, F107C, H101T, M  13, S032A, R3769, EUNW, F007A, BZW, L0341, EHGP, A459T, NLE, UN  N, F829A, E 544, TBM, XT281, N 25E, LGPN, M643B, F793A, KKANR, TR, T184A, N 16A, DGB, H24UE, N 70B, HHIG, W 158, D 928, AHBS, WW  N, N  17, HLEH, U2027, W5883, M615A, E931S, H151C, RFZ, D5268, M2, FDW, F243A, E 368, M 313, FKFT, E 906, F596B, R  3R, M111B, E991N, K078A, TOP, LGLB, HFAS, T 32O, RBGP, N 62A, D1109, L8388, H972R, BQTL, H2024, N 905, HOTZ, L  62, LQLA, ABLZ, SCOC, SEE, H767L, W3190, NUDF, EHE P, N 73E, K024D, XNVLO, BGK W, EHMD, F001C, BSTA, TBFK, FDG, WSRR, A509J, BWDF, H196H, M  15, FGER, FEIM, E 958, F051A, TWAN, LMAG, A908A, M 521, T293P, LM  S, H432H, U 017, H54NL, MPO, HS956, AM  S, XTDC, DLH, RRA, KDGA, EKAN, HBUK, M407A, SSH R, TSZ E, F681A, RN, RN  A, KSLA, EWANF, EOSD, BWURE, WS, M 608, K8007, TSY, LTH, T542M, HKOL, D1132, H016A, L143W, M448A, H161B, HWAL, YBLDN, H67PB, MSNG, B5188, BPDP, EHGV, MLR, MAFB, FHHN, MAOB, M322A, M414, S 3KN, L2490, NPA, RL  T, KNSD, BBW, FNSD, BKN, E 137, WNT, E 902, N 125, B6213, FGEF, M 32A, LHRA, R 43N, M211A, E 49, LMN, A037A, T107F, FIL, N 41A, K 951, H553G, B5111, N952A, HHAS, L7473, K1152, EGBK, EWFR, N 62E, K974A, TTPS, WHU, T611M, FE141, EBLT, BSAH, E 469, F032B, A748R, BLS, HLERN, E 842, F029D, K108A, FOBN, W5402, T350S, H911W, K 903, K365A, E48 4, H3883, T 22A, N 55B, K309D, U 692, A131S, LF  N, HBN, R589L, SWK, S 812, MKF, RKL, ELBG, H940V, SXHA, KKRO, EDWD, EDWDP, E622W, RXNB, BVTW, L7091, KSTU, K2721, NWH, ATHS, H402A, R6217, K5045, R 11S, E946A, WQF, H12HI, M 234, E2534, F023C, N 62D, E248H, H15AB, K052E, K7815, THST, LMGE, T411S, B706, F002E, D 101, DFH, M118C, H75RE, T157P, L8380, RQMW, MMDN, MABY, BOKN, MWTR, FOTS, MNOD, M 285, N 514, NERM, FDI, E 512, FM365, TOET, XT117, BMZG, E1417, B6419, R 47M, N 74D, E 965, F392A, THB, T890A, DCB, H42KS, H232K, R102R, MOD, LHAT, AWHOS, M606A, W5684, E943D, SBO, N 607, D5025, L2016, S 1SB, L115W, KNEW, EWHP, F018B, NXPA, B6028, E 333, NMOE, UUD, HBHP, E 938, F424A, FKW, NNAM, R 26L, E 102, K106L, TWIN, A078F, T120P, FBCH, W 91, N 401, DSKH, WNS, WNS G, B5233, H123E, HH, HHAW, L905S, K185G, LQWU, R506F, W3586, RURB, L5117, ALTS, A928K, HBOM, RFN, D6766, L2921, H0125, M 587, H539L, KDBW, E907W, S055E, R3763, ERTL, WZAR, A584T, BHW, BHW W, RLS, HASD, EBLAG, L8824, MATH, EOBRM, S013F, M 538, SKU, SKU O, FGEL, F822A, WRZ, UBM, E 645, F012E, TACH, LELT, N 793, HSIK, F611A, DHDS, W5184, K2826, TS, TS  W, H883H, RSLZ, L2630, L1939, B6841, H21TB, MUFG, A072N, W 656, ABAE, MPB, REBR, KGUA, TWLH, L1913, M 659, H37NE, ALD G, E 613, WSZG, NHMA, E 833, FROF, LDI, R 34K, M113A, K037A, KBUU, TSWK, LDD, A034K, R203M, A31RO, HSTA, K 30S, D 962, B1107, SLD, N 40C, A393S, HKSU, F593B, L  37, UQSK, E628F, W5802, SHZ, W3290, A042S, RLT, N 61C, HLIG, FHN, H4053, M 82A, HLEG, EMSI, U2411, S001H, R1599, H5550, NNEI, F001A, K711D, F813A, BFBI, BSDO, FDBT, A415L, FL392, E 883, F284A, N149A, SNAB, S 842, RBUE, FKON, MSCN, MUHO, HOCH, YFNJ, T268V, BLIA, L7872, NBT, KMUH, F103K, BTN, M 690, ASTS, NI, FMB P, FHWB, F783A, K5037, WGW, H23GG, M902A, WSD, BQSTA, A293H, HVOR, LMAN, DRRW, E942F, N 37B, HSEN, RGOS, L2636, LNW, B1090, ABAG, H209D, A094D, HWHN, D6251, W 643, SSZA, MAKN, M 203, ELTF, U1121, ESIS, NOT, UKLD, EDSH, K138A, BBIKM, AHROF, R157O, YHHBG, HLEA, FWX, F027B, E743L, A727H, B7443, TET, TET N, H204B, M437, LRIG, F020A, M251A, W9403, A599B, M 453, H84BP, T 91H, B8515, K101A, U893B, K 414, H68SD, HQBU, MEZT, N 936, HWU, HHML, S 6AA, N 161, HNM, KBRY, NNRS, M402A, F010C, BRC, BDW, WDWE, U7061, L8011, BBA, M 574, EEFD, A613L, RBLN, FFGA, E 913, F839A, LLST, A502A, M 636, E0147, K 137, F242A, B  21, M434A, LPRL, F204B, RSG, RSG N, U 013, E946N, M232B, B9202, F523W, H82DE, AQNW, B 254, LBI, HACH, B  15, ROH, KDES, MMAH, L2494, HWAR, M 426, S30BS, F215A, RMR W, KSIB, KFNO, TWN, K076H, W6292, T161P, KRHE, BSPDM, AAMP, HFRE, DSTU, KBP, T1626, HALT, L1908, F088C, K181G, A719H, R429F, MKZ, LMRH, H534D, RSIG, A132H, HHSB, NWHW, NWHWU, RLST, S 834, R609M, L2941, H3606, EDVB, RAP, RAPM, M 540, EDAS, F061B, R3760, FQL, EOFE, K2948, WUTZ, NOF, RGCH, E 480, FGSN, N 52C, E991, LBN, B6412, R316G, H623K, F292C, TGT, A128H, T778A, TZI, L5534, H41SK, R 36N, N  3D, K153D, H231F, W5583, SSAB, MHRK, RKOE, BZO, BZO A, FKR, FKR S, H70UB, KFOS, N 51C, NEF, UGH, ESMD, F017B, U7054, ASST, UPR, BWA, U0682, E151B, FLOL, F737A, FLRN, E3256, N 795, R957H, A394S, KKW, E5003, SKOW, H02LP, W3396, LSUEA, RHI, D7742, M161U, A482A, KRY P, L 943, H4159, M 53B, EBRI, S011F, R3868, NPOH, FWO, F013B, TBEA, K 493, E9268, TBZ, H45KB, N 31B, F105C, A121H, FKOO, LMB F, U 194, M134A, H172A, LA, LA  W, HETR, YBLOR, H172M, MHFG, BSWP, BSAD, KD, NWFD, FF, FF  H, HMEL, SWE, NMI, F122C, KHOS, EEBB, KPW, KPW S, A330, M 609, NSST, TDA, F209A, E 314, F462B, FRFH, R 25K, M120A, E 999, K013G, TAUF, A062A, FWOR, KKE K, K952B, D 623, B5423, RWPF, SKEN, M 251, E4513, N 151, F035C, R902O, M123B, K161A, M626A, H03OK, T803S, D 773, THSG, A494R, HMDF, ALBG, DLI, TQUR, ABRD, MGCH, ROSC, BNES, U0316, FDZM, FDZS, MGKG, NF, NF  G, FESG, RSAB, EBWE, EBWEG, B3911, BFRI, LMHR, AWN, AWN F, KBR P, N 821, F003A, NHT, SSH G, F002A, FGM, U2532, E 784, UHAU, E 959, F331A, FSPE, ERIG, LEGOB, M257B, E 437, DF, T 45H, RWD, B8520, K261K, H814W, AQRB, MAIN, N 955, HLUN, BSPG, MRM, KWO, MAHA, F191A, T152M, BAKO, KVI, BBGN, U5016, HBVP, M523A, AOH, FGAU, F246A, BBLW, WAK, E 721, LLWN, MRUM, LWZW, FEZS, EOB, EOB N, K065A, TWH, K0750, T432S, HG955, N  66, A6821, D6589, FURBN, K912, RAH F, H204S, H176V, DZWP, B2128, F297A, FB52, HLI, HLI R, EKAI, E1007, F223A, WBLS, EEDA, UGO, UGO K, F773B, E 545, A214L, N 75A, LBWZ, B6526, USCH, R 24G, THUB, T388F, M 594, B2424, DNDR, TBOX, KDF A, H23EU, KOSS, N  4C, F041A, E901L, SKK, ADH, R612M, H3316, MA  M, RGUN, BLO G, U0324, H04FE, FWB A, MWEI, L8111, L4195, KKB, F480B, FB  S, FFMK, NGIU, E 663, A117S, E 952, F172B, TGRB, R3754, F189A, K026L, TERS, LJEB, T180P, KNAM, W5695, HRDF, K2628, H973S, EKIR, N102D, HBGH, L2904, K180G, H02BD, MTU, MP  W, A041O, RMSE, UQTL, SKI, T 261, RW, R446L, L2954, H3604, BBDS, A423S, NSNE, USD, E 749, LSX, AWLBA, R102E, F291C, DPI, TW, KQHB, LDBG, W3785, KG  P, H908P, T160P, N 112, L2626, L1947, A411L, H03OB, A484R, MTR, LK, LK  D, A172M, HOKB, SBN, MOSM, M619A, WAF, FB  R, L3113, RMOW, MND, XA 21, H251D, KUBP, EBTHP, K429B, EDUV, NAH, F823A, E2533, A713W, B7419, H183S, M 101, E 845, F016C, MGKU, T376L, M 474, K001D, H54MB, MLEH, HI, S 3HN, SWR E, NNEU, KPR, EEHU, WJAS, A314, USO, BSPS, E 282, FNCH, F735A, FAZ, R520G, FOV, FKJK, E 54K, TES, K094D, LWUZ, A091A, R622M, FNAC, N 482, K 143, DPA, D 607, RUW, H14BE, B8406, H122E, SKL, A372L, HL, LA706, A313B, H01HL, MMT, W3384, RKIN, L7018, M169U, M 696, A471F, ERIK, DZW, N 10G, L5882, H3942, M 57B, KST P, S021E, R3871, FOE, F519B, BRAD, A448E, H3483, E 414, F035B, TSEB, L8332, N  2O, LSEH, T 76V, E921H, DKRP, TKO, H815L, LLMH, T583B, W5291, H562B, SHPT, N 935, LE  H, ABAH, H23OB, A480R, MKO, F290B, A133W, D6272, U2137, E960B, BKDF, F251A, BSRO, A170B, WRD, NADW, M 273, E 921, FEGW, LEO, R 34R, M105A, E904P, K166A, TMB, LOE, H17WU, T 52H, A046B, DNR, H983R, ABM N, F252B, A489B, S8170, DWD, LQGK, B1087, TQC, SSMR, B7051, R548G, MKA, RFLT, L6113, NPOI, L912S, KWIC, NPEN, K027F, WRI, MBAK, T301T, EGHS, BFAH, AHFS, NLO, F924A, A716H, W3188, M 123, E 803, F009G, LTRL, B2622, M 506, K 817, LCBO, T413S, H24SL, SSHI, U 797, M 119, KKANM, H885L, HBV, DRC, R 45K, R830O, BSS, ELIT, HWUE, RZHB, T153M, BHF, ROBH, KKV, E2338, F038A, R2002, BEG, WCAH, M 563, HNOS, K 316, LFL, LGK, LGK N, N 705, F031H, M 631, H712S, RLSW, KLS, M 635, BFIH, WG, H907V, M 707, EDBU, BWE, FRUE, FRUO, A535K, W3776, LEL, E2631, N 17A, F316B, FKHM, TWD, EDWDS, B2915, R290F, N 54E, M 694, KBBN, K0954, H13RL, T932W, B1217, KKW F, D330M, M 411, H802L, ALA, ALAA, HPOG, U131V, SPE, A71RW, MTL, RBST, FBSO, T1655, WLKL, UEIW, EHRI, E0959, FK, FBH, E 511, D8215, A115B, N  3F, A689H, W075, ROG A, LBD, E 246, F036F, K025L, A420H, T081F, K 628, FWSA, DPSA, H01CG, KENR, F073B, K 776, H18SE, MHPF, L1832, F798A, DNUN, AKM, MPU, A01LW, RWAE, TMWA, WSTK, NNR B, HSGG, NBTH, B9804, UGW, F601A, R4513, E48 1, E 29D, A614K, K  3K, DPL, H552G, B5242, A365S, HKHN, L7172, B 513, ABX, R257O, W3483, RWI, BGD S, L5525, HBAR, DXS, N 22L, L3912, H4049, H122B, KSID, EDD, S028G, R3313, LTTO, M 219, E 606, F121A, FSWR, A921B, KDREF, K9000, TSE, LBOL, A067N, T602M, H43SD, RMR A, D1137, H408A, M 239, H177S, HLDB, RRID, SWN, H182O, MMAU, LGOS, LGOSO, MBLM, M 327, M151B, S 6KN, KKDZ, WWIL, FHM, F010E, E 261, HBR L, FMK, E8416, N122A, FZM, D933W, M 37A, E622A, LDOB, N353A, R702M, M207A, TPL, LGWS, A047A, T102F, FMM, N 419, H2801, MPH, H01EF, U0206, K 630, MMDL, HMAR, NRWD, EBO, L4378, EBOH, NUT, SNKE, M408, BKE, A135D, E 942, FCOE, W3775, R319H, M272A, E 947, LROD, KRE, KHUB, HSDK, L6011, K2239, H43GS, N 420, L2976, D6485, H22KB, R148A, MHSB, LLW, A567R, MMAM, SDLOB, MERG, ESYH, N 38C, RBEL, FOST, MLA, L1942, XA 11, LMSO, H46WD, T428P, N 13B, U 294, H32EN, T420M, HQLM, MRI P, XTDV, DSU, B2129, ANF, M 412, F534A, FMB M, MWHS, YDFHU, RDA, M 418, T231V, BGK S, RNFS, NSU, EWANT, EVD, BBIG, NALB, TK  W, F296B, BNP, E 356, NBNB, M 307, FHRB, E 801, F454A, R 19R, M108B, K074B, TFB, M114D, T 22O, RSOH, KKGU, A397H, D  43, K 210, T424P, T142P, N 26E, B4023, ASL, SBG, B7052, R845O, W3197, FHP, FHP N, A564S, RHKA, U0215, H43HE, HLEE, F012C, N 26F, EBLAP, L8817, N 709, L5698, EOBRW, TEMEF, M 556, FROD, F030A, WBR, UBEN, RAHG, FBNA, K 327, H73LS, LF  V, HSCB, MLB, FEPB, E154W, MTFD, H942V, KHB, BHGB, HWEA, EDGR, K2722, XFSM, NTHM, TSU P, K024A, R6310, E 22, F010H, TUH, LFMW, R342K, M314A, E945G, F617B, W5282, K2824, H927W, N 68B, HRBG, L2907, FWWS, B 916, AHB, A410D, R149A, H21SB, MS, A591L, HSOR, W 610, RHE, L1922, KHOK, K364A, TWRW, FE45, WR, EEIN, E5433, N 952, FDS, E 477, FM353, WPRO, N  2S, LWG, W054, RSZ S, A745H, M114A, E 33B, F030D, FBLA, K401O, W9702, T405S, A183M, K 148, H88CH, T 96A, KERP, B7822, U 893, M124A, F676A, F711A, A455T, NRL, E 742, F725A, N  3L, E2335, LRK, B6735, F191B, TRH, T 62A, W5487, TAIB, H12EG, N 25C, ERMH, D6586, YEHEM, D6745, AHARB, D 797, B8417, R133R, A85BB, U2032, W5987, E924L, SLU, M 604, H47C, L9316, NMSM, F684A, ELUS, N 68C, K120A, WLA, EHZW, N 173, S048B, F205A, H917S, FSTR, F718B, D682P, B8734, M   5, E 769, F062D, FRON, LGW, LGD, M 516, KDD O, T127P, K002D, FMZ G, TEI, KLM, FKRB, KTR, EEKU, EWAP, H905V, BWSU, M 708, UW, BCAP, BMOAO, US, FWF, F225A, E145L, A624S, W3784, LWOR, M 198, E2835, N 18C, F028D, FHAH, TKTO, B2925, M 688, K 351, K0963, TWR, MEGS, HHMG, A072B, W 654, MVRW, N  4D, RFGS, EGVB, TRG, L1905, TELI, EAU, UEG E, EWIH, F042C, EHRBM, A731R, B8821, RKUW, E 824, F025C, K112V, FBUH, LLEL, W6001, H875L, N 957, HBSC, AN, AN  G, B1126, SQSL, SSM, R831O, BSS U, KRAO, HOLD, RBRO, T155M, KKCN, E2337, EMHO, WLST, M 564, FFZH, F286A, BRU, A169L, NSTD, ROW, FHAU, MELG, R 30F, HAUG, YFRML, T378V, BRGBV, L7897, NEO, M422C, KRIC, F202G, AEST, NMM, FMB W, FRS, F782A, K5041, BP, WJER, H22HI, M 961, HESW, E4508, F032D, LZD, FHED, M121C, K061A, K7711, LRW, H277S, K119A, WST, BWHO, AERI, EBEO, ANRS, NJS, F204D, H918U, FBBM, F818B, D131P, EBDAB, A531R, B7143, M   4, E 771, KGEK, F063C, LBO, B3726, M 515, T125P, K 494, FFK, LSB, LSB G, H48WD, T429P, T376S, M 437, K 625, E48 3, T 32A, KNG, K206A, N 26C, U596B, K 243, M 447, KKE N, LF  F, SNDL, S 817, RAPR, M647A, BRDF, L7790, KVOG, K2828, M 270, E 922, FRSA, KKE S, LBOR, R 37R, M104B, KAW P, E905P, K066A, KG  H, TERD, H19LB, T 51H, FSP S, H201S, ABM S, F202D, A487B, F567A, S 870, DHO, LQPR, B2086, SSE, B7054, R547G, MST, LZI Z, M 605, U0107, H03EF, H05OK, T802S, H51LN, EEZB, HBSS, L3227, RQMA, AFT, H2814, MWS, REM, U0314, EGVH, FHEU, MHAM, FENG, NSTAF, RMNS, L2017, B3912, F680A, KSEC, F002B, SSH O, U 295, H12PW, T416M, HQDR, MBAA, HBON, DSPH, XAAI, B2127, MASK, KDE, FMB A, MNES, YDFAB, RFMU, M420A, T233V, BHSL, EWANW, EFFD, RSCW, B5122, ABB, NDEB, TSNU, R6234, N 782, F772A, K5034, H14HI, E114R, BQSTG, M 237, E0526, F031C, FLIP, S107S, H11AB, K055D, K7716, TH  G, T822S, B717, D 499, AAHN, M  98, H71RE, T163P, HIHG, A114R, E002A, K 622, MMTN, HNN, NCG, SDFG, L4377, HNDM, EEGE, NGE, SNKG, M405A, A134S, E 932, EHGH, R320H, M271B, BQBD, K011D, LR, KOWI, W5092, HWRN, K2632, FFND, U2512, E 774, UL, E002W, F343A, ERHI, R 15L, M257A, E 439, K107N, TROM, W6293, T154P, KSPA, N 58A, HLEEP, DOU, BPAF, R502E, N 73B, T1615, HMI, L901S, K184G, A739H, R431F, MWAE, MN  E, H12DB, A411V, RWS, F254B, E 355, A185W, BQGAF, NMUB, M 282, FDIL, E 802, R 21K, M108A, E 182, K075A, TFI, M113D, T 21O, RBLH, A366H, D  46, K0231, T425P, AA  G, T143P, LQGL, AROG, SUG, B7055, H03VL, FBI N, RSR, U0213, A562S, A417H, FWEK, M 291, L2015, B3714, NVI, KBBG, BGFB, NGAE, FSIN, WWLD, E 304, UHT, E 754, F091B, TU  R, R 28L, M224A, E551I, K049S, TGC, FSGO, KKANS, LSEL, H44SG, HAHM, L2956, XTD Z, M  62, H04SB, R 48R, MDHR, LLW L, A565R, SNK, SDLOA, EDUL, N 27D, RRW, FLBF, L1945, EIAV, T1654, WRHO, UHL, E1006, EHGN, ESHMA, E 513, A130H, MHH, S8146, BOD, SFIM, H0126, L2937, EASB, M 581, KROM, EDBK, R1597, E520G, F694A, RLD, E 482, MFLH, FIM, N 25G, E990, LLBG, B6413, R315G, HHT, HO  N, F294B, TNUF, EBDA, EBDAM, T789A, A122H, F011C, EBLAS, E0304, L8816, R 35B, L5697, N 710, AMD, EOBRZ, TOESF, M 548, FFO, FFO V, UROS, FOM, E 24, TFAU, EDBI, E938G, F616B, N   8, AWHOH, W5082, E957B, SSLS, MWO, FEGWW, N 413, FKWA, BMZ, N 976, A182H, KDUL, F022A, LZIO, NNDO, UWM, ELPP, F012B, U7065, L8212, F172A, D8214, A212L, N 24C, A762H, W076, LKBZ, ROEN, M201A, F039D, K024L, T082F, K 624, DTR, H03CG, KBEN, N 65A, H006A, U2563, K774A, H12BH, MBE, HBKE, MMRU, MNF, A05LW, RO, WLOW, M688A, TWIT, L5433, H51KU, R 37N, N  2G, KBKS, EEDL, H233F, N 25D, DKOU, W5582, SSOF, MBAB, N 258, RTMU, BFGU, FKR N, KANR, H65UB, S 7SK, N 66A, UBS, ESZK, F016A, U7049, ABTSL, NT, N 12A, W5284, K2431, K972S, H933V, N 21B, HWEZ, L2915, M 43B, B 913, H01KD, R 50R, HEBGN, HAL, BCS W, A589L, YBWSB, SSWL, MP  R, N 43C, RBGG, TWUM, L1929, EHRBW, K479A, TWID, FE43, R 29K, M114C, E 2K, K039E, KLO, LWL, A038K, FKBW, N 13A, H26OV, K 40R, D 932, B5412, RMKL, RMIH, N 47B, A397S, L  31, K136V, UQOR, SKTS, H06SR, W3289, LTG E, A022S, M155U, HLED, FOS, H4055, NNR E, RHBP, HVPG, WK, NER, ABG, M401A, EDDPB, UROT, F602A, E48 5, MBAL, E136K, A516J, LTT, HGGL, M 218, N 899, FKOT, A923B, M 803, KDREN, K044B, K9010, TAD, A070F, NFUA, H47DW, N 40A, KKRU, F176A, R2115, E21OS, A511S, E3255, F843A, N 790, FLRS, A693A, R958H, M 648, K001K, H51BM, N 10C, F103B, M137A, H162E, AQSAG, HDVD, YBLAG, H72M, MEB, NWLD, KDBI, FHOES, TPHM, HBUE, E5972, F105A, N 950, RKRH, RKRA, E 479, FL354, WBI, N  1N, A752H, W071, LSTF, M 116, HLIS, E 35, F031E, FEL, N 36C, W9502, T404S, K 146, H84HG, T 95A, KLI, B7824, U 894, K329D, H81SS, LF  W, N 417, HBHB, HSR, B4173, N 25A, DSTI, M624A, BLD, BLD G, B5121, HHZ, L908S, K179H, B1190, ADEV, R434F, H02BO, W3674, LOSM, A403H, RUWA, ALKN, A131H, HVEH, RMLG, D6568, S 876, K2406, LGOSS, H3824, L2925, M 585, H002B, KNIV, EDH, D1138, M238A, HLST, H83PB, SNI, MMA, U0210, M152B, MHDT, M 328, S 4KN, BOG, KKOU, RMAW, N 14E, KKDB, BHLRN, NLF, F121B, KBO, EEDZ, BBF, A332, WSAH, KPW N, M 615, E 201, FMLS, SFC, LLT, R 28K, E 996, TBP, A046K, R855H, FWOB, B8711, N 63A, HDI, K 972, D 624, B5414, RWGA, SKIB, DMA, MH  W, E153D, H930V, YFHAB, BFUW, K2827, U5223, NREZ, UCB, K027I, R6311, F574A, BDKU, U 842, E30WS, A518J, B7317, HG  N, F311A, M 856, K2724, EDKA, BGO, E23HU, RRZM, FBSN, L7893, F841A, E 113, KKMT, TBEM, N 781, A506A, M 638, E3363, K 133, B 107, LWH, H63MP, N 71B, F202C, U 197, B3729, R315F, E117W, M 502, H96VW, F522W, HQM, B 258, LB, LB  G, HETL, B 803, FFW, FFW A, F015B, WPIN, E 260, E8419, N118A, FSBA, HBHW, E621A, LMRN, N 356, R 16M, M206B, K115E, TWY, LMOS, A049A, KKBT, N 418, K 21K, H36NN, B5212, YKMSN, HM, HLTA, A367S, B 503, RBTN, ANL, A754H, AE  O, MHO, N 902, A396S, EOEL, E5002, BQFR, AST, SGS, H22DL, W3282, RHSM, M159U, HR, EOS M, H4156, MLDI, L 941, EMAM, S010H, R1586, H5543, NPG, MHEB, MSTW, F014B, TKMA, H01AB, K046A, K8004, THZ, M623A, LANG, T532M, HHLM, D1131, H018A, H103L, HWEW, ALR, YBLBO, RQL, H165O, AO, STRS, MLEF, MAFW, B1187, RZIM, MGHF, M281A, M415, S21HK, EDDPO, KKOLM, NSAN, NKMU, RL  N, KNAK, H005G, EEKP, S005D, R3873, H5149, F720A, A417S, NWD, UWM F, UBR, FWORG, FH366, E 853, F836A, HBIG, E8522, E 32F, TSI, HAAT, N 111, W5395, LL  N, F597A, E941G, LBTS, DTFN, T 17O, N 10D, RBRF, L2742, L2963, W3482, RGN, L5527, HKI, N 28E, H4046, NSUE, L4116, H124B, M 71A, EDKD, S027G, R3870, SEG O, F679A, EWAU, EDFW, F712A, BTPI, A456B, NRW, UWK, E 740, F818C, N  4H, E2332, LNW N, B6731, A418L, ULBN, FWO G, E 855, F946A, TSC, LNX, AWLBS, R101E, F292D, KQNE, W3783, F391A, B6211, ERDB, H932V, T151P, N 110, L2628, L2927, LLW U, A445K, H05OB, A483R, MSTH, LK  R, A162M, HROS, SKB, M620A, L3126, FB  B, FEP, E 138, M216A, FL, F791A, B6214, FWON, NCN, N 124, LKLM, R587L, E 155, K084D, A033A, T109F, FBGG, W6092, DOBL, H37NN, B5103, RSLR, HDED, L7175, K1154, LQNX, RLB U, ASTE, H24HH, R255F, W3585, XALIW, M224B, S007E, R3867, FQMS, EREH, F721A, WGI, NHH, H3193, FDK, E 502, FH392, TMW, BAWG, N 22D, B6417, R242S, F193A, TEG, H302B, T888A, N 431, KG  R, DKE, H62EU, R 22N, N 30B, H242F, LHAC, TWUN, T 81A, N 26A, W5485, DME, H06GC, N 23A, BALE, EDTM, UEIP, YHELF, D 804, M 149, B8418, R134B, LHG M, F103E, N 39A, HBUH, A91DE, U2034, W6082, E936S, T 43O, SSB, E913H, NPB, KBUT, EHER, F687B, RHBO, WALW, MMST, U2501, KHEZ, H253D, DFS, K430A, NNSW, EDRM, F713B, E544B, A721H, LAH, TS  R, B7422, H185B, M 100, E 762, F017C, E804T, FBOS, M 243, T252L, M 472, K006R, H56MB, T 46H, RFST, B8516, N 56B, U891B, K 263, H816W, RMA, A111K, L5511, SDLS, HBNF, DWBW, KDFS, N 25L, H3826, L2901, F114A, H111B, KPUL, EWIT, M  17, R3866, F005B, A461P, NON, FMAA, E 534, XT163, TSA, N  1L, RDRM, XASBG, FSUE, FSUEZ, HOE, L2495, M 430, T303T, KKRK, S33BS, NEG, F216B, RMR D, KHBD, A344, M 623, NBHM, WSRB, F527B, BSNZ, E 610, FHEB, LJES, RETL, KD  N, SSH S, FFU B, MBGU, USAP, HDRO, L2491, M 425, S28BS, BRUH, F218A, RMR M, KHEN, WRW, M664A, TH  K, KNAMN, FFES, U 195, E 611, NHN, MOFF, E 832, F716A, LQOE, MFL, LE  K, N 953, HLOX, EKKR, MHSN, KWBA, MKIS, YFKMO, F136A, T502M, KPFD, A061W, BBGS, U5017, M524A, TS  N, FGK, F281A, R2111, WDU, HS, LJZ, B6524, M644B, E 580, F591A, TEP, T897A, F846A, HHIS, DWE, H28UE, R 13N, N 900, HSTM, D1415, D 590, N 22B, L5122, W5885, M616A, E956D, AAHG, WSRG, D5065, FG  R, HEA, N 75B, K018A, BAG S, A076B, LSNA, T931W, H21LS, KKW S, D 331, M412A, H222R, AQAH, HNRU, YLHOV, U122V, A76WW, MPP, MAKI, RBRA, FSZ, MUFH, HLGG, S 4HN, SWR K, EEWD, A316, WHL, R 33K, M112D, E901B, K036A, KBUH, TWI, LOV, B6308, R204M, A032K, N 13C, A41OK, K130S, D1103, K264S, B1210, H08EN, N 38A, A391T, HSUD, F595A, L  36, E623F, W5801, BQOR, SMK, H184V, W3293, A044S, RRAG, L0129, BLA, HSR O, E 722, LLWS, M 260, LWZ, FBUSS, K162A, K7703, TKM, T435S, D6590, E612L, M 439, H215B, H528E, L4215, AWST, STRW, E 3SB, R621M, H2824, MA  N, ROU, U0322, FWR, FWR G, NGLH, F690A, K6202, EWN, F003B, FO  G, SVWG, FKGE, WBG, BT, H966U, M  19, FGUR, E 918, F047A, TREW, LLC, MSNO, A924A, M 523, T264P, E2620, K136B, F181B, H93BL, U 015, H62RN, T543M, HQPR, MER, MANE, USOO, FC  A, F576A, WSCT, E 281, RKHH, FOB, F492B, FBRG, E809, R221G, M153A, E915H, K070H, TA, LKIM, A251A, R611M, FNIR, KKDT, H41HL, K  51, DFD, D 608, H16BE, B8405, EHFD, A382T, ERE, U2432, S002H, R3423, WRHI, H5548, NNRF, F006C, K722M, BNZ, MADF, FRB, A413L, UAT, E 893, TSH, LWP, N150A, A294H, N 53A, KHOW, HWOB, LLBB, K 952, E923F, DZNH, H612H, HALG, RBT, RBTD, L2635, MRFD, L2014, H146C, L8112, L4275, EENW, F479B, FNI, E 664, A114A, E 734, F176B, TGI, W681, R3753, E 698, F198A, K072H, DZSW, TBIL, HBRG, LTHI, T181P, HBG, XTDL, K 2 H, AR111, BSE O, KDV, MDKS, HWBD, M417A, KHEC, WSGR, M672A, TK  A, H305A, FVL, FWDF, E 907, F598B, R  1R, M111D, E 692, K169A, LMBN, B6410, T 34O, H92BN, H21LD, MHAR, W3381, RKHF, L7014, ASE, M168U, A470S, EHIT, M 699, DZW T, N 22J, H3943, M 56B, KEIL, S018D, R3862, NWKH, FHAT, F520A, BV, ENIR, A426S, NSA, H3482, E 412, F034C, B2089, B6843, H211D, LL  V, A092D, HWAM, W 640, SFI, MALS, EWSE, NKOE, LRIK, U1122, KML, K040A, WWBW, AERIA, EDOL, BSFW, LB906, R154O, HBNG, HLGM, FEZ, EBZ, E764H, A734W, KWEH, W5592, K2812, H81SB, N 35B, F095A, HWIN, L1952, K183H, R163F, H220D, MFU, LMG, LMG G, XFFB, RMFS, LSBT, A033S, WFRW, SRO, ESDM, T 375, H3717, L2961, F296A, FB50, E1410, EKRN, F522A, WCA, RSD, A53BA, D1107, F831B, H32BD, B2213, H82BS, A383T, L  41, UQGT, SKT, A588T, A112S, HLAT, H902L, DNG, L8821, MWTI, L4427, A514E, N 26G, L8331, M427B, F033F, TDI, H814L, T390S, W5289, H611H, N 933, H25OB, A476W, MEGL, F260B, HHAT, D6271, A141A, U2445, BAKB, MMP, MN  S, L6112, SLDN, NGU, L911S, KHER, EHGGO, LRO, B7445, H186B, M436, E 804, F021C, FGHF, M252A, W9501, M 450, WSZF, K 302, H92BO, T 84B, B1313, K202A, U 897, FFG G, K 156, AE  N, A113S, R 25N, ALD A, MRPD, LEGO, N 934, F525B, H64GW, SHFD, MHPW, S 841, BETN, EWVA, F772B, E 462, A226B, N  8A, LRA, B6525, R 23G, TBO, A406H, T773A, B2414, DPR, H25EU, FKMP, N 73C, F101C, HELZ, K312D, LPRZ, N 608, M 629, MMBH, WSN, WSN S, M 533, H5142, NSC, SKU M, FWAE, F818A, BGUS, BKAG, USG, E 25, F010B, TOES, LWND, M411A, E 12, F008C, W5190, HLFG, K2627, H112L, FLSS, HSRD, L1919, B2083, AHSF, B6947, R 47R, H21BD, ERHO, K026E, MKO H, RFK, F551B, BSWL, ANWS, FNIS, FNISA, F926A, WBUH, E521L, A709V, B7252, L5126, M 122, E 811, F010G, M 505, K 819, FLIS, R3045, LSAD, H32KS, T335H, U 890, H05HE, UBE, E 29, F182A, LEGV, M258B, E 422, DSTH, K075L, LCWG, BLAM, T170P, A077N, FFI, N 43A, HEDM, H05NE, ESCF, N 28B, TMIN, L1936, B2130, H210L, MHEU, LPLN, SSD, EKV, T 555, S8133, E 937, F411A, ENOBU, R  4R, M111A, E544N, K079A, TSBM, T 31O, RHN, KKERP, D1108, L8384, H964R, N  46, A115R, HBGD, LQBE, ASP, SNF, KNAL, R846O, YLLWI, W3193, H99BB, A582T, ENDI, WGWS, RMW, RMW G, KBRC, EHGVF, EGBN, K032F, BWPS, WRV, UWA, EDDS, TFVA, ALAS, ASHS, F918A, M 579, E524G, A674W, B7251, M 115, E 823, F013D, BSTH, EOBRB, KDHL, K 822, HHAR, MLOI, L4518, M 433, S014F, WRSN, H5146, FBSS, F817A, BGU, A401D, UOR, F009B, TE, LWET, M411B, F007D, N 708, N202B, A362S, HVBK, B 500, TOED, AABG, MDS, LS, LS  G, W3485, A596S, RKHA, H05RS, L3315, AAR, EBCK, A464S, BSBD, N 26I, H4044, F208C, KLAW, EMSTG, EDOS, S024E, R3429, BBIKV, F673A, FAH, F715A, BSCH, HPAP, EBLAI, L8812, EOBRO, EEKB, M 539, NRO, SKU W, FHME, NRHG, F027A, WBT, E 651, F001E, TP, LJN, N 893, R 42K, L9334, F612A, FMOH, DRBN, H44BK, T 42H, RHLO, U 793, H813M, N 51B, HOLB, SVO, R929O, MPD, EENP, WWM, WWMW, YFKHW, T158M, KDF, EPRA, M101A, WMK, W5188, HGI, H636A, N 14A, HRTN, RBRE, L1915, B1086, B6946, R 46R, H01DB, MDFG, LMDR, A082B, BGS, BBOF, W 651, SSLM, MAOZ, F011G, N202C, EMEG, TBLH, L1902, ECA, THP, EDMG, EDOO, B2412, BBI, WKG, EHTG, A449B, NWK, E 746, F038C, TKH, N 24F, E31A, HP, HP  G, T377V, DSN, N653A, T684B, N 18A, W5387, TGLM, H768C, ESYL, KT  N, AHBI, AHBIA, M 547, H21HH, MOM, LHG, LHG U, F134A, D6275, U2136, W6484, E923H, MFP, MN  F, F022B, W5286, K2434, HDEH, K 614, H889V, TS  P, L2625, L1943, AWLB, H23TB, ALKR, A092A, BCSB, E992H, W 603, AKUP, SQS, MHP, NRAZ, RSAL, KGUH, L1917, EHRBR, N  69, K973A, TSUS, BNO, FE53, WPOE, M121A, M 553, F247A, BLW, E 708, A163L, LHAD, M 264, LHWW, E 445, FCG, LMAC, R836O, E908P, K164A, H20BH, T294H, N 571, A064R, D6581, H207G, DGLS, E052R, RQW, ATM, FBUS, F031B, B8822, A681W, HLEI, F024C, FHUE, K 102, W9905, T375S, K 621, F030F, T483B, N 29B, K105A, K 697, U 593, M444B, A142D, H882L, ALRA, SOW, S 816, NDE, EOD, K019B, UVI, K977A, TEHA, BFIN, B2612, AWFS, NBN, F105F, FBL, F815B, WMTF, EGB, A513S, B7146, M  1A, E 791, F066D, B3728, FBRS, TEL, LSBF, H12LR, ARAL, ARALB, N  91, ECRA, F109A, E 471, F921A, N 31E, ENDN, ENDO, A682H, BRGBW, USPF, E 844, N 63C, F026D, FBHF, K210A, W5502, T401S, H912L, UMG, K 301, K362A, N 848, T 21A, H87HC, N 50A, K 315, U 693, AHIF, H650H, LF  O, HBHU, SSWE, H32RO, B2090, RNZ, U0103, MWNS, NDTH, EBNO, L4370, EPLE, MN  B, EOS P, EWAT, NPLF, M409C, E5894, BPO, A123S, NC, UBD, E 933, MPBU, F731A, TSAL, RR, BWDH, SXPE, A281M, KDRA, M 646, BFHG, L7873, MOP R, KMEE, K2723, NBM, AKRS, R6221, N 783, F773A, BSWB, K1030, H13GG, E112H, WQSA, M 238, E0525, F028B, HA, U 016, M122B, H71WS, RKAB, HBDDV, HBB, AMR, B1127, MBAE, KLIH, YDFHS, T423M, MRI W, NEK, E018H, B6026, WPL, E 331, NNU, UAR, F427A, FKOZ, NSMT, R 25L, DBT, E 710, K062H, TWEL, A076F, T121P, FNDH, W 96, DER, WG  G, B5222, SBUM, W6394, L906S, ABAD, W3583, M269A, E 403, TEB, LQIS, K027H, KBRE, N 100, K2237, HER, HEBG, H666O, HLEM, L2924, H22BT, MGHD, LMB B, A551S, UE, UEG L, SBX, EBSL, N103C, H109D, REF, K2201, EHOG, R554L, H3607, L1950, FKAT, L8224, N 59C, S108S, H91HA, K155A, K7719, LBOW, T812S, B701, N 48A, H63NR, T173P, FLY, HVIN, L3222, TQPF, MHI, A419H, BOSGA, FDZ, M282A, L2018, B3723, NAH E, BGH, BGH N, NPLG, F292A, A174L, NES, H83HE, M 278, E902L, F103C, R 31R, M106B, E111O, K070A, TFV, N 58C, T 13H, H174B, RJO, N 10A, D6570, F161A, A495A, LLPDH, DCC, ASAG, R129G, B7053, KNE, KNE G, M673A, N 23C, F491B, TNY, T893A, DPUM, H38SU, R 19N, N 15A, HEMT, H230K, R101R, MFI, N 38B, M608A, W5683, SVL, E955B, N 605, WATR, D5028, H183O, KKAK, WLG, FFT, KGRB, SHPG, EDAM, F058A, FB152, UHER, FQKB, E1432, EHOC, M153U, RWE, E 533, AR121, N 74E, E948K, A759N, LZGL, W6002, USTB, F046B, T101F, FFME, DRBW, TO, H13GE, KNL, KNIS, F093A, HEHD, U2412, N 55A, K 328, A555D, F025A, HORP, SSLV, SEG, SEG M, FFAW, E 603, UBOD, HBHLA, F088B, TU, EOB O, R 29L, E550I, TBTB, K109N, A021A, T141P, HRAT, KKANN, B4174, KHIR, HBAN, DLM, BJUE, BJUEG, B5131, R354O, U0211, H42EH, ESRT, W9907, MOTW, K 631, R832O, L4868, W3672, MRMU, SNEC, NPA P, FO, MWAG, B9415, A139H, UHRH, FLGS, F166B, E 646, BSE M, RLIA, MMAL, H928V, SXSD, E621F, RXKL, BERK, K2726, APS, H36NE, H401A, R6333, F578A, K6042, E003H, A560A, LMEH, M 233, E6551, F024B, H26HI, LHWU, H873W, MBN, N 52B, HRDK, F927B, M 632, SDL, MSM, KSV, KRHK, BODK, BPD, UZE, BEO, H24HI, E616B, A557D, LRN, W3092, N  1E, L907S, LDBB, K176G, B5189, ABIL, R435F, H04BO, W3675, A405H, RBS, A127H, HBEM, RSTN, S8175, K2203, TSNA, H3930, L2930, M 584, H001B, KNO, ELDD, EDAP, S004D, R3311, E 32B, HQWA, E 11H, F971A, A132W, W5382, RBRP, K2821, L6014, BRGBR, N 74B, HELV, RMFE, L2939, W 193, M164G, MH, R 52R, H964O, MNB, A583L, MFHT, N101D, RNBG, TRSA, ASEG, L1937, EDO, K031G, T1752, RWGT, L5116, NBUW, A921H, HLMF, RHSN, D6765, K013A, H3928, L2913, M 588, H543L, KKWO, EDMF, S052A, EWAZ, F551A, WELM, T603M, A312B, NSTN, FAT, E 514, F831A, TM, XT226, E1416, N2755, B6420, M 215, N 895, FLIR, A195B, KW, KWS G, K0955, A075B, LGM, T941W, H05WH, N 51A, B716, HBDD, H118B, M 406, H223O, H80GI, HWDH, U232V, SPZ, R347M, MGRZ, A75WW, KGUI, S806S, MGUF, NZK, D6956, WRAK, FDN, E 496, FG391, FKH, ALTG, N 52D, LDLG, B6416, HO  U, E 15E, F298C, TBD, T889A, DCTA, TGN, H64EU, R 24N, H244F, MART, N 42C, F199B, YEEBP, W5083, SKZ, E944Y, MIC, FNHA, N 415, RDZ, WRMA, UWU, E6741, EGED, BFSS, FHAE, E 493, F535A, W4604, AB111, N  2P, A758H, W073, M171A, E 34B, F034F, W9205, T409S, M 421, K 906, XFAP, DN, KRBR, K 777, U 994, EHGVE, H66PE, N 67B, HBER, L1837, EBSA, F009C, BGOL, WF, F685A, BNE, WSZ, A514H, BQGB, RGES, FFOR, E 914, F034E, A194A, M638B, E2623, K 139, M234A, LLBS, F206A, H76ER, B9203, F526W, MSB, LBIN, B 153, HQAC, HBM, B  13, MAD, MANG, M 334, A6819, N 11E, F115A, H152C, KKA, EEKH, WDN, R 23N, F208A, WSC, HBR W, E8128, F065C, FNSM, LBEI, R517G, FKKD, E 58, K066H, TSG, A071A, B6838, R  1M, FMWG, KKC, N 26B, K  41, S460F, A181H, KV, N 63B, BFIK, UOM, EDED, F013A, BWHA, WLO, U7066, L8214, F173A, BDF, A545A, FSTN, L7891, F342A, E3364, KDOS, TNU, N 787, LMAM, R  2L, E3362, B 108, H61MP, F202B, U 691, K004R, L117W, R225G, FELT, FELTO, M637B, EE  R, BJF, B9704, U5219, TT, TT  G, UJZ, R4512, F541A, BLT, B7713, E 657, F172C, AHBRM, KKNA, K043A, K9001, TZU, LDK, E546A, H16BA, K153A, K8001, TN, T412S, D 102, H81ED, T152P, A1601, YBLST, HLFU, M 419, MGI, MMEI, M 292, N 513, S 3SB, NMAH, D 578, T814S, F080A, F543A, BTR, U 841, K6047, B7324, A540R, HG, HG  G, M 230, FBUN, F314A, M 857, H92LH, K001A, K8002, TUG, LZI, H60AE, T531M, KKPO, MLT, H101L, HUNT, STR, MRO, MARS, MXKU, RADN, M503A, H102V, F521W, HLGW, RSAW, R316M, MBAU, RFM, FHOEA, HKLG, NHZM, L2493, EGVA, M 428, KKES, TBME, S29BS, NZA, RMR E, F222C, KRHD, E566W, BDAB, A342, KSTP, M 621, NEN, F536A, T551M, KKRL, N 62B, HSDL, D1135, H015A, M235A, H171M, KWS, HLGD, YLFGD, XN612, H80BP, SWAS, MFB, B5190, NWH F, EWET, TBKA, M323A, S 5KN, KLRH, WGKW, NSTH, STR N, FHAS, N 157, F001D, K2202, R483L, H3613, MBR, L2974, ERHY, F071A, R3310, FB42, B 224, FQLI, EMAF, NWHO, E966H, FH370, E 474, FLR, N  9E, E989, LMD, B6729, M208A, KN  D, A134H, T777A, N 255, KG  F, DZN, TL, L5514, FNRI, MGAL, M417, EDDPH, NPR, RL  G, T526R, WFRK, SSR W, FLB, B6017, E 599, NSHF, FEN, N117A, F472A, FGRF, LLAS, R586L, M221B, A031A, T108F, FBGN, W 92, N 23H, DOF, B5234, RSLA, H35NN, BC, E 861, F873A, FAMO, E53B, LPOE, R 32K, M118A, L5121, K040D, TGOL, LNR, A040K, RFT, H24OV, K 142, D 921, B5421, A399B, EAHL, MAHI, DQGT, K126V, SLE, H02ML, HB  W, W3286, E7541, E 136, M209C, HBR A, E8413, N 123, B6303, FWAB, D946W, M 34A, EKAU, LKNZ, N 174, R 40N, M210B, E 55, K087L, LMR, A039A, T104F, FHEI, N 440, K 962, H555G, B5141, HRER, FFAU, D6734, L7472, B 516, AHBR, H926N, W3496, H133U, R  1L, FKAU, F053A, K 286, ASWA, B3122, N 602, M 630, SSLB, RHZ, FNV, BSPE, H124U, KRHO, EESOB, BEHS, WLD, UNM, SSMT, M 402, F640A, BBEL, F111B, L7169, LQHZ, K1158, RLB W, AASN, H22BO, W3595, A113K, RMN, SSDM, NQJS, DWBN, KDBH, N  1U, H3820, L2902, H206L, EWIA, NNSE, S049A, R3312, FQWH, EHOY, F554A, E 554, M156U, HSAL, FRW, H4154, M  64, H006G, EGS, S006E, R3318, H5143, M220A, FWB, F719A, NGUN, A414L, UHD, FG369, K022L, F753C, E 895, E 34F, H12R, W5295, A593S, RHK, L5518, SIGW, HBAS, H4050, L3225, FLOU, H121B, KLOV, ELUE, M  12, S031B, R1584, EDWW, F008A, A460H, NUA, E3811, F822C, TTM, XT282, E 415, LPRO, B6732, UKL, F222B, U0651, LHN, W3791, FNL, E2834, F035D, N 25I, FMIR, M 664, K 491, K8132, TWLB, H33SK, T914W, F101B, HBST, M133A, AQE, HLBU, YBLBW, U161V, B 234, A66RA, XAKN, BRGBO, A463P, FSTK, E 532, TSER, XT263, N 24D, LRH, B6523, N2947, F590A, TOB, T894A, BNDM, F845A, H32SU, R 16N, N 72C, HSCI, D1110, K154S, MPFR, N 24B, AEL N, L7161, W5782, M614A, E942Y, HHGH, N 39B, D5048, BPW, HND, LL  T, DGT, LBTA, E927F, T 82A, N  3C, L2944, RMR G, BSFD, A428S, H533L, D6254, W 634, SJF, MALD, L5123, DHFR, RSPN, MMNG, UUZA, XA 12, FLGF, EKAM, K433A, EDOBZ, BWPO, WRK, EBP, HH91L, M643A, N  2L, E 146, F796A, KKANP, TNX, T 41A, N 76A, W5294, DZT, TFST, R 20W, H22UE, EMUD, N 69C, ESDB, K0220, W 157, D 947, N 15B, HHBI, U2028, W5882, M 613, E941D, H147C, RFHE, LSVS, NDN, KN  W, HLRI, H45SD, YTTSE, S 9SK, L141W, RM, RM  O, FRFHW, KFWH, EVDU, EEHH, A324, WBRH, M 620, E 312, FIST, F472B, E907G, R326G, E914K, W 113, TGL, K008L, A084K, FAHM, H103E, N 56D, K016D, WKRP, NFIH, F201A, EOTN, K6203, F004B, BPOT, MLR O, SBOG, WLI, E 4SK, BCSO, A550K, H957U, M  18, FKOS, E 917, F026C, TRE, A1776, M 592, M 524, E6623, K138B, FMHO, LKB, H91BL, N 59A, F034B, LJL, B7415, TKIE, A730W, H205B, M440, E 778, F006D, FFD, M 246, T106L, M457A, KKOL, KKOLN, B8525, F210B, N 927, U894B, K 415, H894L, HQEB, MTS, BPFB, ABGL, RBB, FFLU, MHMR, M 535, BXF, N 74F, K023E, BSST, WMD, M111F, NND, ELRN, BDL, FDOH, WSR, WPSG, E513B, A537K, BMZD, H194H, F052B, TKI, A906A, M 520, T291P, H438S, T421P, U 019, H52NL, MGRB, HS958, K 924, B6109, T119P, B1206, N 53C, A388T, LB805, LQMO, WWSF, H351E, W3390, FEDI, L7013, M165U, ERFE, A473F, KHERN, D 772, N 23M, S014E, R1587, NOK, F210A, E665Y, H64RN, HQLS, B 161, MAFE, HB, XTD, AA112, MGH, RMU, BSE N, KDA, KDFFH, M419A, KEIT, WSGN, M 671, NSDF, FVLS, M263A, F011A, BAKW, HSVG, L7894, T252V, H638A, KNOKA, F043B, U5011, M515A, NLD, AHST, FKO, F786A, R2121, K1041, WZS, E 713, LQGG, M 254, F036D, LDA, K063A, W 117, T436S, N 11B, D  36, W 044, XTDP, DGZ, RXBR, KDBE, FMB O, MKUN, M 403, T102T, NHAL, RN  O, KROS, EOHT, RSZN, BBK, M 614, TK  N, FGKA, F277A, E 363, NMOT, BQER, HD  F, FSI, FNWF, BKOW, NLWI, A427E, USHM, E 741, F131A, N 23D, E981A, LHZ, F130A, DRAT, TRUT, KQAU, H220B, LMKS, LBRN, W5183, H639L, L1923, FH  N, KKM, KKM B, H21VO, MVS, A976A, A71BB, HKUR, U2546, E958B, MMAR, MNA, F273A, BHC, E 352, NZG, BQAS, FAL, E 905, F599B, LLA, R358K, M112A, E 691, K069A, TB, LWF, B6409, T 40O, RLI, A51BA, K 2KA, F829B, D1104, B1113, H31BM, H02EN, HBHK, A385T, HGAR, L  40, DCD, UQHE, N 985, SPOM, W3186, A590T, M 512, B 705, H31NE, B 133, L4417, MFH, M441, RNB, U0319, FMB N, MSMS, MAHZH, RMLB, BZOO, L4368, AHZH, EWGO, F476A, B123, K350A, FZEP, E 095, NEC, A477W, MGB, F289A, LHG Y, A131W, D6273, HGUE, U2138, W6486, E952D, R 81F, MHT, MN  M, RFWI, L6114, MNM, NSIN, EDAT, K025D, WRIO, MHRS, T302T, EEBS, BAS, AHRF, NLP, F103G, TBFS, FBST, F824A, WV, E6510, A707V, N 53E, B6415, LHM, R2216, H650K, HO  S, E 986, F197A, TGFD, B4013, T788A, DKOT, TKU, H63UE, R 35N, KKDZB, H243H, N 21C, W5084, SKAZ, MEBS, FONH, RKLR, KKHR, H233S, N 64A, M 685, NNR A, BFRS, NBD, ESMG, B9803, BSAM, UJP, R4521, BADS, E 30O, A505J, LZBN, M 220, E 607, F171C, FKEI, A903B, KLMH, K041A, B6021, K8010, TRO, AFIB, H439L, T601M, N  2B, MPUL, N205B, RRL, FKWNB, TRCB, BPZ, H170U, N 52E, HSF, USK, F840A, ADST, NARN, UUZ, BBRS, U0681, A510H, W3796, FFN, F838A, E3051, FHAG, N 794, A694B, R956H, K 483, E 475, F546B, WPRA, N  2Q, A750H, LAF, W053, M113C, E 682, FB  O, K402O, FME, W9704, T403S, KEM, K 145, F027E, H90CH, T 11A, KUN, N 48B, K 325, U 892, H65EP, LF  U, AK  O, MMB, H941P, NFUB, UAP, EERI, F014A, BASS, BMIP, WGRG, U7050, AHSB, F174A, E22SO, K401A, RRZU, FMST, L2594, F346B, E3361, N 786, TOBB, EHEOV, R1289, M 645, E3368, H55BM, F202A, U 193, K003R, M 139, H104V, HV, YLHSN, HBS, K  1H, H011A, M 236, B 238, NOZ, H175S, D6513, H181P, STS, T370V, XN613, MPM, MSWN, M 324, S 8KN, H154M, EDFM, KRHB, NK, EMRW, WBDN, N904A, FFH, F009E, B6022, E9269, TESU, H43KB, F105B, RKEU, HHEG, U 192, M135A, H176S, AQM G, HROR, YBLLZ, H71L, A361W, KDGE, HWTH, SKLS, S10SK, NHM, F220A, KBB, EDEF, KKRX, BFS, MGIF, K2719, EDME, NVE, TSUH, F007B, K023A, R6315, F577A, K5040, BBE, U 748, A512H, N 42D, E6550, F313A, M 901, E547H, H12BA, K002A, K7800, LWLS, H61EA, T524R, M  99, H95WV, RQLC, K 660, H74M, R321M, KDOB, HBDE, L2498, M 429, S27BS, NED, F223C, KKOW, E567H, EEDO, KSTA, A336, BRSF, M 619, NWA, NEFU, F517B, BBSD, E 4KM, F874A, FBEF, B5021, E54B, E 134, M207C, E8415, N 120, B6304, FBOK, D934W, M 36A, E21A, LEG, N 355, R703M, M209B, E 67, K064H, TUA, LBZ, A045A, T103F, FBUD, K  1K, H554G, B5213, RWRZ, A363S, HSHG, L7268, B 517, ANWF, R256O, W3488, RWG, BCHB, BGD N, EDMB, WBZ, M 607, FKBWO, E 313, WMW, F463A, FKRL, R226G, E 997, F970A, TLH, LGZ, A072K, FOHF, KKE F, K951B, D 604, B5424, N 901, A392T, ERDW, LB905, E5004, H06OL, W3387, NRHF, YBLWG, H166P, SPF, HXB, MESG, MXSZ, FNRO, MLAW, M 296, S 2SB, BGHO, WPAU, SSR O, FHF, B6015, WNL, E 329, E 103, F473A, N 119, FGTH, NRTM, LRE, R327L, M222A, E 438, LTC, R 30K, M118B, E 992, K033A, TPF, LMS, A042K, RBOB, H22OV, K 42R, B5422, N 207, A400B, SKG, TH  S, H12HM, W3284, H102H, E7542, E 515, M157U, EOS U, H4157, D 776, A44BO, L5526, ALTK, SDLK, HSYK, N 29D, H4048, L3921, EPRN, S029F, R3874, SEG N, M122A, FFS A, F010D, BBST, A458H, NAWN, E 715, F820A, TLU, XT181, N  1M, E2334, LZS, B6734, F290A, KKANO, D7741, M160U, HMSU, A481S, EAHLG, KRY G, H4158, M 52B, ENBMP, R3879, S012E, NOB, A425S, E 747, HBHID, M424A, F134B, DOG, TMAL, LKTU, K108L, A027A, T110F, W 93, N 32B, H163B, DAMD, B5224, RO  N, H33NN, N 983, L7277, K1159, LQRW, AWI, H24BO, LRAI, W3582, RBRR, A115K, HDIP, KDVS, N  5D, H3829, L2905, M 245, T141L, M 459, B 101, KHES, H64PM, B1324, F109B, N 352, U 895, K263S, H884L, MTO, BPFA, EGBU, FGERO, MAHB, YHFGH, F012A, T414M, A1602, RRE, TSP, T 61A, N 351, W3794, DNZ, TV, H913S, R 21W, H14EG, N 421, YEHHK, D6587, W 155, D 793, AHOR, B8416, LHG D, N  5B, A83BB, HHKF, DZWK, U2030, M609A, E961A, RFG, L9315, NBE, U2511, EHM, N 67C, K021D, WSBN, MAUG, W5187, KDBWN, H884H, T 41O, L2629, L1944, EXEM, AHSH, H01OB, MGDF, LK  C, SGD, E934H, MUSM, ESIE, DRKA, MABG, EHGVW, EBTB, K029E, E0528, EDOP, H208L, ELPPG, EDKR, S050A, R3875, FFO G, F552A, T614M, A464T, UME, FBA, E 524, XT264, AWHOD, E922A, LMAR, B6522, N2946, M674A, N  1O, F493B, TGR, T895A, NAUG, DRBA, H34SU, R 15N, KOL G, A075N, H03NE, N 30A, HNDF, L1940, H212L, MBAI, RHBW, LDST, A021R, SRE, EBRO, T 556, RB, S 845, K2819, DDZ, H3714, MGKF, L2973, H683M, F073A, R3872, FB44, B 228, M123A, FQKL, K0401, ELOT, F524A, EUN, N172A, S047C, F206E, H915S, FGE, F426A, D571P, LHNI, B8733, M199A, M   6, E 756, F061D, FHNB, M 517, KDD N, T242P, K004D, TSUD, LMSA, H44DS, T427P, U 293, H34HE, HQBO, MFK, HBRS, HBHM, XTDN, DCU, E753D, MODU, AKS, F919A, E526G, A720V, B7420, A527O, M 102, E 843, F015D, E803, T266L, M 476, K 816, H52MB, T 44H, RLBP, B8528, N 67A, U 596, KKBL, H118A, MHAU, HQFR, HSUB, HLUE, D1112, FH  S, K152S, H210S, R106R, MRA, M 612, W5783, E932H, N 601, D5045, NROB, BSN A, R239F, N 57D, K015E, WLDO, NNGR, FKR T, K6204, ESOT, F005A, BSAT, MLR W, FNU, F682B, WSAG, M  65, H004G, S008D, R1582, D 483, H5551, NMIM, MSEH, F718A, A416L, NMS, UET, K011K, E 885, F754B, TMAG, H11R, KHOL, W5195, LLMK, K 909, E926P, DPRW, T130P, L2943, BWD, F102B, KLKH, FFU W, MDID, RBRU, M416A, T611V, BGK N, RNBO, ESI, RBBL, BBAI, M 668, TK  S, E545L, FNRW, F244A, BDR, WP, NDI, M 309, E938E, F455A, MESH, KKWW, KWL, BWUG, YDFNR, T154M, KDDP, EEM, U5018, M 527, ABAF, F003D, FWFG, F282A, BWK, WFDF, E 712, WRP, HEDA, M 262, E9266, LALT, R840O, FNI S, K165A, K0751, A520J, M  21, FSWF, E 916, TRES, EIAW, A1778, M 633, E2621, K974B, LJR, N 53B, B1220, F208B, E662X, H72ER, R 14L, HQLO, MKL, B 262, HBAW, B  14, R733M, MEI, RMS, BSE B, FTM, KDRM, FFU G, MFHD, EGST, A91NE, ETIE, EKGS, F042B, U5012, M514A, FDET, F787A, R2122, K1037, WKB, E 716, F039C, EBLAO, LDH, K163A, W 118, K7704, T434S, KKN F, N 10B, D6592, M 511, B 703, H13WP, SDHG, A468S, L4528, R243S, R 18R, M110A, K077A, K 911, TMT, BPAFS, FWORE, T 23O, HLRS, RGE, YKKEZ, A395H, HNE, T423P, D  40, WSMI, N 27C, DQGZ, ALUB, SPDR, B6949, R844O, W3195, RKBA, A566S, H41HE, N 18B, TBE, H16HW, T433S, A513G, FURBS, D6584, K0748, H626N, DOH, B2124, SQBU, R623M, H06FE, H2807, RHAS, U0101, L4194, HHN, HBNB, M421A, SSR M, F204C, KMES, EVWT, H91LM, EEHT, A319, WKJ, M 618, NFBB, THB R, FFBK, F241A, E 148, E 834, LNW H, FA156, KKP, R357K, M112B, K034A, TMAU, B6305, R206M, A052K, RLUR, N  9A, RL  V, A45KB, EHRBO, E963W, FM373, E 472, FLIB, AR125, N  1P, E973A, LBGK, B6728, M207B, R 21G, E802C, KN  O, A402H, T774A, H916S, B3111, DGLA, L5413, TKF, TM  S, FSGH, F102A, H131U, K 696, AMUE, B3113, MBEF, N 604, E0303, L8815, L6395, EEBE, M 545, NTRU, FSLB, F029A, WE, UWAL, E 20, TEC, EDUI, N 892, R341K, M314B, F615B, W5290, K2433, HIMS, DFBS, H909P, NWG, FQGT, FKY, E 696, A119S, NCR, WRPG, E 733, FA175, HOYGA, R348K, M268A, K098D, TIP, L2741, T195P, KAND, W5792, N 32A, K2235, HOBJ, LSDW, H971S, HEGT, L2908, K177H, H22DB, MUH, A043O, K 4KA, D1105, B1212, RSDG, H04EN, KV  G, N 34B, HESD, A387T, L  39, UQWA, MFHU, A690S, STK, W3185, A592T, TTWG, HMEP, EBILP, FAS, MDIF, L7541, A512E, L0132, S018E, WRSB, H5150, SKU B, H11BD, M212A, BBSH, D6281, W 631, SHN, RBA C, MISD, ESW, L3322, RNMA, MERN, U2852, KAW G, ENOB, K432A, WBE, M 543, EEFO, F711B, BHFW, E545H, A723H, B7314, LTA, H203B, HL  G, M442, E 772, F019A, N 71C, HEMP, RDUN, FWWN, L2903, H03BS, MFM, HESR, A071B, W 607, SGB, MP  P, RBKR, DNSH, TRNF, L1921, RO  S, NFTM, KRYO, EHRBT, K366A, FE49, F537A, EDSN, F107A, KKERW, BBOD, UGBB, RMSM, SLB, SDLAF, EMEK, T 262, RHL, DR  V, K2407, EHGK, H3603, L2950, FD  G, H254N, EDWI, B2211, F299A, FB54, UGT, FQIH, E0948, F232A, BWNG, UGHS, F776A, E 543, A224B, N 22F, E104G, A766N, LPT, W6496, M202B, TSRO, A410H, T391F, MOP A, FGB, F816A, BCO, E 21, F005D, TEME, N912C, N 711, W3786, HCAL, H634A, LHS D, B2087, B6945, R 43O, H219D, A084B, W 652, AOW, SLWR, MANY, N203B, EA, AHDG, MEGM, LSTL, RBRW, U0320, FWO B, MUHN, MAHZF, RAPP, RMHH, AKHD, KKS, F477A, BBKB, NOH, YMTBC, E 094, A110A, NGUF, H06EH, USOL, E 31H, TGW, R3751, M259A, E103I, LL  P, K028L, DRK, TWL, LKK, UQAR, N 956, HH  P, HBHL, S 5AA, N 160, HDRB, SWL, KWSO, MMEG, M 536, HZWI, T232V, L7695, NHI, KLOC, F054B, BTHR, ALST, NMEI, FHD, F784A, RMXU, K5033, M901A, E 705, WQNL, M 591, KG  A, TEU, H21EU, KBRB, N 40B, F094A, HEMK, K 318, LBRP, H292L, N  9C, HNO, F928B, SFF, M638A, H711J, MFAS, RFH, BBAE, FBU, TBFA, URS, EHRBE, K135C, TBIF, WMIS, EDOF, UEG, FLG, F040B, E933E, A736W, B8811, TC, E 814, F023D, K 104, FMR, ERWH, W9703, T374S, M 444, K 402, E48 2, T470B, N 25B, K204A, U 591, K 285, M 445, W3187, M 124, E801A, F007C, KDW, LRB, M 507, FIDS, TSWA, LSEE, H22SL, T414S, U 012, M 120, H993S, LBWU, HBMG, BSS O, KRAW, WWRN, ESYB, YFKST, RRK, T151M, M 252, F037C, N 152, R901O, M124B, EKT, EKT G, K060A, W 115, BL, T438S, H01OK, N 412, KKN P, D 774, THAG, M572A, B 704, H35NE, FWER, A490B, ALBGN, L3922, AEF, MGIB, RACH, U0317, EHGI, FKCH, BCKW, E863M, A503J, LHFT, W3095, H195B, E2625, N 14C, F117B, FMBA, TWER, N 53F, A505B, M 697, K0959, LOB, H11RL, T933W, B1216, HVEC, H405A, H805L, H3818, HFLL, U221V, SBS, A065A, MLW, A107S, H62GW, SSWD, RLH, MGE, HNTM, SXIG, KBEG, T175P, L7692, NJB, KDOA, K2720, AQEG, R6220, F774A, K1034, H15GG, E111H, WQKW, H90BN, HEVA, M 240, KKN E, EMIL, R2001, TM  N, F291A, A171H, NSB, M 274, E904L, F316A, YBBMZ, R 33R, M105B, E903P, K168A, TBEN, H15WU, T 53H, A052A, D6572, DFL, F254A, DGN, LQHB, B1083, SWIH, B7059, MRN, F087A, H46C, RROL, E921L, B3921, BGD R, N 441, RGZG, EBUS, F004A, NZ, FLS, U2413, E 789, UNDO, FHMD, HBHNH, EBOE, R1589, M257C, E915I, DD, TFE, RGM, KER, WSEI, S 20E, MGZB, HESH, S 1HN, A48HE, RGZA, R686H, EESA, A312, WL, MSAF, WPS, E 546, M 363, FLHN, F732B, FKIH, LUEB, R519G, FMBB, K071L, TMOE, LKE, B6840, R613M, A083A, FBOD, F030C, FWZN, L8221, K054A, K7715, TNO, M622A, LNS, H04KO, T813S, B703, A6822, H61NR, T172P, L3223, MSH, A421A, MMTG, M 286, L2019, B3713, KB, H100B, H2818, MFA, U0208, K 627, HABZ, RHEB, L4394, RRAS, HOR O, MBID, M406A, FFS, A137D, E 944, F167B, BJUF, M272B, E 14H, K029H, LGB, W 042, KKO, BWUS, BWUSN, HK, DSRH, BGSBS, EWIN, N 49B, TRXS, F774B, L1920, K178H, A705V, H540L, MWM, LMR F, A031S, RHKM, SSO, HNAH, T 675, RRIE, S 846, K2408, H3715, L2942, EAML, M 537, EMAN, F072A, R1593, H888V, K  43, DHGW, BGH M, H15SE, B8408, R 46K, H124E, A366S, HGOF, L 244, A305B, H11MH, MSN, LSBG, W3382, L7016, M 672, A466M, EDRS, N  6E, H4045, L5885, F101D, KE, EMSTP, HEDN, F026A, BSHA, WA, E 602, UWIR, F089B, R 30L, E 100, K077L, TEN, T150P, KSAL, N 54A, HGOD, FSWS, BPOF, R357O, T1613, HKL, L904S, LDBA, K022R, KNOKC, LNN, H2014, W5486, N 24A, K2817, L6012, H41GS, HMDD, L2975, W 214, M165G, H02DK, R 49R, MHOB, A571S, SDLAP, EHLT, N 20B, D6579, FSTL, AHBG, L1941, XA 22, H578E, EDKO, WEV, SBIW, B 206, K2913, ENON, F527A, WSE, NGOD, RLUE, E 478, FM371, FHFG, N  2M, E988, LROI, B6411, R  5R, AALM, M209A, E802D, TEHN, HHRG, T779A, KGS, TGRS, L5423, H137U, N 462, HHM, UBT, K155P, AAH A, H213K, FNFS, W5584, SSER, S022G, R3319, YMMOL, M 75A, NFT, FGSM, F518A, BLN, A447K, E 402, F040C, TSM, N 25H, LCZ, M429B, T376V, EQRU, DSO, TNW, LLG, N655A, T698B, N 117, W5283, E822B, H668E, SEF, EBSU, AHBIU, H21OB, B1188, ABVS, A751N, R432F, W3684, RBSK, A407H, A110B, RBRM, S 875, K2820, R556L, H3827, L2933, RBA A, M 583, KJUC, EDSO, S002G, R3878, E 31M, EPRL, NMT, BFL, FUT, E 494, BACO, E5534, EHAN, FBAU, E 503, F533B, AB113, N 27E, A755N, LNF, ROG E, W074, M172A, HM  G, E 244, F037D, T410S, M 417, K 632, DAZ, H767E, N 21A, H005A, U2543, K 348, H647M, HHWD, L1834, F795A, L244W, AGST, MFR, KDEM, T503M, HBDDN, KDUK, M 571, NNA, TM  K, NNEG, F252A, BSEO, E 584, A172L, NNB, M 277, E903L, F315A, FBSD, RLSM, M 693, R 32R, M106A, E112O, K071D, TFG, T 54H, A062R, N 60D, BBKN, TMAI, H13AB, K152A, K7811, M621A, T823S, B702, N 44B, D 100, M117A, H73RE, T156P, AWHOM, A116R, HGBW, ML, AHOT, FROL, KKSM, L2020, B3724, L116W, H02BB, MAY, LLW V, MRG, A563R, MADS, SDLOC, EBUD, RKES, ENCH, K2718, RBOA, L1946, F056A, B 105, UWAR, FKWK, E1409, M151U, EHBM, RLCH, E 521, A213B, N  2T, LZA, A757N, FFRL, F036E, E3046, FDIE, N 26H, A517B, R955H, M 663, K 383, TAF, H41KB, T911W, F103A, HWWI, M132A, H178S, AQM, HNBG, H171L, A60RA, FHOEG, M107B, KAREG, E 5O, K072D, TGAW, HLOA, T 18O, RRZH, A364H, D6761, T132P, DCM, AS, B7058, H04IL, KNL N, A554R, RNM, U0212, HODU, L8818, R 30B, E0402, KBM, SSR G, WSEE, E 303, NRTL, HBHSK, E 949, F090B, NSIH, R 27L, M223B, E104I, TGES, K078H, T131P, FOBW, KKANW, BRGBT, N 41B, DWA, BWP, BWP G, B5223, R260F, H121E, F038D, ESHM, A418H, T 51F, KFO, YFFNL, DRB, H05CG, R 24K, KVA, F074B, K 732, U2542, LSFD, H643B, MUS, N 56C, HGZW, F925A, M633A, MEC, A02WL, KHAN, WSLT, BFP, WVE, NERB, HWIS, S12SK, NRZ, F123A, KMD, EMRS, A326, M 622, E 311, FWOD, F473B, FGX, E906S, R125K, E 995, F613A, W 111, K009H, TWX, LNW S, LGOE, A082K, FMET, K 905, T117P, D 603, B1106, AM  N, TEZLF, EEKN, MHSU, FFO U, B9306, WCOK, A140D, UBK, FBZ, E 26, TGO, M312A, E 351, F969A, N 11A, W5386, K2823, H402G, HHOL, L2923, M 42B, HEBGO, MOR, N 54C, LRAD, K182H, R505F, A133H, RBR, L5115, ALTH, HOSC, A920B, RSCH, D6767, S8176, H3931, L2922, M 586, RBAS, H538L, BWKO, KDO, E908G, EDWH, S056C, R1588, WWT, KKTR, UKA, F561A, H16HI, E135L, LWAN, W3090, A546R, M 217, HGIF, N898A, A1777, H974U, KBR G, KBMW, NFTO, A069F, H01WH, N  45, KKSA, K 481, H304A, M605A, H211B, KWST, HHMS, U152V, SWIN, RLRS, N 984, A390T, EGLO, LA806, E5201, H354E, W3389, F692A, BGUN, LMEU, M162U, A472S, EEDT, KLDA, N  7B, H4163, NPL, ENBMG, EBGZ, S013E, R3314, NBUT, FWS, A587L, HORX, BCS Z, SILG, MHMO, N 41D, RML, EPLT, L1930, EHRBZ, K480A, TSEP, FE41, WRHP, UMS, E1005, EFMK, UEI, UEI G, RKIG, E 481, FH364, N 22C, KG  C, LNM, W055, A747H, M154A, NU, H3192, FMES, E 504, FL364, BZIG, XT217, B6418, R241S, E 579, F291B, H304B, BQOD, T891A, DSTT, H52UK, RNFL, N  1K, H240F, MKI, LHAL, N  6C, W5685, E933S, SEN, MBHA, FEGWS, N 411, RLR G, B6842, MGLD, MAHU, BPM, S803S, MDIL, M 331, HBTH, S 2KN, KHBR, RMAX, N 13E, ESRTF, M449A, FSINO, F016B, UEG B, NFIN, M  10, HBR P, E8418, N102B, FTS, E642, LKLI, N 354, R 21M, M206A, A422L, NDB, UGRU, E 753, HBHWT, E972A, LHZW, F037E, TRX, DWH, H221R, LGL, W5191, HBI, HBI F, L2631, L1924, AHSO, H23VO, A576W, MHR, A082H, SBA, E 243, F032E, TSW, N 38D, W9404, T407S, M253A, B  10, K  42, H82HG, KLEU, B7815, U 898, K 733, E566V, H82SS, N 416, HHUD, L1838, BEGN, WGF, M 686, H931P, KMBO, F116A, BWUE, A346, KFNW, M 606, NSLI, BAD, E 614, E 831, F944B, LWPN, R 31K, M114B, K038E, TNHO, KSIU, E522D, LOL, A036K, R201M, RLO, N 12B, A21NR, K 140, D 951, B5411, N 49A, A395S, F592B, L  32, K107P, E 52, K065D, TLO, RUOM, LBU, B6836, R  3M, A051A, FMS, N 37A, K 31B, H34NN, B5244, T317C, N773A, A371L, L7274, B 502, RBTI, AHOG, A722V, LRG, LRG O, W3492, MOTF, A598S, RFTL, EDLS, L3314, T943W, HGA, ASTT, H904L, NAH G, MNPS, ESIG, KLD, EHGVO, EGBW, K030G, USB, EDK, E0527, ARES, NHOE, FBUP, F928A, M 580, E525L, A711W, B7418, TU  B, M 109, E833A, F014D, M 478, K 818, H46BK, T 43H, BBKR, NVIB, KOPL, KWER, U5222, NHIS, TSZAH, UDG, K028I, R4514, F542A, BHDF, U 843, EHAT, EHTM, B7319, A543A, M 229, F524B, KDN P, K045A, K8006, TND, LMW, T541M, N   7, HFST, D1133, H017A, M 405, HAAK, N 109, W3780, LLN, F596A, DWU, E928P, H637A, N 31C, RHIO, L2964, H541L, LKS, A100L, D6252, HVAH, W 636, SSZ, MANH, MOP L, M 204, U7113, NROS, U2958, EDST, WRMB, N  4P, H0146, NRA, L4225, H102B, KDN G, M 72A, EDEV, S026F, R3761, SEG S, F014E, F675A, FLON, F713A, EBHM, BHB, MKFS, EHGGB, NRAH, A453H, UWTH, E 744, F036C, N  2N, E2333, LLMO, HLGF, DCW, DCW B, T682B, N 20A, W5383, TQUF, DMT, B8526, KMO, KMO G, N  9B, AAHR, H119A, HQOE, MPI, HLBR, R829O, MPE, KSWE, F192A, T156M, A32OR, EWRN, EWRNA, BDDF, M 528, AAS, F004D, TPT, H111E, HHTM, YLHAE, R 25F, MGF, B1189, FJUE, MWDF, M 321, M416, S 1KN, EDDPT, KKOB, NSI, RL  S, KNRC, FNJ, E 139, M 213, E 901, N 126, B6263, FABL, M 33A, EEZK, LKYA, R 42N, M211B, FKNZ, N973A, H123U, KBOI, N 61D, WGOH, EBEH, F011B, TBF, TBF S, U7062, K2725, L8013, E534W, A501J, RRZD, E 114, N 780, F340A, KMEZ, TME, LLAN, A504A, H965U, M 637, E3359, K 135, F814A, RLRD, LGO, H04GC, D6594, YHELH, D 808, H925N, N 37C, F104A, A93DE, BABO, U2031, W6083, E953B, T 44O, M617A, NSF, E912K, H274B, KKLE, EHERT, EPK, K118C, WKV, ANEB, FBOF, K973B, BNAU, B3311, NOBS, AHAB, F203B, F287A, WJK, E 711, A166B, LSP, M 263, LHW, E9267, FMFH, LMAU, R841O, M103B, KBAG, FNIU, K064A, LGAU, H18HW, T293H, A511G, D6583, H633M, DML, E051H, B2123, SQI, R614M, H22OF, H2823, RNEZ, E 47, K113N, A035A, T106F, FGAL, DCKI, H551G, B5101, HWUN, L7271, K1153, AMA, H22HH, LRVB, W3486, A597S, FKIZ, L5512, NQMO, HDRE, DWBZ, KDFL, N 23L, H3721, L3229, SLF, W3291, A034O, RKF, BRGBA, FHWD, HBSR, H4052, YLLEW, RBA G, H003G, EBTS, S003C, R3865, MP  N, BBDW, KAU, A412D, URD, FM391, E 863, F837A, HRWA, E8521, H916W, FGHM, F813B, WLDF, D242P, B7144, A507J, M  3B, F064C, E 773, FLIH, LBWE, B3717, M 514, K 492, FFLF, TJM, K106A, H02HW, T430P, N 33B, HBNS, U 020, H61WS, T421M, AQSA, MLEU, N 966, HBWA, DWND, B2125, U0102, FG  B, MDT, EBRAH, L4273, EEKS, BBRN, NEL, YKMBE, A120H, NDOE, E 953, F171B, TSD, ENHA, R347K, HSUH, E 954, TPH, K073L, LDS, T194P, F109C, H121D, KSOM, M  14, R1596, EDWK, F006B, EHGGW, A462H, UN  A, E 542, F824B, XT164, N  2R, LWO, M644A, E 964, F592A, TTH, T896A, F844A, D1111, H26UE, R 12N, N 71D, HBHE, D1161, D 573, N  19, K136D, BAWF, N442A, BSFL, UEEL, H3392, FDA, F036B, A732W, TET S, B7417, H206B, HLBL, E 796, M250A, W9401, T243L, M 455, KDRH, BSPDW, H82BP, T 92H, B8517, K111A, N 928, U 896, K 450, AE  F, H70SD, MSGD, AON, MIH, W5472, F543B, KHI, FWO A, M 422, T251V, BHDO, F367A, EWES, RLRW, BWG, E801B, NPU, MKIG, FKWNA, F295D, BBO, E 353, NRB, BQGA, A183W, M 281, FSN, E 821, WDRE, KKE M, R 20K, KBRO, W5895, HEST, HFRI, K2629, LKAN, H963R, SDLH, HWSN, L2916, K174R, H02TD, MFG, A553S, RMR K, UVIU, SHO, SDLAR, EABT, N101E, REI, DR, DR  R, K2204, FSHF, L2914, H3605, NWR A, F298A, B 13, FB144, B 129, FQBA, L5125, W5884, M607A, E964B, M836B, RGDN, D5266, FG  A, NET, NRPF, N  78, K117C, BAG W, M115C, F699A, K6201, EWER, F002C, BMQU, FWI, WSAM, E493R, BMZA, A533R, M  16, FMLA, E 643, F048A, TREB, LMA, A922A, M 522, T262P, K 134, WGRA, F204A, R312F, U 011, B3719, E116M, M233B, B9201, F524W, B 157, AQMD, HBDV, H92WD, B 802, RBIE, KANM, XAML, FLAE, L2492, F003C, EAHLH, KGVK, M 432, T304T, KKAS, KKASS, S34BS, NBG, YLLCI, H537L, HUTB, D6253, DZW C, W 633, SDUW, MOP H, RP, U7111, U2857, FNF, FNF N, EDKU, K434A, WWBO, FDILS, F843B, NNMV, BHOW, H3393, F025B, A725H, B7416, TK  O, H208B, EHOR, E5973, M154U, UGHO, E 535, F777A, A222B, N  3H, LW, W6397, U0323, M202A, TSNS, T387F, DRBZ, TRBG, H15GE, T 75V, KOL, F018A, K326E, A538L, LMF, H291S, MPR, HKSI, F926B, M637A, SBE, MFE, DN  A, H467L, N 22A, H56NL, T544P, HH957, AM  O, XTDZ, EE  U, RXBA, F086A, BSE W, HHRN, EDMO, H308A, M415A, KDAT, EWANB, WSS, LB915, D6571, KST G, F260A, A493R, D1115, LLVD, DCSI, B7056, R132K, H12WM, U0209, K 623, RBNB, L4395, W3694, M 67A, EOS B, M 546, NGUG, HLBA, E 792, F005C, EOS G, M249A, W9412, T548L, AK, AMRO, M 456, BSPDO, K 303, B8519, K212A, K 449, U 792, H992A, A5986, MSBD, N 973, HGGLO, BCSS, SSBA, A193H, RFO, TPHG, KWZ, MMAG, HKHF, YFNLM, RNS, BWURO, KLEL, BLH, F188B, WB, FBT, EDBG, BPDC, UUS, FRA, BKOS, E617L, A536L, W3094, LER, H193B, HGRN, M 212, E2624, N 11F, F118B, WSBA, A503B, M 656, M1A, FFGI, F274A, E 367, NNAN, BQBU, FEHR, F597B, E 904, LWI, R  2R, M111C, E992N, K068A, LHBK, B6307, T 33O, RSP, KKERG, A063A, D1106, L8387, H974R, B2224, RSDS, HELH, L  61, UQBK, E924H, A136S, FGL, E 652, F165B, M311A, E 13H, F972A, H2013, W5484, N 422, K2240, L6013, HSPR, L2951, W 212, M  63, R 53R, MOBR, A581L, N  4E, RAUG, DPI G, TTU, F010A, BKH, L7793, T234V, H006B, KWEB, EWFK, F055C, BLF, M516A, ADT, NMB, FBMR, F785A, RK, RK  A, K1045, WSOE, BEB, E 706, M 253, F034D, K160A, W 116, T439S, LSHH, HEHB, D  37, W 043, M571A, B 706, H33NE, K0950, A074W, H07HR, T934W, B1218, H117A, ABCHG, M408A, H803L, H3879, HLAD, U112V, KKANE, SNE, A059A, MLO, KHO, D6951, S 19E, MNFG, M 332, HHTL, A44EL, R685H, F119A, ESTR, EESD, BGA, WKWA, AKC, W3189, A586T, HDOP, EBLAB, L8811, MAHN, LFLU, A6820, M 534, SKU N, FWIR, F821A, URIE, E 641, F011F, TEZL, TTUS, L1938, AWLG, WLH, FBRT, UEIS, EGRA, E1433, FZW, E 501, F544B, WKUM, BBI N, ABAW, N 23G, A760N, W056, LOEH, E 36, F035E, K019L, W9206, T408S, M 420, H817M, TSNR, TSNRE, N954A, HBR F, HRTH, B1128, A488B, ALBGG, L3911, RQRI, H2812, MUG, RDL, U0318, MBGH, M 258, NER G, RMZ, EBUH, E922G, BWS, F475A, NEE, K360A, U2423, H302A, E 528, F066C, FSTA, LRF, R518G, E 270, K093L, TBB, LGN, B6837, R624M, A081A, FML, N 33A, S453F, K 141, H13SE, H126E, N775A, A364S, HOY, L 245, B2126, TMRO, A306H, H01GM, W3495, A500B, L3317, LMUA, M410B, F610B, T1632, DHDG, HBLG, KASZ, W5182, K2436, HMRS, TCFL, N 208, HBNT, L1931, B6948, R 42O, H01DT, MJK, W 653, K 714, MPG, RFSG, EFP, TSPM, MNFR, L1906, EHRBN, R928O, MPF, MAWB, RES, WVR, KKSH, F004E, T157M, KLAB, SBAG, E2340, BFHS, WMOI, M 555, HEMA, F248A, HSR W, A168B, M 267, E923L, FHC, LGE, R 36R, E907P, K167A, E 799, NSY, H07HE, E 32, F351A, M258A, HU, HU  G, E 421, K100D, TSSM, DH, LCW, W 041, T171P, KKOM, N 42A, HLEEA, HEB, BGBW, H07NE, N 461, TMIU, L1932, K175G, D6846, B1130, H544L, MBRM, LGOSW, FMBG, SSU, A467M, EMES, N  4O, H0145, F212A, HEM, EDHK, S023F, R1595, BBIKW, M 74A, FRDH, F517A, BLB, A450E, UR  G, E 748, F039B, N 23F, E29A, LACF, T 77V, DSMI, N654A, T683B, N 118, W5285, TLAF, H766C, EGZO, K363A, TERW, UFT, EBAU, BOR, WWR, F923A, A741H, B8812, E834A, F027C, FNK, K107K, W5401, T351S, AOHA, K 629, E48 6, H3881, T 31A, N 57B, K 245, M 446, A115S, KKE O, H11WH, LF  L, HN, HN  G, TKIM, KG  G, H25SH, T298H, A032O, D6577, DC, H203S, A415H, F153A, S8167, DEG, BQMZ, BLO A, E054R, AP, SHR, B7057, H2820, MMTL, M 839, U0105, H21FU, B2088, EWEF, MHOP, K 626, H174L, ELEN, T 676, S8145, K2405, L2949, H3716, EUK, F062B, R3864, B 210, ENTE, F525A, NWN, E 476, FL368, FHMM, N 24E, E980A, LBT, B6730, R  6R, M208B, YFMLH, E801D, T776A, KGN, DRO, TGLH, L5524, H135U, N 481, ALOF, H23HH, A479A, MAG, F259A, LHG W, D6274, U2135, W6487, E937S, MHAB, MN  L, M221A, NRPH, YBLWB, K017A, BAWS, WRSS, EEIB, BFKS, AHRS, NRCK, F104B, FHOR, R588L, SOTW, S 813, RKOR, ENV, FOO, H943P, AHO, KKR, L7699, K2416, NRTD, AHKS, H307A, R6216, F594A, BSKL, K5030, H11GG, R 12S, E113R, A548K, M 235, E533W, F026B, FLUT, L4374, EBOW, M407, YKMGN, FNMI, E016H, BJWO, E530W, A133D, UNA, E 945, EBST, YBBPO, M271A, TEZ, L2632, KROL, K2238, HSTF, LHME, H42SG, N  61, HHBO, L2952, DCHP, XTDVH, M 64A, K 177, AFRD, H211K, HHOY, W5483, STB, MGOI, RKN, WWI, BWKM, H234S, KRUM, EESOR, UKO, KURR, F639A, NMHW, F002F, UHR, BRO, U0652, LHO, W3795, LBW H, F915A, A714H, B7148, M 125, HJD, E 795, LDTZ, B2611, M 508, FCX, TSCH, LGND, H14LR, T559V, HLAN, U 014, M121B, H989S, HQR, HBL, DNM, B1125, MRBI, KDR, RXBH, ELPE, YHFJL, RAPK, D8323, E 441, FSON, R837O, KB  G, E906P, K067A, TBU, H26HS, T299H, N 12F, A022R, D6578, K165K, H109N, HBR M, F155A, S 867, A469S, E053H, DGL, APD, SFOE, B7060, H31OR, MGT, B1089, U0104, TMWG, EHGS, DGLG, MHRG, ELEC, NMST, M410C, YKMNO, E5895, BJW, EDIN, A122S, UWIP, E 943, F732A, TEF, H175B, TNF, K097L, NBWH, KSIZ, W5892, K2630, H665O, EBRB, N 60C, HKDF, L2936, M 66A, H24BT, MPEI, A561R, SNKW, EAPH, RIT, K2822, ELE, FFTA, R555L, H3602, L1949, F055A, B 111, E6742, M152U, EKSP, RHCH, E 523, AR123, N  4G, E944K, A764N, W6003, LBZG, RKRR, F045B, A416H, T 50F, DRBT, H11GE, KKOE, M636A, N 257, RRI, KIMI, NPA G, H114E, KRH, NAH A, N 55C, H902P, M714A, ULL, SEGO, EDSL, BFLZ, UBZ, FNDS, F223B, BHL, E 1SB, LHNZ, W3788, E2630, N 22H, F033D, FLSW, B2916, K8131, TSUE, H31SK, T921W, KKZO, F101A, HHAE, ABG G, M414B, H212B, HHAG, U141V, A72WR, MDO, F103F, RBWH, BRGBB, HLOT, TKO E, BMOA, L242W, NKUE, F107D, MMA A, EHOS, BKW, A322, TBH, K163P, N 175, E 309, WM  E, FCA, F482B, FNDW, E451, R325G, M151A, FVOE, E917H, F052D, W 112, K005F, THOF, RBRD, HBUG, A092K, FGUB, KKE B, N 490, B6110, K904B, DTH, D 628, BL  N, A386T, BQLA, H05LO, MSW, W3385, F693B, MFHW, RKW, L7011, AWR, M166U, A474S, EGRV, EOS E, N 25M, H3941, NSK, D 771, M 55A, KA, EDGM, S015F, R3421, NAD, F753B, BPA, A424S, UEO, E 743, F032C, TSN, L8334, E978, LLI, N 27F, F035F, DKOH, TLE, H801L, LMIZ, T389S, N912A, KHCH, W5185, K 613, DDE, TKAH, H635A, YEHLH, L1907, KKM A, H03BV, A577W, MBDH, LHS, A171R, U2544, E951B, H66OP, MRP, ERUD, NSL, L909S, KBA, EHGVS, EWSH, K031F, M115A, UND, FLHH, EBW, FLP, F927A, E523D, A718V, B7254, M 117, E821A, F012D, LNOB, B2411, M 503, K  76, FMOW, DCT, H42BK, T 41H, RBOE, N 74A, U 798, H815M, LD, LD  G, HOSS, TRA, R828O, MRS, BSTAB, F009A, T160M, KDZ, E2339, EEMP, M102A, WPDF, M 554, F285A, BORT, A165L, LH, M 265
Dead ends;AHS:ABTSB(SK), RLF:RGE(GL), EDG:EDHDO(KV), TOEW:TOE(GL), EFBU:EKIR(KV), KPHF:KKFS(GL), SGN:SILG(GL), EKG:EEWD(GL), EPD G:EPD(GL|SK), KRBE:KMILG(GL), RHAT:RHATA(KV), E1417:EWHL(KV), BLIA:BSE B(GL), TET N:THF(GL|KV|SK), E 913:EMLR(KV), AAMP:AH(SK), HMDF:HBML(GL), EBWEG:EBWE(GL|SK), AOH:AFB(SK), LK  D:LK  B(GL), RFLT:RKZ(GL), ELIT:ETIE(GL), A420H:AH(SK), EBO:E6741(KV), TKTO:TKT(GL), KAW P:KAW W(GL), A366H:AH(SK), FKWA:FKBH(GL), TPHM:TPB(GL|SK), HHLM:HLMG(SK), N 10D:NSDF(SK), TS  R:TS  W(GL), NGLH:NDHF(GL), M 523:MTZ(SK), M672A:MHT(GL), EBZ:EKIR(KV), F095A:FRH(GL|SK), A112S:A111R(SK), FNISA:FBUS(GL), EMSTG:EMSTP(SK), E992H:EALN(KV), RNZ:RBIN(KV), K126V:KKPO(GL), RM  O:RM(GL), TKIE:TU  O(GL), SEG N:SEG(GL), LK  C:LK  B(GL), BSE B:BSS W(GL), EBILP:EBIO(GL), RNMA:RQNM(KV), TGW:TG(GL), SWL:STM(GL|SK), RGM:RSS(GL|SK), A6822:AIZ(GL), DHGW:DTH(GL), FROL:FORD(GL), KNL N:KNL(GL), NERB:NGKA(SK), MPI:MBRL(GL|SK), EDDPT:EDDS(KV), LBWE:LNK(SK), UEEL:UEEN(GL), ABCHG:ABCH(GL), TSNR:TS  N(GL), ALBGG:ALBGW(GL), YFMLH:NLA(GL|KV), LD:LDWG(SK), BORT:BRU(SK)
DB version;SKAT_RDS_DEV_DB_2013_R2_16
Elapsed Time (s);5.44734
