<?xml version="1.0" encoding="UTF-8"?><SOAP-ENV:Envelope xmlns:SOAP-ENV="http://schemas.xmlsoap.org/soap/envelope/" xmlns:SOAP-ENC="http://schemas.xmlsoap.org/soap/encoding/" xmlns:xsi="http://www.w3.org/2001/XMLSchema-instance" xmlns:xsd="http://www.w3.org/2001/XMLSchema" xmlns:QCommonServiceVersionierung="http://dbnetze.com/Querschnitt/CommonService/Versionierung/V01" xmlns:ISFahrplanTrassenMgmtRV="http://dbnetze.com/IS/Fahrplan/TrassenMgmt/RV/V01" xmlns:QCommonServiceBemerkung="http://dbnetze.com/Querschnitt/CommonService/Bemerkung/V01" xmlns:QCommonService="http://dbnetze.com/Querschnitt/CommonService/V01" xmlns:ISFahrplanTrassenMgmtZuggattungen="http://dbnetze.com/IS/Fahrplan/TrassenMgmt/Zuggattungen/V02" xmlns:ISFahrplanTrassenMgmtGefahrgut="http://dbnetze.com/IS/Fahrplan/TrassenMgmt/Gefahrgut/V02" xmlns:ISFahrplanTrassenMgmtZugsicherungstechnik="http://dbnetze.com/IS/Fahrplan/TrassenMgmt/Zugsicherungstechnik/V02" xmlns:QCommonServiceVerkehrstageregelung="http://dbnetze.com/Querschnitt/CommonService/Verkehrstageregelung/V02" xmlns:QCommonServiceBasic="http://dbnetze.com/Querschnitt/CommonService/Basic/V02" xmlns:QCommonServiceTexttypen="http://dbnetze.com/Querschnitt/CommonService/Texttypen/V01" xmlns:KNProduktMgmtTrassenPreisInformation="http://dbnetze.com/KNDInterakt/ProduktMgmt/TrassenPreisInformation/V01" xmlns:ISFahrplanTrassenMgmtTrassenverwaltungLaufpunktDaten="http://dbnetze.com/IS/Fahrplan/TrassenMgmt/Trassenverwaltung/LaufpunktDaten/V01" xmlns:ISISDatenISDVerwaltungAllgemeineObjekteBasic="http://dbnetze.com/IS/ISDaten/ISDVerwaltung/AllgemeineObjekte/Basic/V02" xmlns:ISFahrplanTrassenMgmtZugcharakteristik="http://dbnetze.com/IS/Fahrplan/TrassenMgmt/Zugcharakteristik/V02" xmlns:QCommonServiceAdresseBasic="http://dbnetze.com/Querschnitt/CommonService/Adresse/Basic/V02" xmlns:ISISDatenISDVerwaltungOberbauBasic="http://dbnetze.com/IS/ISDaten/ISDVerwaltung/Oberbau/Basic/V01" xmlns:QCommonServiceZahlentypen="http://dbnetze.com/Querschnitt/CommonService/Zahlentypen/V01" xmlns:QPersonalMgmtBasic="http://dbnetze.com/Querschnitt/PersonalMgmt/Basic/V01" xmlns:QCommonServiceTechnicalHeader="http://dbnetze.com/Querschnitt/CommonService/TechnicalHeader/V03" xmlns:QCommonServiceServiceException="http://dbnetze.com/Querschnitt/CommonService/ServiceException/V03" xmlns:ISFahrplanTrassenMgmtRoute="http://dbnetze.com/IS/Fahrplan/TrassenMgmt/Route/V01" xmlns:QCommonServiceWertelisten="http://dbnetze.com/Querschnitt/CommonService/Wertelisten/V03" xmlns:ISFahrplanTrassenMgmtSzenario="http://dbnetze.com/IS/Fahrplan/TrassenMgmt/Szenario/V01" xmlns:ISFahrplanTrassenMgmtFahrlage="http://dbnetze.com/IS/Fahrplan/TrassenMgmt/Fahrlage/V02" xmlns:ISFahrplanBasic="http://dbnetze.com/IS/Fahrplan/Basic/V02" xmlns:ISISDatenISDVerwaltungOrdnungsrahmenBasic="http://dbnetze.com/IS/ISDaten/ISDVerwaltung/Ordnungsrahmen/Basic/V01" xmlns:QCommonServiceBasisObjekte="http://dbnetze.com/Querschnitt/CommonService/BasisObjekte/V01" xmlns:ISFahrplanTrassenMgmtZugLaufpunktAngaben="http://dbnetze.com/IS/Fahrplan/TrassenMgmt/ZugLaufpunktAngaben/V02" xmlns:ISFahrplanTrassenMgmtTrassenverwaltungZugLaufpunktDaten="http://dbnetze.com/IS/Fahrplan/TrassenMgmt/Trassenverwaltung/ZugLaufpunktDaten/V02" xmlns:ISFahrplanTrassenMgmtTrassenverwaltungTaktUndLinien="http://dbnetze.com/IS/Fahrplan/TrassenMgmt/Trassenverwaltung/TaktUndLinien/V01" xmlns:KNProduktMgmtBasic="http://dbnetze.com/KNDInterakt/ProduktMgmt/Basic/V01" xmlns:ISISDatenISDVerwaltungGeometrieBasic="http://dbnetze.com/IS/ISDaten/ISDVerwaltung/Geometrie/Basic/V01" xmlns:ISISDatenISDVerwaltungGeometrie="http://dbnetze.com/IS/ISDaten/ISDVerwaltung/Geometrie/V01" xmlns:QPersonalMgmt="http://dbnetze.com/Querschnitt/PersonalMgmt/V01" xmlns:QCommonServiceFachschluessel="http://dbnetze.com/Querschnitt/CommonService/Fachschluessel/V02" xmlns:ISFahrplanTrassenMgmtTrassenlaufpunktAngaben="http://dbnetze.com/IS/Fahrplan/TrassenMgmt/TrassenlaufpunktAngaben/V02" xmlns:QPersonalMgmtOrganisation="http://dbnetze.com/Querschnitt/PersonalMgmt/Organisation/V03" xmlns:QCommonServiceAdresse="http://dbnetze.com/Querschnitt/CommonService/Adresse/V02" xmlns:ISFahrplanKapLeitStandRoutensuche="http://dbnetze.com/IS/Fahrplan/KapLeitStand/Routensuche/V01">	<SOAP-ENV:Header>		<ISFahrplanKapLeitStandRoutensuche:TechnicalHeaderTop>			<QCommonServiceTechnicalHeader:TechnicalHeader>				<QCommonServiceTechnicalHeader:Uuid>9c63943a-5ba5-470b-8166-1904f83a43b4</QCommonServiceTechnicalHeader:Uuid>				<QCommonServiceTechnicalHeader:Timestamp>2018-08-27T17:45:37Z</QCommonServiceTechnicalHeader:Timestamp>			</QCommonServiceTechnicalHeader:TechnicalHeader>		</ISFahrplanKapLeitStandRoutensuche:TechnicalHeaderTop>	</SOAP-ENV:Header>	<SOAP-ENV:Body>		<ISFahrplanKapLeitStandRoutensuche:SucheRouteResponse></ISFahrplanKapLeitStandRoutensuche:SucheRouteResponse>	</SOAP-ENV:Body></SOAP-ENV:Envelope>