DS100;Fahrwegname;Kosten;Restkosten;Prioritaet;Halteplatzlaenge;Streckenklasse(G|Bis|Ab);KV Profil(G|Bis|Ab);Laenge(m);Fahrzeitrelevante VEs;Routingrelevante VEs;Einfahrt Grenzlast;Ausfahrt Grenzlast;Wagenzugmasse(t) Einfahrt;Wagenzugmasse(t) Ausfahrt
"EUK";"EUK 704-EUN";94;458;88;710;D4|D4|D4;10|10|10;1460;;;9999;1420;900;900;
"EUNW";"EUK-EUN";109;473;100;0;D4||;7||;2300;;;1420;1420;900;900;
"EUN";"EUK(2933)-4-EAU(2932)";119;469;100;341;D4|D4|D4;7|7|9;2500;;;1420;3000;900;900;
"E 33B";"EUN-EAU";30;437;100;0;D4||;9||;1000;;;3000;3000;900;900;
"E 34B";"EUN-EAU";45;359;100;0;D4||;9||;1500;;;3000;3000;900;900;
"E 35";"EUN-EAU";30;313;100;0;D4||;9||;1000;;;3000;3000;900;900;
"E 36";"EUN-EAU";45;297;100;0;D4||;9||;1500;;;3000;3000;900;900;
"EBEO";"EUN-1-EAU";106;210;100;0;D4||;9||;3500;;;3000;3000;900;900;
"EAU";"EUN-EHRB";34;183;100;0;D4||;9||;1100;;;3000;2615;900;900;
"E53B";"EAU(2910)-EHRBD(2910)";40;123;100;0;D4||;9||;900;;;2615;2615;900;900;
"E54B";"EAU(2910)-EHRBD(2910)";22;91;100;0;D4||;9||;500;;;2615;2615;900;900;
"ESMG";"EAU(2910)-EHRBD(2910)";72;64;100;0;D4||;9||;1600;;;2615;3000;900;900;
"EHRBD";"ESMA(2910)-104-EHRBW";31;52;100;0;D4||;9||;620;;;3000;9999;900;900;
"EHRBW";"EHRBD(7439)-425-EHRBM";82;26;100;0;D4||;9||;909;;;9999;9999;900;900;
"EHRBM";"EHRBW-425 EHRBM";48;0;81;750;D4|D4|D4;10|9|10;1150;;;9999;9999;900;900;

Path Cost;907
Path Hops;15
Path Length (m);21539
Total Priority;1469
Average Priority;97
Configuration;Alpha=10|Beta=1800|Gamma=500|Rho=10|Timeout=20000
Expanded Nodes;29
Visited Stations;E247U, EHRBD, E 644, E 245, EUNW, EHMD, E248H, E 246, E 33B, EAU, EBEO, EHRBW, E 35, E 34B, E53B, ELRN, ESMG, E54B, EUN, E 244, E 243, E 643, E 641, E 36, EUK
Dead ends;
DB version;SKAT_RDS_DEV_DB_2013_R2_16
Elapsed Time (s);0.00143424
