<?xml version="1.0" encoding="UTF-8"?><SOAP-ENV:Envelope xmlns:SOAP-ENV="http://schemas.xmlsoap.org/soap/envelope/" xmlns:SOAP-ENC="http://schemas.xmlsoap.org/soap/encoding/" xmlns:xsi="http://www.w3.org/2001/XMLSchema-instance" xmlns:xsd="http://www.w3.org/2001/XMLSchema" xmlns:QCommonServiceVersionierung="http://dbnetze.com/Querschnitt/CommonService/Versionierung/V01" xmlns:ISFahrplanTrassenMgmtRV="http://dbnetze.com/IS/Fahrplan/TrassenMgmt/RV/V01" xmlns:QCommonServiceBemerkung="http://dbnetze.com/Querschnitt/CommonService/Bemerkung/V01" xmlns:QCommonService="http://dbnetze.com/Querschnitt/CommonService/V01" xmlns:ISFahrplanTrassenMgmtZuggattungen="http://dbnetze.com/IS/Fahrplan/TrassenMgmt/Zuggattungen/V02" xmlns:ISFahrplanTrassenMgmtGefahrgut="http://dbnetze.com/IS/Fahrplan/TrassenMgmt/Gefahrgut/V02" xmlns:ISFahrplanTrassenMgmtZugsicherungstechnik="http://dbnetze.com/IS/Fahrplan/TrassenMgmt/Zugsicherungstechnik/V02" xmlns:QCommonServiceVerkehrstageregelung="http://dbnetze.com/Querschnitt/CommonService/Verkehrstageregelung/V02" xmlns:QCommonServiceBasic="http://dbnetze.com/Querschnitt/CommonService/Basic/V02" xmlns:QCommonServiceTexttypen="http://dbnetze.com/Querschnitt/CommonService/Texttypen/V01" xmlns:KNProduktMgmtTrassenPreisInformation="http://dbnetze.com/KNDInterakt/ProduktMgmt/TrassenPreisInformation/V01" xmlns:ISFahrplanTrassenMgmtTrassenverwaltungLaufpunktDaten="http://dbnetze.com/IS/Fahrplan/TrassenMgmt/Trassenverwaltung/LaufpunktDaten/V01" xmlns:ISISDatenISDVerwaltungAllgemeineObjekteBasic="http://dbnetze.com/IS/ISDaten/ISDVerwaltung/AllgemeineObjekte/Basic/V02" xmlns:ISFahrplanTrassenMgmtZugcharakteristik="http://dbnetze.com/IS/Fahrplan/TrassenMgmt/Zugcharakteristik/V02" xmlns:QCommonServiceAdresseBasic="http://dbnetze.com/Querschnitt/CommonService/Adresse/Basic/V02" xmlns:ISISDatenISDVerwaltungOberbauBasic="http://dbnetze.com/IS/ISDaten/ISDVerwaltung/Oberbau/Basic/V01" xmlns:QCommonServiceZahlentypen="http://dbnetze.com/Querschnitt/CommonService/Zahlentypen/V01" xmlns:QPersonalMgmtBasic="http://dbnetze.com/Querschnitt/PersonalMgmt/Basic/V01" xmlns:QCommonServiceTechnicalHeader="http://dbnetze.com/Querschnitt/CommonService/TechnicalHeader/V03" xmlns:QCommonServiceServiceException="http://dbnetze.com/Querschnitt/CommonService/ServiceException/V03" xmlns:ISFahrplanTrassenMgmtRoute="http://dbnetze.com/IS/Fahrplan/TrassenMgmt/Route/V01" xmlns:QCommonServiceWertelisten="http://dbnetze.com/Querschnitt/CommonService/Wertelisten/V03" xmlns:ISFahrplanTrassenMgmtSzenario="http://dbnetze.com/IS/Fahrplan/TrassenMgmt/Szenario/V01" xmlns:ISFahrplanTrassenMgmtFahrlage="http://dbnetze.com/IS/Fahrplan/TrassenMgmt/Fahrlage/V02" xmlns:ISFahrplanBasic="http://dbnetze.com/IS/Fahrplan/Basic/V02" xmlns:ISISDatenISDVerwaltungOrdnungsrahmenBasic="http://dbnetze.com/IS/ISDaten/ISDVerwaltung/Ordnungsrahmen/Basic/V01" xmlns:QCommonServiceBasisObjekte="http://dbnetze.com/Querschnitt/CommonService/BasisObjekte/V01" xmlns:ISFahrplanTrassenMgmtZugLaufpunktAngaben="http://dbnetze.com/IS/Fahrplan/TrassenMgmt/ZugLaufpunktAngaben/V02" xmlns:ISFahrplanTrassenMgmtTrassenverwaltungZugLaufpunktDaten="http://dbnetze.com/IS/Fahrplan/TrassenMgmt/Trassenverwaltung/ZugLaufpunktDaten/V02" xmlns:ISFahrplanTrassenMgmtTrassenverwaltungTaktUndLinien="http://dbnetze.com/IS/Fahrplan/TrassenMgmt/Trassenverwaltung/TaktUndLinien/V01" xmlns:KNProduktMgmtBasic="http://dbnetze.com/KNDInterakt/ProduktMgmt/Basic/V01" xmlns:ISISDatenISDVerwaltungGeometrieBasic="http://dbnetze.com/IS/ISDaten/ISDVerwaltung/Geometrie/Basic/V01" xmlns:ISISDatenISDVerwaltungGeometrie="http://dbnetze.com/IS/ISDaten/ISDVerwaltung/Geometrie/V01" xmlns:QPersonalMgmt="http://dbnetze.com/Querschnitt/PersonalMgmt/V01" xmlns:QCommonServiceFachschluessel="http://dbnetze.com/Querschnitt/CommonService/Fachschluessel/V02" xmlns:ISFahrplanTrassenMgmtTrassenlaufpunktAngaben="http://dbnetze.com/IS/Fahrplan/TrassenMgmt/TrassenlaufpunktAngaben/V02" xmlns:QPersonalMgmtOrganisation="http://dbnetze.com/Querschnitt/PersonalMgmt/Organisation/V03" xmlns:QCommonServiceAdresse="http://dbnetze.com/Querschnitt/CommonService/Adresse/V02" xmlns:ISFahrplanKapLeitStandRoutensuche="http://dbnetze.com/IS/Fahrplan/KapLeitStand/Routensuche/V01">	<SOAP-ENV:Header>		<ISFahrplanKapLeitStandRoutensuche:TechnicalHeaderTop>			<QCommonServiceTechnicalHeader:TechnicalHeader>				<QCommonServiceTechnicalHeader:Uuid>c39cef9c-1804-4d40-a682-33e7b88c54e1</QCommonServiceTechnicalHeader:Uuid>				<QCommonServiceTechnicalHeader:Timestamp>2018-08-27T17:45:37Z</QCommonServiceTechnicalHeader:Timestamp>			</QCommonServiceTechnicalHeader:TechnicalHeader>		</ISFahrplanKapLeitStandRoutensuche:TechnicalHeaderTop>	</SOAP-ENV:Header>	<SOAP-ENV:Body>		<SOAP-ENV:Fault>			<faultcode>SOAP-ENV:Server</faultcode>			<faultstring>Operation Error</faultstring>			<detail>				<ISFahrplanKapLeitStandRoutensuche:SucheRouteFault>					<QCommonServiceServiceException:ServiceException>						<QCommonServiceServiceException:ExceptionCode>digikap.RsApplicationError</QCommonServiceServiceException:ExceptionCode>						<QCommonServiceServiceException:ExceptionShortMessage>Value expected in boost::optional : (nullptr == ankunft ? abfahrt : ankunft)-&gt;getFahrzeit()</QCommonServiceServiceException:ExceptionShortMessage>						<QCommonServiceServiceException:Severity>CRITICAL</QCommonServiceServiceException:Severity>						<QCommonServiceServiceException:ExceptionCategory>							<QCommonServiceServiceException:CategorySection>RoutingServiceTechnischException</QCommonServiceServiceException:CategorySection>						</QCommonServiceServiceException:ExceptionCategory>						<QCommonServiceServiceException:CausingComponent></QCommonServiceServiceException:CausingComponent>						<QCommonServiceServiceException:ExceptionDetails>							<QCommonServiceServiceException:ExceptionContext>								<QCommonServiceServiceException:PointerToOrigin></QCommonServiceServiceException:PointerToOrigin>								<QCommonServiceServiceException:InitialExceptionTimestamp>1970-01-01T00:00:00Z</QCommonServiceServiceException:InitialExceptionTimestamp>								<QCommonServiceServiceException:RootCauseComponent></QCommonServiceServiceException:RootCauseComponent>							</QCommonServiceServiceException:ExceptionContext>							<QCommonServiceServiceException:ExceptionClass>								<QCommonServiceServiceException:TechnicalException>									<QCommonServiceServiceException:SystemCode>---</QCommonServiceServiceException:SystemCode>									<QCommonServiceServiceException:Details>Exception type: NeXt::Isd::MissingValueException&#xA;Backtrace (incomplete):&#xA;./RoutenSucheService(_ZN14RoutingService13makeBacktraceEi+0x33) [0x9ba403]&#xA;./RoutenSucheService(_ZNSt12__shared_ptrIN14RoutingService24next_rs_ApplicationErrorELN9__gnu_cxx12_Lock_policyE2EEC2ISaIS1_EIRSt9exceptionEEESt19_Sp_make_shared_tagRKT_DpOT0_+0x95) [0x99c7e5]&#xA;...&#xA;</QCommonServiceServiceException:Details>								</QCommonServiceServiceException:TechnicalException>							</QCommonServiceServiceException:ExceptionClass>						</QCommonServiceServiceException:ExceptionDetails>					</QCommonServiceServiceException:ServiceException>				</ISFahrplanKapLeitStandRoutensuche:SucheRouteFault>			</detail>		</SOAP-ENV:Fault>	</SOAP-ENV:Body></SOAP-ENV:Envelope>