<?xml version="1.0" encoding="UTF-8"?>
<soapenv:Envelope xmlns:soapenv="http://schemas.xmlsoap.org/soap/envelope/" xmlns:v01="http://dbnetze.com/IS/Fahrplan/KapLeitStand/Routensuche/V01" xmlns:v03="http://dbnetze.com/Querschnitt/CommonService/TechnicalHeader/V03" xmlns:v02="http://dbnetze.com/IS/Fahrplan/TrassenMgmt/Fahrlage/V02" xmlns:v011="http://dbnetze.com/Querschnitt/CommonService/BasisObjekte/V01" xmlns:v021="http://dbnetze.com/Querschnitt/CommonService/Verkehrstageregelung/V02" xmlns:v022="http://dbnetze.com/Querschnitt/CommonService/Basic/V02" xmlns:v023="http://dbnetze.com/IS/Fahrplan/Basic/V02" xmlns:v012="http://dbnetze.com/IS/Fahrplan/TrassenMgmt/Trassenverwaltung/LaufpunktDaten/V01" xmlns:v013="http://dbnetze.com/IS/ISDaten/ISDVerwaltung/Geometrie/V01" xmlns:v014="http://dbnetze.com/IS/ISDaten/ISDVerwaltung/Ordnungsrahmen/Basic/V01" xmlns:v015="http://dbnetze.com/IS/ISDaten/ISDVerwaltung/Geometrie/Basic/V01" xmlns:v016="http://dbnetze.com/IS/ISDaten/ISDVerwaltung/Oberbau/Basic/V01" xmlns:v024="http://dbnetze.com/IS/ISDaten/ISDVerwaltung/AllgemeineObjekte/Basic/V02" xmlns:v025="http://dbnetze.com/IS/Fahrplan/TrassenMgmt/Trassenverwaltung/ZugLaufpunktDaten/V02" xmlns:v031="http://dbnetze.com/Querschnitt/CommonService/Wertelisten/V03" xmlns:v026="http://dbnetze.com/IS/Fahrplan/TrassenMgmt/Zugcharakteristik/V02" xmlns:v027="http://dbnetze.com/IS/Fahrplan/TrassenMgmt/Zuggattungen/V02" xmlns:v028="http://dbnetze.com/IS/Fahrplan/TrassenMgmt/Gefahrgut/V02" xmlns:v029="http://dbnetze.com/IS/Fahrplan/TrassenMgmt/Zugsicherungstechnik/V02" xmlns:v0210="http://dbnetze.com/IS/Fahrplan/TrassenMgmt/TrassenlaufpunktAngaben/V02" xmlns:v0211="http://dbnetze.com/IS/Fahrplan/TrassenMgmt/ZugLaufpunktAngaben/V02" xmlns:v017="http://dbnetze.com/KNDInterakt/ProduktMgmt/TrassenPreisInformation/V01" xmlns:v018="http://dbnetze.com/KNDInterakt/ProduktMgmt/Basic/V01" xmlns:v019="http://dbnetze.com/Querschnitt/CommonService/Bemerkung/V01" xmlns:v0110="http://dbnetze.com/Querschnitt/CommonService/V01" xmlns:v0212="http://dbnetze.com/Querschnitt/CommonService/Adresse/V02" xmlns:v0111="http://dbnetze.com/IS/Fahrplan/TrassenMgmt/Trassenverwaltung/TaktUndLinien/V01" xmlns:v0112="http://dbnetze.com/Querschnitt/CommonService/Versionierung/V01" xmlns:v0113="http://dbnetze.com/IS/Fahrplan/TrassenMgmt/RV/V01" xmlns:v0114="http://dbnetze.com/IS/Fahrplan/TrassenMgmt/Szenario/V01">
   <soapenv:Header>
      <v01:TechnicalHeaderTop>
         <v03:TechnicalHeader>
            <v03:Uuid>c39cef9c-1804-4d40-a682-33e7b88c54e1</v03:Uuid>
            <v03:Timestamp>2018-08-27T17:45:37Z</v03:Timestamp><!-- TODO: use actual time -->
         </v03:TechnicalHeader>
      </v01:TechnicalHeaderTop>
   </soapenv:Header>
   <soapenv:Body>
      <v01:SucheRoute>
         <v02:Fahrlage>
            <v02:FahrlagenID>
            </v02:FahrlagenID>
            <!--Optional:-->
            <v02:Zugart>Regelzug</v02:Zugart><!--Zero or more repetitions:--><v02:FahrlagenLaufpunkt><v02:FahrlagenLaufpunkttID>1</v02:FahrlagenLaufpunkttID><v02:LaufpunktDaten><v012:InfrastrukturPunkt><!--You have a CHOICE of the next 2 items at this level--><!--Optional:--><v013:GeometriePunkt><!--Optional:--><v013:ZugehoerigeBetriebsstelle><v014:BetriebsstellenFachSchluessel><!--You have a CHOICE of the next 3 items at this level--><!--Optional:--><v014:RIL100>RXBA</v014:RIL100></v014:BetriebsstellenFachSchluessel></v013:ZugehoerigeBetriebsstelle></v013:GeometriePunkt></v012:InfrastrukturPunkt></v02:LaufpunktDaten><!--Optional:--><v02:FahrlagenLaufpunktDaten><!--Optional:--><v025:ZugcharakteristikGueltigAb><!--Optional:--><v026:HoechstgeschwindigkeitZug>100</v026:HoechstgeschwindigkeitZug><v026:Bremsstellung><v031:Wert>P</v031:Wert></v026:Bremsstellung><!--Optional:--><v026:Gesamtlaenge>569</v026:Gesamtlaenge><!--Optional:--><v026:Gesamtlast>1465</v026:Gesamtlast><!--Optional:--><v026:VorhandeneBremshundertstel>75</v026:VorhandeneBremshundertstel><!--Optional:--><v026:StreckenKlasseZug><!--Optional:--><v031:Wert>D4</v031:Wert></v026:StreckenKlasseZug><!--Optional:--><v026:Zuggattung><v027:Zuggattungsbezeichnung><v031:Wert>DGS</v031:Wert></v027:Zuggattungsbezeichnung><v027:Hauptnummer><v031:Wert>70</v031:Wert></v027:Hauptnummer><v027:Unternummer><v031:Wert>1</v031:Wert></v027:Unternummer></v026:Zuggattung><!--Optional:--><v026:ZugartFV> 	<v031:Wert>G</v031:Wert></v026:ZugartFV><!--Optional:--><v026:TfzLeerFahrt> 	<v031:Wert>false</v031:Wert></v026:TfzLeerFahrt><v026:Wagenzug><v026:Laenge>550</v026:Laenge><v026:Last>1380</v026:Last><v026:Hoechstgeschwindigkeit>100</v026:Hoechstgeschwindigkeit><!--Optional:--><v026:KVProfil><v026:KVProfil-C2>045</v026:KVProfil-C2><v026:KVProfil-C3>364</v026:KVProfil-C3><v026:KVProfil-P2>045</v026:KVProfil-P2><v026:KVProfil-P3>364</v026:KVProfil-P3></v026:KVProfil></v026:Wagenzug><!--Optional:--><v026:ZugsicherungsAusruestungVorhanden><v029:HatLZB>true</v029:HatLZB></v026:ZugsicherungsAusruestungVorhanden><v026:RegelBespannung>
<v026:StellungTfzRegelbespannung>
<v031:Wert>Z</v031:Wert>
</v026:StellungTfzRegelbespannung>
<!--1 or more repetitions:-->

<v026:TriebfahrzeugDerBespannung>
<v026:TriebfahrzeugbaureihenUndVariante>
<v023:Baureihennummer>185</v023:Baureihennummer>
<v023:Variantennummer>2</v023:Variantennummer>
<v023:Variantenschluessel><v023:BVW-Nummer>
  <v031:Wert>8000</v031:Wert>
</v023:BVW-Nummer>
</v023:Variantenschluessel></v026:TriebfahrzeugbaureihenUndVariante>
</v026:TriebfahrzeugDerBespannung>
</v026:RegelBespannung>
</v025:ZugcharakteristikGueltigAb></v02:FahrlagenLaufpunktDaten><!--Optional:--><v02:Zugverhalten><!--You have a CHOICE of the next 2 items at this level--><v02:ZugverhaltenDurchfahrt></v02:ZugverhaltenDurchfahrt></v02:Zugverhalten></v02:FahrlagenLaufpunkt><!--Zero or more repetitions:--><v02:FahrlagenLaufpunkt><v02:FahrlagenLaufpunkttID>2</v02:FahrlagenLaufpunkttID><v02:LaufpunktDaten><v012:InfrastrukturPunkt><!--You have a CHOICE of the next 2 items at this level--><!--Optional:--><v013:GeometriePunkt><!--Optional:--><v013:ZugehoerigeBetriebsstelle><v014:BetriebsstellenFachSchluessel><!--You have a CHOICE of the next 3 items at this level--><!--Optional:--><v014:RIL100>RO</v014:RIL100></v014:BetriebsstellenFachSchluessel></v013:ZugehoerigeBetriebsstelle></v013:GeometriePunkt></v012:InfrastrukturPunkt></v02:LaufpunktDaten><!--Optional:--><v02:FahrlagenLaufpunktDaten><!--Optional:--><v025:ZugcharakteristikGueltigAb><!--Optional:--><v026:HoechstgeschwindigkeitZug>100</v026:HoechstgeschwindigkeitZug><v026:Bremsstellung><v031:Wert>P</v031:Wert></v026:Bremsstellung><!--Optional:--><v026:Gesamtlaenge>569</v026:Gesamtlaenge><!--Optional:--><v026:Gesamtlast>1465</v026:Gesamtlast><!--Optional:--><v026:VorhandeneBremshundertstel>75</v026:VorhandeneBremshundertstel><!--Optional:--><v026:StreckenKlasseZug><!--Optional:--><v031:Wert>D4</v031:Wert></v026:StreckenKlasseZug><!--Optional:--><v026:Zuggattung><v027:Zuggattungsbezeichnung><v031:Wert>DGS</v031:Wert></v027:Zuggattungsbezeichnung><v027:Hauptnummer><v031:Wert>70</v031:Wert></v027:Hauptnummer><v027:Unternummer><v031:Wert>1</v031:Wert></v027:Unternummer></v026:Zuggattung><!--Optional:--><v026:ZugartFV> 	<v031:Wert>G</v031:Wert></v026:ZugartFV><!--Optional:--><v026:TfzLeerFahrt> 	<v031:Wert>false</v031:Wert></v026:TfzLeerFahrt><v026:Wagenzug><v026:Laenge>550</v026:Laenge><v026:Last>1380</v026:Last><v026:Hoechstgeschwindigkeit>100</v026:Hoechstgeschwindigkeit><!--Optional:--><v026:KVProfil><v026:KVProfil-C2>045</v026:KVProfil-C2><v026:KVProfil-C3>364</v026:KVProfil-C3><v026:KVProfil-P2>045</v026:KVProfil-P2><v026:KVProfil-P3>364</v026:KVProfil-P3></v026:KVProfil></v026:Wagenzug><!--Optional:--><v026:ZugsicherungsAusruestungVorhanden><v029:HatLZB>true</v029:HatLZB></v026:ZugsicherungsAusruestungVorhanden><v026:RegelBespannung>
<v026:StellungTfzRegelbespannung>
<v031:Wert>Z</v031:Wert>
</v026:StellungTfzRegelbespannung>
<!--1 or more repetitions:-->

<v026:TriebfahrzeugDerBespannung>
<v026:TriebfahrzeugbaureihenUndVariante>
<v023:Baureihennummer>185</v023:Baureihennummer>
<v023:Variantennummer>2</v023:Variantennummer>
<v023:Variantenschluessel><v023:BVW-Nummer>
  <v031:Wert>8000</v031:Wert>
</v023:BVW-Nummer>
</v023:Variantenschluessel></v026:TriebfahrzeugbaureihenUndVariante>
</v026:TriebfahrzeugDerBespannung>
</v026:RegelBespannung>
</v025:ZugcharakteristikGueltigAb></v02:FahrlagenLaufpunktDaten><!--Optional:--><v02:Zugverhalten><!--You have a CHOICE of the next 2 items at this level--><v02:ZugverhaltenDurchfahrt></v02:ZugverhaltenDurchfahrt></v02:Zugverhalten></v02:FahrlagenLaufpunkt><!--Zero or more repetitions:--><v02:FahrlagenLaufpunkt><v02:FahrlagenLaufpunkttID>3</v02:FahrlagenLaufpunkttID><v02:LaufpunktDaten><v012:InfrastrukturPunkt><!--You have a CHOICE of the next 2 items at this level--><!--Optional:--><v013:GeometriePunkt><!--Optional:--><v013:ZugehoerigeBetriebsstelle><v014:BetriebsstellenFachSchluessel><!--You have a CHOICE of the next 3 items at this level--><!--Optional:--><v014:RIL100>RWE</v014:RIL100></v014:BetriebsstellenFachSchluessel></v013:ZugehoerigeBetriebsstelle></v013:GeometriePunkt></v012:InfrastrukturPunkt></v02:LaufpunktDaten><!--Optional:--><v02:FahrlagenLaufpunktDaten><!--Optional:--><v025:ZugcharakteristikGueltigAb><!--Optional:--><v026:HoechstgeschwindigkeitZug>100</v026:HoechstgeschwindigkeitZug><v026:Bremsstellung><v031:Wert>P</v031:Wert></v026:Bremsstellung><!--Optional:--><v026:Gesamtlaenge>569</v026:Gesamtlaenge><!--Optional:--><v026:Gesamtlast>1465</v026:Gesamtlast><!--Optional:--><v026:VorhandeneBremshundertstel>75</v026:VorhandeneBremshundertstel><!--Optional:--><v026:StreckenKlasseZug><!--Optional:--><v031:Wert>A</v031:Wert></v026:StreckenKlasseZug><!--Optional:--><v026:Zuggattung><v027:Zuggattungsbezeichnung><v031:Wert>DGS</v031:Wert></v027:Zuggattungsbezeichnung><v027:Hauptnummer><v031:Wert>70</v031:Wert></v027:Hauptnummer><v027:Unternummer><v031:Wert>1</v031:Wert></v027:Unternummer></v026:Zuggattung><!--Optional:--><v026:ZugartFV> 	<v031:Wert>G</v031:Wert></v026:ZugartFV><!--Optional:--><v026:TfzLeerFahrt> 	<v031:Wert>false</v031:Wert></v026:TfzLeerFahrt><v026:Wagenzug><v026:Laenge>550</v026:Laenge><v026:Last>1380</v026:Last><v026:Hoechstgeschwindigkeit>100</v026:Hoechstgeschwindigkeit><!--Optional:--><v026:KVProfil><v026:KVProfil-C2>045</v026:KVProfil-C2><v026:KVProfil-C3>364</v026:KVProfil-C3><v026:KVProfil-P2>045</v026:KVProfil-P2><v026:KVProfil-P3>364</v026:KVProfil-P3></v026:KVProfil></v026:Wagenzug><!--Optional:--><v026:ZugsicherungsAusruestungVorhanden><v029:HatLZB>true</v029:HatLZB></v026:ZugsicherungsAusruestungVorhanden><v026:RegelBespannung>
<v026:StellungTfzRegelbespannung>
<v031:Wert>Z</v031:Wert>
</v026:StellungTfzRegelbespannung>
<!--1 or more repetitions:-->

<v026:TriebfahrzeugDerBespannung>
<v026:TriebfahrzeugbaureihenUndVariante>
<v023:Baureihennummer>185</v023:Baureihennummer>
<v023:Variantennummer>2</v023:Variantennummer>
<v023:Variantenschluessel><v023:BVW-Nummer>
  <v031:Wert>8000</v031:Wert>
</v023:BVW-Nummer>
</v023:Variantenschluessel></v026:TriebfahrzeugbaureihenUndVariante>
</v026:TriebfahrzeugDerBespannung>
</v026:RegelBespannung>
</v025:ZugcharakteristikGueltigAb></v02:FahrlagenLaufpunktDaten><!--Optional:--><v02:Zugverhalten><!--You have a CHOICE of the next 2 items at this level--><v02:ZugverhaltenDurchfahrt></v02:ZugverhaltenDurchfahrt></v02:Zugverhalten></v02:FahrlagenLaufpunkt><!--Zero or more repetitions:--><v02:FahrlagenLaufpunkt><v02:FahrlagenLaufpunkttID>4</v02:FahrlagenLaufpunkttID><v02:LaufpunktDaten><v012:InfrastrukturPunkt><!--You have a CHOICE of the next 2 items at this level--><!--Optional:--><v013:GeometriePunkt><!--Optional:--><v013:ZugehoerigeBetriebsstelle><v014:BetriebsstellenFachSchluessel><!--You have a CHOICE of the next 3 items at this level--><!--Optional:--><v014:RIL100>FKBWO</v014:RIL100></v014:BetriebsstellenFachSchluessel></v013:ZugehoerigeBetriebsstelle></v013:GeometriePunkt></v012:InfrastrukturPunkt></v02:LaufpunktDaten><!--Optional:--><v02:FahrlagenLaufpunktDaten><!--Optional:--><v025:ZugcharakteristikGueltigAb><!--Optional:--><v026:HoechstgeschwindigkeitZug>100</v026:HoechstgeschwindigkeitZug><v026:Bremsstellung><v031:Wert>P</v031:Wert></v026:Bremsstellung><!--Optional:--><v026:Gesamtlaenge>569</v026:Gesamtlaenge><!--Optional:--><v026:Gesamtlast>1465</v026:Gesamtlast><!--Optional:--><v026:VorhandeneBremshundertstel>75</v026:VorhandeneBremshundertstel><!--Optional:--><v026:StreckenKlasseZug><!--Optional:--><v031:Wert>D4</v031:Wert></v026:StreckenKlasseZug><!--Optional:--><v026:Zuggattung><v027:Zuggattungsbezeichnung><v031:Wert>DGS</v031:Wert></v027:Zuggattungsbezeichnung><v027:Hauptnummer><v031:Wert>70</v031:Wert></v027:Hauptnummer><v027:Unternummer><v031:Wert>1</v031:Wert></v027:Unternummer></v026:Zuggattung><!--Optional:--><v026:ZugartFV> 	<v031:Wert>G</v031:Wert></v026:ZugartFV><!--Optional:--><v026:TfzLeerFahrt> 	<v031:Wert>false</v031:Wert></v026:TfzLeerFahrt><v026:Wagenzug><v026:Laenge>550</v026:Laenge><v026:Last>1380</v026:Last><v026:Hoechstgeschwindigkeit>100</v026:Hoechstgeschwindigkeit><!--Optional:--><v026:KVProfil><v026:KVProfil-C2>045</v026:KVProfil-C2><v026:KVProfil-C3>364</v026:KVProfil-C3><v026:KVProfil-P2>045</v026:KVProfil-P2><v026:KVProfil-P3>364</v026:KVProfil-P3></v026:KVProfil></v026:Wagenzug><!--Optional:--><v026:ZugsicherungsAusruestungVorhanden><v029:HatLZB>true</v029:HatLZB></v026:ZugsicherungsAusruestungVorhanden><v026:RegelBespannung>
<v026:StellungTfzRegelbespannung>
<v031:Wert>Z</v031:Wert>
</v026:StellungTfzRegelbespannung>
<!--1 or more repetitions:-->

<v026:TriebfahrzeugDerBespannung>
<v026:TriebfahrzeugbaureihenUndVariante>
<v023:Baureihennummer>185</v023:Baureihennummer>
<v023:Variantennummer>2</v023:Variantennummer>
<v023:Variantenschluessel><v023:BVW-Nummer>
  <v031:Wert>8000</v031:Wert>
</v023:BVW-Nummer>
</v023:Variantenschluessel></v026:TriebfahrzeugbaureihenUndVariante>
</v026:TriebfahrzeugDerBespannung>
</v026:RegelBespannung>
</v025:ZugcharakteristikGueltigAb></v02:FahrlagenLaufpunktDaten><!--Optional:--><v02:Zugverhalten><!--You have a CHOICE of the next 2 items at this level--><v02:ZugverhaltenDurchfahrt></v02:ZugverhaltenDurchfahrt></v02:Zugverhalten></v02:FahrlagenLaufpunkt><!--Zero or more repetitions:--><v02:FahrlagenLaufpunkt><v02:FahrlagenLaufpunkttID>5</v02:FahrlagenLaufpunkttID><v02:LaufpunktDaten><v012:InfrastrukturPunkt><!--You have a CHOICE of the next 2 items at this level--><!--Optional:--><v013:GeometriePunkt><!--Optional:--><v013:ZugehoerigeBetriebsstelle><v014:BetriebsstellenFachSchluessel><!--You have a CHOICE of the next 3 items at this level--><!--Optional:--><v014:RIL100>KAW P</v014:RIL100></v014:BetriebsstellenFachSchluessel></v013:ZugehoerigeBetriebsstelle></v013:GeometriePunkt></v012:InfrastrukturPunkt></v02:LaufpunktDaten><!--Optional:--><v02:FahrlagenLaufpunktDaten><!--Optional:--><v025:ZugcharakteristikGueltigAb><!--Optional:--><v026:HoechstgeschwindigkeitZug>100</v026:HoechstgeschwindigkeitZug><v026:Bremsstellung><v031:Wert>P</v031:Wert></v026:Bremsstellung><!--Optional:--><v026:Gesamtlaenge>571</v026:Gesamtlaenge><!--Optional:--><v026:Gesamtlast>1506</v026:Gesamtlast><!--Optional:--><v026:VorhandeneBremshundertstel>68</v026:VorhandeneBremshundertstel><!--Optional:--><v026:StreckenKlasseZug><!--Optional:--><v031:Wert>D4</v031:Wert></v026:StreckenKlasseZug><!--Optional:--><v026:Zuggattung><v027:Zuggattungsbezeichnung><v031:Wert>DGS</v031:Wert></v027:Zuggattungsbezeichnung><v027:Hauptnummer><v031:Wert>70</v031:Wert></v027:Hauptnummer><v027:Unternummer><v031:Wert>1</v031:Wert></v027:Unternummer></v026:Zuggattung><!--Optional:--><v026:ZugartFV> 	<v031:Wert>G</v031:Wert></v026:ZugartFV><!--Optional:--><v026:TfzLeerFahrt> 	<v031:Wert>false</v031:Wert></v026:TfzLeerFahrt><v026:Wagenzug><v026:Laenge>550</v026:Laenge><v026:Last>1380</v026:Last><v026:Hoechstgeschwindigkeit>100</v026:Hoechstgeschwindigkeit><!--Optional:--><v026:KVProfil><v026:KVProfil-C2>045</v026:KVProfil-C2><v026:KVProfil-C3>364</v026:KVProfil-C3><v026:KVProfil-P2>045</v026:KVProfil-P2><v026:KVProfil-P3>364</v026:KVProfil-P3></v026:KVProfil></v026:Wagenzug><!--Optional:--><v026:ZugsicherungsAusruestungVorhanden><v029:HatLZB>false</v029:HatLZB></v026:ZugsicherungsAusruestungVorhanden><v026:RegelBespannung>
<v026:StellungTfzRegelbespannung>
<v031:Wert>Z</v031:Wert>
</v026:StellungTfzRegelbespannung>
<!--1 or more repetitions:-->

<v026:TriebfahrzeugDerBespannung>
<v026:TriebfahrzeugbaureihenUndVariante>
<v023:Baureihennummer>66</v023:Baureihennummer>
<v023:Variantennummer>1</v023:Variantennummer>
<v023:Variantenschluessel><v023:NE-Nummer>
  <v031:Wert>999</v031:Wert>
</v023:NE-Nummer>
</v023:Variantenschluessel></v026:TriebfahrzeugbaureihenUndVariante>
</v026:TriebfahrzeugDerBespannung>
</v026:RegelBespannung>
</v025:ZugcharakteristikGueltigAb></v02:FahrlagenLaufpunktDaten><!--Optional:--><v02:Zugverhalten><!--You have a CHOICE of the next 2 items at this level--><v02:ZugverhaltenZugHalt><!--Optional:--><v02:MindestHaltedauer>60</v02:MindestHaltedauer><!--Optional:--><v02:Halteart>	<v0211:Halteart>		<v031:Wert>H</v031:Wert>	</v0211:Halteart></v02:Halteart><v02:ZugAnkunft></v02:ZugAnkunft><v02:ZugAbfahrt></v02:ZugAbfahrt></v02:ZugverhaltenZugHalt></v02:Zugverhalten></v02:FahrlagenLaufpunkt><!--Zero or more repetitions:--><v02:FahrlagenLaufpunkt><v02:FahrlagenLaufpunkttID>6</v02:FahrlagenLaufpunkttID><v02:LaufpunktDaten><v012:InfrastrukturPunkt><!--You have a CHOICE of the next 2 items at this level--><!--Optional:--><v013:GeometriePunkt><!--Optional:--><v013:ZugehoerigeBetriebsstelle><v014:BetriebsstellenFachSchluessel><!--You have a CHOICE of the next 3 items at this level--><!--Optional:--><v014:RIL100>XBM</v014:RIL100></v014:BetriebsstellenFachSchluessel></v013:ZugehoerigeBetriebsstelle></v013:GeometriePunkt></v012:InfrastrukturPunkt></v02:LaufpunktDaten><v02:FahrlagenLaufpunktDaten><v025:FahrtrichtungsWechsel><v025:FahrtrichtungsWechselErlaubt>true</v025:FahrtrichtungsWechselErlaubt></v025:FahrtrichtungsWechsel></v02:FahrlagenLaufpunktDaten><!--Optional:--><v02:Zugverhalten><!--You have a CHOICE of the next 2 items at this level--><!--Optional:--><v02:ZugverhaltenZugHalt><!--Optional:--><v02:MindestHaltedauer>60</v02:MindestHaltedauer><!--Optional:--><v02:Halteart>	<v0211:Halteart>		<v031:Wert>H</v031:Wert>	</v0211:Halteart></v02:Halteart><v02:ZugAnkunft></v02:ZugAnkunft><v02:ZugAbfahrt></v02:ZugAbfahrt></v02:ZugverhaltenZugHalt></v02:Zugverhalten></v02:FahrlagenLaufpunkt><v02:IstBestellungImNetzfahrplan>true</v02:IstBestellungImNetzfahrplan>   
         </v02:Fahrlage>
    <v01:Relaxierung>true</v01:Relaxierung>
    <v01:Suchparameter>
<v01:E-TraktionVerboten>false</v01:E-TraktionVerboten>
<v01:Zuglaenge>false</v01:Zuglaenge>
<v01:Totalsperrung>false</v01:Totalsperrung>
<v01:Zuggattungszusaetze>false</v01:Zuggattungszusaetze>
<v01:Grenzlast>false</v01:Grenzlast>
<v01:AusschlussVerkehrsart>false</v01:AusschlussVerkehrsart>
<v01:Streckenoeffnungszeiten>false</v01:Streckenoeffnungszeiten>
<v01:NotbremsUeberbrueckung>false</v01:NotbremsUeberbrueckung>
<v01:RichtungswechselhaekchenFehlt>false</v01:RichtungswechselhaekchenFehlt>
<v01:Bahnsteiglaengen>false</v01:Bahnsteiglaengen>
<v01:StreckenKlasse>false</v01:StreckenKlasse>
<v01:E-TraktionErforderlich>false</v01:E-TraktionErforderlich>
<v01:UeberlasteterSchienenwegVorgaben>false</v01:UeberlasteterSchienenwegVorgaben>
<v01:Zughakengrenzlast>false</v01:Zughakengrenzlast>
<v01:Halteplatzlaenge>false</v01:Halteplatzlaenge>
<v01:EingleisigeSperrung>false</v01:EingleisigeSperrung>
<v01:KesselwagenVerboten>false</v01:KesselwagenVerboten>
<v01:KombinierterVerkehr>false</v01:KombinierterVerkehr>
<v01:Steilstrecken>false</v01:Steilstrecken>
<v01:ETCS>false</v01:ETCS>
</v01:Suchparameter>
</v01:SucheRoute>
   </soapenv:Body>
</soapenv:Envelope>