DS100;Fahrwegname;Kosten;Restkosten;Prioritaet;Halteplatzlaenge;Streckenklasse(G|Bis|Ab);KV Profil(G|Bis|Ab);Laenge(m);Fahrzeitrelevante VEs;Routingrelevante VEs;Einfahrt Grenzlast;Ausfahrt Grenzlast;Wagenzugmasse(t) Einfahrt;Wagenzugmasse(t) Ausfahrt

Path Cost;0
Path Hops;0
Path Length (m);0
Total Priority;0
Average Priority;0
Configuration;Alpha=10|Beta=1800|Gamma=500|Rho=10|Timeout=20000
Expanded Nodes;744
Visited Stations;R761B, RNO, RF, RZ, R240F, RQBA, R430F, RLR, RHAG, REMM, R160F, RWEI, RORW, R289F, RFZ, RXNB, R506F, RFN, RLS, REBR, R157O, RSG, RSG N, R429F, RLST, RKOE, RWPF, RW, RFLT, R2002, RLSW, R290F, R257O, RRID, RBEL, RHE, RFGS, R 30F, RFMU, RSCW, R431F, RRW, RTMU, RBGG, R434F, RMLG, RWGA, R315F, R255F, R154O, R163F, RFK, RSAL, RQW, REF, R354O, R435F, RSTN, RNBG, RHSN, RDZ, RHZ, RFHE, RXBR, R 81F, RFWI, RKLR, RRL, RKEU, R256O, RFG, RB, R239F, RBA C, RBKR, RO  S, RHL, RFH, R2001, RRIE, R357O, R432F, RBRM, RBA A, RKES, R260F, R505F, RSCH, RLRS, RML, RLR G, R 25F, RLRD, RBA G, RLRW, REI, RGDN, R312F, RXBA, RNS, RAUG, RQRI, RFSG, RKN, RXBH, RIT, RRI
Dead ends;RFLT:RKZ(GL), RO  S:RO(HP)
DB version;SKAT_RDS_DEV_DB_2013_R2_16
Elapsed Time (s);0.041139
